dataset_id,seed,budget_id,target_rate,client_id,false_alert_events_per_hour,attacked_stream_events_per_hour,attack_event_recall,attack_event_miss_rate,mean_time_to_detect,median_time_to_detect,percentile_90_time_to_detect,alarm_duty_fraction
gotham,0,false_positive_0p001,0.001,02:42:3a:fa:55:00,0.022633386184590064,0.45643995472256627,1.0,0.0,0.0,0.0,0.0,0.0008054103215666943
gotham,0,false_positive_0p001,0.001,02:42:51:3c:2f:00,0.0,0.03027690853398887,1.0,0.0,337.97203397750854,337.97203397750854,337.97203397750854,0.0
gotham,0,false_positive_0p001,0.001,02:42:51:78:60:00,0.0,0.06790100244283372,1.0,0.0,0.0,0.0,0.0,0.0
gotham,0,false_positive_0p001,0.001,02:42:52:d7:fa:00,0.0,0.04904034700790266,1.0,0.0,0.0,0.0,0.0,0.0
gotham,0,false_positive_0p001,0.001,02:42:78:54:1c:00,0.0,0.01009241011453387,1.0,0.0,341.53757095336914,341.53757095336914,341.53757095336914,0.0
gotham,0,false_positive_0p001,0.001,02:42:8d:87:6d:00,0.0,0.04037058000817888,1.0,0.0,372.93162298202515,372.93162298202515,372.93162298202515,0.0
gotham,0,false_positive_0p001,0.001,02:42:a9:11:53:00,0.7466882312786812,0.807230520301277,1.0,0.0,0.0,0.0,0.0,9.784386998475163e-6
gotham,0,false_positive_0p001,0.001,02:42:c0:ac:38:00,1.959333685207001,1.969433343378171,1.0,0.0,0.0,0.0,0.0,9.817131147623307e-6
gotham,0,false_positive_0p001,0.001,02:42:c1:b7:72:00,0.0,0.02018679049481543,1.0,0.0,397.3609459400177,397.3609459400177,397.3609459400177,0.0
gotham,0,false_positive_0p001,0.001,02:42:c2:7a:05:00,0.0,0.05045999719423911,1.0,0.0,337.84441018104553,337.84441018104553,337.84441018104553,0.0
gotham,0,false_positive_0p001,0.001,02:42:cc:db:31:00,0.0,0.09057185958285921,1.0,0.0,0.0,0.0,0.0,0.0
gotham,0,false_positive_0p001,0.001,02:42:da:1c:50:00,0.0,0.08000003003744213,1.0,0.0,0.0,0.0,0.0,0.0
gotham,0,false_positive_0p001,0.001,02:42:e8:56:10:00,0.0,0.020184620125068418,1.0,0.0,348.7794919013977,348.7794919013977,348.7794919013977,0.0
gotham,0,false_positive_0p001,0.001,02:42:eb:2e:72:00,0.0,0.010092108271219322,1.0,0.0,360.9315028190613,360.9315028190613,360.9315028190613,0.0
gotham,0,false_positive_0p001,0.001,02:42:f7:f5:f7:00,0.015088812937947149,0.07167186145524895,1.0,0.0,0.0,0.0,0.0,4.519733640685382e-6
gotham,0,false_positive_0p001,0.001,0c:03:36:87:00:00,0.0,0.07202176632876384,1.0,0.0,0.0,0.0,0.0,0.0
gotham,0,false_positive_0p001,0.001,0c:6e:9c:16:00:00,0.0,0.10939481280890005,1.0,0.0,0.0,0.0,0.0,0.0
gotham,0,false_positive_0p001,0.001,0c:bc:fa:c1:00:00,0.041494663398093365,0.46775802376032516,1.0,0.0,0.0,0.0,0.0,6.112367241714143e-6
gotham,0,false_positive_0p001,0.001,0c:c5:dc:e9:00:00,5.182625324172099,5.182625324172099,0.0,1.0,0.0,0.0,0.0,0.0006374897971349196
gotham,0,false_positive_0p0025,0.0025,02:42:08:99:2d:00,0.0,0.020201063460795195,1.0,0.0,0.0,0.0,0.0,0.0
gotham,0,false_positive_0p0025,0.0025,02:42:20:eb:85:00,0.0,0.030273489000429102,1.0,0.0,0.0,0.0,0.0,0.0
gotham,0,false_positive_0p0025,0.0025,02:42:2a:62:80:00,0.0,0.03030423915118545,1.0,0.0,0.0,0.0,0.0,0.0
gotham,0,false_positive_0p0025,0.0025,02:42:2b:40:e0:00,0.0,0.02019988328924068,1.0,0.0,0.0,0.0,0.0,0.0
gotham,0,false_positive_0p0025,0.0025,02:42:2e:ae:e1:00,0.0,0.10996219993806314,1.0,0.0,0.0,0.0,0.0,0.0
gotham,0,false_positive_0p0025,0.0025,02:42:32:85:24:00,0.0,0.06060891977135001,1.0,0.0,0.0,0.0,0.0,0.0
gotham,0,false_positive_0p0025,0.0025,02:42:34:89:3a:00,0.0,0.01009105833192443,1.0,0.0,0.0,0.0,0.0,0.0
gotham,0,false_positive_0p0025,0.0025,02:42:3a:fa:55:00,0.007544462061530021,0.44889549266103623,1.0,0.0,0.0,0.0,0.0,0.0024393389579321625
gotham,0,false_positive_0p0025,0.0025,02:42:51:3c:2f:00,0.0,0.03027690853398887,1.0,0.0,337.97203397750854,337.97203397750854,337.97203397750854,0.0
gotham,0,false_positive_0p0025,0.0025,02:42:51:78:60:00,0.0,0.06790100244283372,1.0,0.0,0.0,0.0,0.0,0.0
gotham,0,false_positive_0p0025,0.0025,02:42:52:d7:fa:00,0.0,0.04904034700790266,1.0,0.0,0.0,0.0,0.0,0.0
gotham,0,false_positive_0p0025,0.0025,02:42:78:54:1c:00,0.0,0.01009241011453387,1.0,0.0,341.53757095336914,341.53757095336914,341.53757095336914,0.0
gotham,0,false_positive_0p0025,0.0025,02:42:82:75:d1:00,0.0,0.03033048061502582,1.0,0.0,0.0,0.0,0.0,0.0
gotham,0,false_positive_0p0025,0.0025,02:42:8d:87:6d:00,0.0,0.04037058000817888,1.0,0.0,372.93162298202515,372.93162298202515,372.93162298202515,0.0
gotham,0,false_positive_0p0025,0.0025,02:42:8e:5a:86:00,0.4722763480760347,0.4722763480760347,0.0,1.0,0.0,0.0,0.0,0.00053308363865189
gotham,0,false_positive_0p0025,0.0025,02:42:a9:11:53:00,2.14925126030215,2.2097935493247456,1.0,0.0,0.0,0.0,0.0,0.00005191633207680161
gotham,0,false_positive_0p0025,0.0025,02:42:bd:f8:c5:00,0.0,0.03027359470004522,1.0,0.0,0.0,0.0,0.0,0.0
gotham,0,false_positive_0p0025,0.0025,02:42:c0:ac:38:00,2.161326848630403,2.171426506801573,1.0,0.0,0.0,0.0,0.0,0.00006839736513705524
gotham,0,false_positive_0p0025,0.0025,02:42:c1:b7:72:00,0.0,0.02018679049481543,1.0,0.0,397.3609459400177,397.3609459400177,397.3609459400177,0.0
gotham,0,false_positive_0p0025,0.0025,02:42:c2:7a:05:00,0.0,0.05045999719423911,1.0,0.0,337.84441018104553,337.84441018104553,337.84441018104553,0.0
gotham,0,false_positive_0p0025,0.0025,02:42:c3:13:3c:00,0.0,0.02019978837296154,1.0,0.0,0.0,0.0,0.0,0.0
gotham,0,false_positive_0p0025,0.0025,02:42:c5:c1:72:00,0.0,0.040400843911856194,1.0,0.0,0.0,0.0,0.0,0.0
gotham,0,false_positive_0p0025,0.0025,02:42:cc:db:31:00,0.0,0.09057185958285921,1.0,0.0,0.0,0.0,0.0,0.0
gotham,0,false_positive_0p0025,0.0025,02:42:cd:90:eb:00,0.0,0.040400834754454246,1.0,0.0,0.0,0.0,0.0,0.0
gotham,0,false_positive_0p0025,0.0025,02:42:da:1c:50:00,0.0,0.08000003003744213,1.0,0.0,0.0,0.0,0.0,0.0
gotham,0,false_positive_0p0025,0.0025,02:42:de:51:81:00,0.0,0.010090975369746617,1.0,0.0,0.0,0.0,0.0,0.0
gotham,0,false_positive_0p0025,0.0025,02:42:e8:56:10:00,0.0,0.020184620125068418,1.0,0.0,348.7794919013977,348.7794919013977,348.7794919013977,0.0
gotham,0,false_positive_0p0025,0.0025,02:42:e9:4b:52:00,0.0,0.02019964467943793,1.0,0.0,0.0,0.0,0.0,0.0
gotham,0,false_positive_0p0025,0.0025,02:42:eb:2e:72:00,0.0,0.010092108271219322,1.0,0.0,360.9315028190613,360.9315028190613,360.9315028190613,0.0
gotham,0,false_positive_0p0025,0.0025,02:42:f7:f5:f7:00,0.015088812937947149,0.07167186145524895,1.0,0.0,0.0,0.0,0.0,4.519733640685382e-6
gotham,0,false_positive_0p0025,0.0025,0c:03:36:87:00:00,0.0,0.07202176632876384,1.0,0.0,0.0,0.0,0.0,0.0
gotham,0,false_positive_0p0025,0.0025,0c:6e:9c:16:00:00,0.0,0.10939481280890005,1.0,0.0,0.0,0.0,0.0,0.0
gotham,0,false_positive_0p0025,0.0025,0c:bc:fa:c1:00:00,0.04526690552519276,0.49416371865002096,1.0,0.0,0.0,0.0,0.0,6.67077362805744e-6
gotham,0,false_positive_0p0025,0.0025,0c:c5:dc:e9:00:00,27.326569891089246,27.326569891089246,0.0,1.0,0.0,0.0,0.0,0.0006934167345291802
gotham,0,false_positive_0p005,0.005,02:42:08:99:2d:00,0.0,0.020201063460795195,1.0,0.0,0.0,0.0,0.0,0.0
gotham,0,false_positive_0p005,0.005,02:42:20:eb:85:00,0.0,0.030273489000429102,1.0,0.0,0.0,0.0,0.0,0.0
gotham,0,false_positive_0p005,0.005,02:42:2a:62:80:00,0.0,0.03030423915118545,1.0,0.0,0.0,0.0,0.0,0.0
gotham,0,false_positive_0p005,0.005,02:42:2b:40:e0:00,0.0,0.02019988328924068,1.0,0.0,0.0,0.0,0.0,0.0
gotham,0,false_positive_0p005,0.005,02:42:2e:ae:e1:00,0.0,0.10996219993806314,1.0,0.0,0.0,0.0,0.0,0.0
gotham,0,false_positive_0p005,0.005,02:42:32:85:24:00,0.0,0.06060891977135001,1.0,0.0,0.0,0.0,0.0,0.0
gotham,0,false_positive_0p005,0.005,02:42:34:89:3a:00,0.0,0.01009105833192443,1.0,0.0,0.0,0.0,0.0,0.0
gotham,0,false_positive_0p005,0.005,02:42:3a:fa:55:00,0.007544462061530021,0.44889549266103623,1.0,0.0,0.0,0.0,0.0,0.002439629730861368
gotham,0,false_positive_0p005,0.005,02:42:51:3c:2f:00,0.0,0.03027690853398887,1.0,0.0,337.97203397750854,337.97203397750854,337.97203397750854,0.0
gotham,0,false_positive_0p005,0.005,02:42:51:78:60:00,0.0,0.06790100244283372,1.0,0.0,0.0,0.0,0.0,0.0
gotham,0,false_positive_0p005,0.005,02:42:52:d7:fa:00,0.0,0.04904034700790266,1.0,0.0,0.0,0.0,0.0,0.0
gotham,0,false_positive_0p005,0.005,02:42:56:ac:61:00,0.9454419926928986,0.9454419926928986,0.0,1.0,0.0,0.0,0.0,0.00035064934677296556
gotham,0,false_positive_0p005,0.005,02:42:63:6b:70:00,0.47219943382854407,0.47219943382854407,0.0,1.0,0.0,0.0,0.0,0.0006392546646235478
gotham,0,false_positive_0p005,0.005,02:42:78:54:1c:00,0.0,0.01009241011453387,1.0,0.0,341.53757095336914,341.53757095336914,341.53757095336914,0.0
gotham,0,false_positive_0p005,0.005,02:42:82:75:d1:00,0.0,0.03033048061502582,1.0,0.0,0.0,0.0,0.0,0.0
gotham,0,false_positive_0p005,0.005,02:42:8d:87:6d:00,0.0,0.04037058000817888,1.0,0.0,372.93162298202515,372.93162298202515,372.93162298202515,0.0
gotham,0,false_positive_0p005,0.005,02:42:8e:5a:86:00,0.4722763480760347,0.4722763480760347,0.0,1.0,0.0,0.0,0.0,0.00053308363865189
gotham,0,false_positive_0p005,0.005,02:42:a9:11:53:00,0.010090381503765962,0.07063267052636174,1.0,0.0,0.0,0.0,0.0,0.021317607990232402
gotham,0,false_positive_0p005,0.005,02:42:bd:f8:c5:00,0.0,0.03027359470004522,1.0,0.0,0.0,0.0,0.0,0.0
gotham,0,false_positive_0p005,0.005,02:42:c0:ac:38:00,0.010099658171170109,0.020199316342340217,1.0,0.0,0.0,0.0,0.0,0.021324423817499542
gotham,0,false_positive_0p005,0.005,02:42:c1:b7:72:00,0.0,0.02018679049481543,1.0,0.0,397.3609459400177,397.3609459400177,397.3609459400177,0.0
gotham,0,false_positive_0p005,0.005,02:42:c2:7a:05:00,0.0,0.05045999719423911,1.0,0.0,337.84441018104553,337.84441018104553,337.84441018104553,0.0
gotham,0,false_positive_0p005,0.005,02:42:c3:13:3c:00,0.0,0.02019978837296154,1.0,0.0,0.0,0.0,0.0,0.0
gotham,0,false_positive_0p005,0.005,02:42:c5:c1:72:00,0.0,0.040400843911856194,1.0,0.0,0.0,0.0,0.0,0.0
gotham,0,false_positive_0p005,0.005,02:42:cc:db:31:00,0.0,0.09057185958285921,1.0,0.0,0.0,0.0,0.0,0.0
gotham,0,false_positive_0p005,0.005,02:42:cd:90:eb:00,0.0,0.040400834754454246,1.0,0.0,0.0,0.0,0.0,0.0
gotham,0,false_positive_0p005,0.005,02:42:da:1c:50:00,0.0,0.08000003003744213,1.0,0.0,0.0,0.0,0.0,0.0
gotham,0,false_positive_0p005,0.005,02:42:de:51:81:00,0.0,0.010090975369746617,1.0,0.0,0.0,0.0,0.0,0.0
gotham,0,false_positive_0p005,0.005,02:42:e8:56:10:00,0.0,0.020184620125068418,1.0,0.0,348.7794919013977,348.7794919013977,348.7794919013977,0.0
gotham,0,false_positive_0p005,0.005,02:42:e9:4b:52:00,0.0,0.02019964467943793,1.0,0.0,0.0,0.0,0.0,0.0
gotham,0,false_positive_0p005,0.005,02:42:eb:2e:72:00,0.0,0.010092108271219322,1.0,0.0,360.9315028190613,360.9315028190613,360.9315028190613,0.0
gotham,0,false_positive_0p005,0.005,02:42:f7:f5:f7:00,0.015088812937947149,0.07167186145524895,1.0,0.0,0.0,0.0,0.0,4.519733640685382e-6
gotham,0,false_positive_0p005,0.005,0c:03:36:87:00:00,0.0037906192804612548,0.0758123856092251,1.0,0.0,0.0,0.0,0.0,4.173054008627899e-6
gotham,0,false_positive_0p005,0.005,0c:6e:9c:16:00:00,0.0,0.10939481280890005,1.0,0.0,0.0,0.0,0.0,0.0
gotham,0,false_positive_0p005,0.005,0c:bc:fa:c1:00:00,0.4715302658874246,1.1165836696214213,1.0,0.0,0.0,0.0,0.0,8.564327779037153e-6
gotham,0,false_positive_0p005,0.005,0c:c5:dc:e9:00:00,62.6626516468081,62.6626516468081,0.0,1.0,0.0,0.0,0.0,0.0010098183398292444
gotham,0,false_positive_0p010,0.01,02:42:08:99:2d:00,0.0,0.020201063460795195,1.0,0.0,0.0,0.0,0.0,0.0
gotham,0,false_positive_0p010,0.01,02:42:20:eb:85:00,0.0,0.030273489000429102,1.0,0.0,0.0,0.0,0.0,0.0
gotham,0,false_positive_0p010,0.01,02:42:2a:62:80:00,0.0,0.03030423915118545,1.0,0.0,0.0,0.0,0.0,0.0
gotham,0,false_positive_0p010,0.01,02:42:2b:40:e0:00,0.0,0.02019988328924068,1.0,0.0,0.0,0.0,0.0,0.0
gotham,0,false_positive_0p010,0.01,02:42:2c:ff:d9:00,0.0,0.030302178269802867,1.0,0.0,0.0,0.0,0.0,0.0
gotham,0,false_positive_0p010,0.01,02:42:2e:ae:e1:00,0.003791799997864246,0.10617039994019889,1.0,0.0,0.0,0.0,0.0,4.661339727968366e-6
gotham,0,false_positive_0p010,0.01,02:42:32:85:24:00,0.0,0.06060891977135001,1.0,0.0,0.0,0.0,0.0,0.0
gotham,0,false_positive_0p010,0.01,02:42:34:89:3a:00,0.0,0.01009105833192443,1.0,0.0,0.0,0.0,0.0,0.0
gotham,0,false_positive_0p010,0.01,02:42:37:ed:4f:00,0.0,0.050501567735698284,1.0,0.0,0.0,0.0,0.0,0.0
gotham,0,false_positive_0p010,0.01,02:42:39:ca:09:00,0.0,0.0201579362773077,1.0,0.0,0.0,0.0,0.0,0.0
gotham,0,false_positive_0p010,0.01,02:42:3a:fa:55:00,0.007544462061530021,0.44889549266103623,1.0,0.0,0.0,0.0,0.0,0.002439629730861368
gotham,0,false_positive_0p010,0.01,02:42:48:92:a3:00,1.88944041091055,1.88944041091055,0.0,1.0,0.0,0.0,0.0,0.00034757051015373816
gotham,0,false_positive_0p010,0.01,02:42:51:3c:2f:00,0.0,0.03027690853398887,1.0,0.0,337.97203397750854,337.97203397750854,337.97203397750854,0.0
gotham,0,false_positive_0p010,0.01,02:42:51:78:60:00,0.0,0.07544555826981525,1.0,0.0,0.0,0.0,0.0,0.0
gotham,0,false_positive_0p010,0.01,02:42:52:d7:fa:00,0.0,0.04904034700790266,1.0,0.0,0.0,0.0,0.0,0.0
gotham,0,false_positive_0p010,0.01,02:42:56:ac:61:00,1.8908839853857973,1.8908839853857973,0.0,1.0,0.0,0.0,0.0,0.00047378018042220835
gotham,0,false_positive_0p010,0.01,02:42:57:79:b7:00,0.0,0.03030211519649032,1.0,0.0,0.0,0.0,0.0,0.0
gotham,0,false_positive_0p010,0.01,02:42:63:6b:70:00,1.416598301485632,1.416598301485632,0.0,1.0,0.0,0.0,0.0,0.0005513477938414373
gotham,0,false_positive_0p010,0.01,02:42:78:54:1c:00,0.0,0.01009241011453387,1.0,0.0,341.53757095336914,341.53757095336914,341.53757095336914,0.0
gotham,0,false_positive_0p010,0.01,02:42:82:75:d1:00,0.0,0.03033048061502582,1.0,0.0,0.0,0.0,0.0,0.0
gotham,0,false_positive_0p010,0.01,02:42:8d:87:6d:00,0.0,0.04037058000817888,1.0,0.0,372.93162298202515,372.93162298202515,372.93162298202515,0.0
gotham,0,false_positive_0p010,0.01,02:42:8e:5a:86:00,1.416829044228104,1.416829044228104,0.0,1.0,0.0,0.0,0.0,0.0004980709316877263
gotham,0,false_positive_0p010,0.01,02:42:a9:11:53:00,0.010090381503765962,0.07063267052636174,1.0,0.0,0.0,0.0,0.0,0.02132359611313465
gotham,0,false_positive_0p010,0.01,02:42:ae:88:72:00,0.0,0.04040034390543522,1.0,0.0,0.0,0.0,0.0,0.0
gotham,0,false_positive_0p010,0.01,02:42:bd:f8:c5:00,0.0,0.03027359470004522,1.0,0.0,0.0,0.0,0.0,0.0
gotham,0,false_positive_0p010,0.01,02:42:c0:ac:38:00,0.010099658171170109,0.020199316342340217,1.0,0.0,0.0,0.0,0.0,0.021324423817499542
gotham,0,false_positive_0p010,0.01,02:42:c1:b7:72:00,0.0,0.02018679049481543,1.0,0.0,397.3609459400177,397.3609459400177,397.3609459400177,0.0
gotham,0,false_positive_0p010,0.01,02:42:c2:7a:05:00,0.0,0.05045999719423911,1.0,0.0,337.84441018104553,337.84441018104553,337.84441018104553,0.0
gotham,0,false_positive_0p010,0.01,02:42:c3:13:3c:00,0.0,0.02019978837296154,1.0,0.0,0.0,0.0,0.0,0.0
gotham,0,false_positive_0p010,0.01,02:42:c5:6f:4c:00,0.0,0.010100451407491592,1.0,0.0,0.0,0.0,0.0,0.0
gotham,0,false_positive_0p010,0.01,02:42:c5:c1:72:00,0.0,0.040400843911856194,1.0,0.0,0.0,0.0,0.0,0.0
gotham,0,false_positive_0p010,0.01,02:42:cb:b5:ff:00,0.0,0.09078997108702894,1.0,0.0,0.0,0.0,0.0,0.0
gotham,0,false_positive_0p010,0.01,02:42:cc:db:31:00,0.0,0.09057185958285921,1.0,0.0,0.0,0.0,0.0,0.0
gotham,0,false_positive_0p010,0.01,02:42:cd:90:eb:00,0.0,0.040400834754454246,1.0,0.0,0.0,0.0,0.0,0.0
gotham,0,false_positive_0p010,0.01,02:42:d0:94:31:00,0.472227726621155,0.472227726621155,0.0,1.0,0.0,0.0,0.0,0.0004917266498350965
gotham,0,false_positive_0p010,0.01,02:42:da:1c:50:00,0.0,0.08000003003744213,1.0,0.0,0.0,0.0,0.0,0.0
gotham,0,false_positive_0p010,0.01,02:42:de:51:81:00,0.0,0.010090975369746617,1.0,0.0,0.0,0.0,0.0,0.0
gotham,0,false_positive_0p010,0.01,02:42:e8:56:10:00,0.0,0.020184620125068418,1.0,0.0,348.7794919013977,348.7794919013977,348.7794919013977,0.0
gotham,0,false_positive_0p010,0.01,02:42:e9:4b:52:00,0.0,0.02019964467943793,1.0,0.0,0.0,0.0,0.0,0.0
gotham,0,false_positive_0p010,0.01,02:42:eb:2e:72:00,0.0,0.010092108271219322,1.0,0.0,360.9315028190613,360.9315028190613,360.9315028190613,0.0
gotham,0,false_positive_0p010,0.01,02:42:f7:8a:5d:00,0.0,0.03024553579957143,1.0,0.0,0.0,0.0,0.0,0.0
gotham,0,false_positive_0p010,0.01,02:42:f7:f5:f7:00,0.015088812937947149,0.07167186145524895,1.0,0.0,0.0,0.0,0.0,4.519733640685382e-6
gotham,0,false_positive_0p010,0.01,0c:03:36:87:00:00,0.0037906192804612548,0.0758123856092251,1.0,0.0,0.0,0.0,0.0,4.173054008627899e-6
gotham,0,false_positive_0p010,0.01,0c:6e:9c:16:00:00,0.0,0.10939481280890005,1.0,0.0,0.0,0.0,0.0,0.0
gotham,0,false_positive_0p010,0.01,0c:bc:fa:c1:00:00,1.380640618518379,1.806903978880611,1.0,0.0,0.0,0.0,0.0,0.000012188763014678591
gotham,0,false_positive_0p010,0.01,0c:c5:dc:e9:00:00,66.90298145749436,66.90298145749436,0.0,1.0,0.0,0.0,0.0,0.003618778534585739
gotham,0,false_positive_0p020,0.02,02:42:08:99:2d:00,0.0,0.020201063460795195,1.0,0.0,0.0,0.0,0.0,0.0
gotham,0,false_positive_0p020,0.02,02:42:0b:0b:d7:00,0.9431769588034294,0.9431769588034294,0.0,1.0,0.0,0.0,0.0,0.000528215849956438
gotham,0,false_positive_0p020,0.02,02:42:20:eb:85:00,0.0,0.030273489000429102,1.0,0.0,0.0,0.0,0.0,0.0
gotham,0,false_positive_0p020,0.02,02:42:2a:62:80:00,0.0,0.03030423915118545,1.0,0.0,0.0,0.0,0.0,0.0
gotham,0,false_positive_0p020,0.02,02:42:2b:40:e0:00,0.0,0.02019988328924068,1.0,0.0,0.0,0.0,0.0,0.0
gotham,0,false_positive_0p020,0.02,02:42:2c:ff:d9:00,0.0,0.030302178269802867,1.0,0.0,0.0,0.0,0.0,0.0
gotham,0,false_positive_0p020,0.02,02:42:2e:ae:e1:00,0.007583599995728492,0.10617039994019889,1.0,0.0,0.0,0.0,0.0,4.96359636084803e-6
gotham,0,false_positive_0p020,0.02,02:42:32:85:24:00,0.0,0.06060891977135001,1.0,0.0,0.0,0.0,0.0,0.0
gotham,0,false_positive_0p020,0.02,02:42:34:89:3a:00,0.0,0.01009105833192443,1.0,0.0,0.0,0.0,0.0,0.0
gotham,0,false_positive_0p020,0.02,02:42:37:46:7f:00,0.0,0.010099650758740718,1.0,0.0,0.0,0.0,0.0,0.0
gotham,0,false_positive_0p020,0.02,02:42:37:ed:4f:00,0.0,0.050501567735698284,1.0,0.0,0.0,0.0,0.0,0.0
gotham,0,false_positive_0p020,0.02,02:42:39:ca:09:00,0.0,0.0201579362773077,1.0,0.0,0.0,0.0,0.0,0.0
gotham,0,false_positive_0p020,0.02,02:42:3a:fa:55:00,0.007544462061530021,0.44889549266103623,1.0,0.0,0.0,0.0,0.0,0.002439629730861368
gotham,0,false_positive_0p020,0.02,02:42:48:92:a3:00,5.1959611300040125,5.1959611300040125,0.0,1.0,0.0,0.0,0.0,0.00041953836079314347
gotham,0,false_positive_0p020,0.02,02:42:51:3c:2f:00,0.0,0.03027690853398887,1.0,0.0,337.97203397750854,337.97203397750854,337.97203397750854,0.0
gotham,0,false_positive_0p020,0.02,02:42:51:78:60:00,0.0,0.07544555826981525,1.0,0.0,0.0,0.0,0.0,0.0
gotham,0,false_positive_0p020,0.02,02:42:52:d7:fa:00,0.0,0.04904034700790266,1.0,0.0,0.0,0.0,0.0,0.0
gotham,0,false_positive_0p020,0.02,02:42:56:ac:61:00,4.727209963464493,4.727209963464493,0.0,1.0,0.0,0.0,0.0,0.0004644527165681749
gotham,0,false_positive_0p020,0.02,02:42:57:79:b7:00,0.0,0.03030211519649032,1.0,0.0,0.0,0.0,0.0,0.0
gotham,0,false_positive_0p020,0.02,02:42:61:b7:bc:00,0.47160590549370973,0.47160590549370973,0.0,1.0,0.0,0.0,0.0,0.0004536818635556316
gotham,0,false_positive_0p020,0.02,02:42:63:6b:70:00,7.082991507428161,7.082991507428161,0.0,1.0,0.0,0.0,0.0,0.000454187843438446
gotham,0,false_positive_0p020,0.02,02:42:75:96:a3:00,0.9432514872419117,0.9432514872419117,0.0,1.0,0.0,0.0,0.0,0.0003394061021771074
gotham,0,false_positive_0p020,0.02,02:42:78:54:1c:00,0.0,0.01009241011453387,1.0,0.0,341.53757095336914,341.53757095336914,341.53757095336914,0.0
gotham,0,false_positive_0p020,0.02,02:42:7a:77:08:00,0.943273392147605,0.943273392147605,0.0,1.0,0.0,0.0,0.0,0.00042498840957426226
gotham,0,false_positive_0p020,0.02,02:42:82:75:d1:00,0.0,0.03033048061502582,1.0,0.0,0.0,0.0,0.0,0.0
gotham,0,false_positive_0p020,0.02,02:42:8d:87:6d:00,0.0,0.04037058000817888,1.0,0.0,372.93162298202515,372.93162298202515,372.93162298202515,0.0
gotham,0,false_positive_0p020,0.02,02:42:8e:5a:86:00,4.722763480760347,4.722763480760347,0.0,1.0,0.0,0.0,0.0,0.0004904834986769979
gotham,0,false_positive_0p020,0.02,02:42:90:66:25:00,1.4149141807428063,1.4149141807428063,0.0,1.0,0.0,0.0,0.0,0.0005395550260311424
gotham,0,false_positive_0p020,0.02,02:42:98:66:68:00,0.9432467179828534,0.9432467179828534,0.0,1.0,0.0,0.0,0.0,0.0003943990259603304
gotham,0,false_positive_0p020,0.02,02:42:a9:11:53:00,0.010090381503765962,0.07063267052636174,1.0,0.0,0.0,0.0,0.0,0.02132359611313465
gotham,0,false_positive_0p020,0.02,02:42:ae:88:72:00,0.0,0.04040034390543522,1.0,0.0,0.0,0.0,0.0,0.0
gotham,0,false_positive_0p020,0.02,02:42:bd:f8:c5:00,0.0,0.03027359470004522,1.0,0.0,0.0,0.0,0.0,0.0
gotham,0,false_positive_0p020,0.02,02:42:c0:ac:38:00,0.010099658171170109,0.020199316342340217,1.0,0.0,0.0,0.0,0.0,0.021327110948953308
gotham,0,false_positive_0p020,0.02,02:42:c1:b7:72:00,0.0,0.02018679049481543,1.0,0.0,397.3609459400177,397.3609459400177,397.3609459400177,0.0
gotham,0,false_positive_0p020,0.02,02:42:c2:48:f9:00,0.47159946927451907,0.47159946927451907,0.0,1.0,0.0,0.0,0.0,0.00044821349271809976
gotham,0,false_positive_0p020,0.02,02:42:c2:7a:05:00,0.0,0.05045999719423911,1.0,0.0,337.84441018104553,337.84441018104553,337.84441018104553,0.0
gotham,0,false_positive_0p020,0.02,02:42:c3:13:3c:00,0.0,0.02019978837296154,1.0,0.0,0.0,0.0,0.0,0.0
gotham,0,false_positive_0p020,0.02,02:42:c5:6f:4c:00,0.0,0.010100451407491592,1.0,0.0,0.0,0.0,0.0,0.0
gotham,0,false_positive_0p020,0.02,02:42:c5:c1:72:00,0.0,0.040400843911856194,1.0,0.0,0.0,0.0,0.0,0.0
gotham,0,false_positive_0p020,0.02,02:42:cb:b5:ff:00,0.0,0.09078997108702894,1.0,0.0,0.0,0.0,0.0,0.0
gotham,0,false_positive_0p020,0.02,02:42:cc:db:31:00,0.0,0.09057185958285921,1.0,0.0,0.0,0.0,0.0,0.0
gotham,0,false_positive_0p020,0.02,02:42:cd:90:eb:00,0.0,0.040400834754454246,1.0,0.0,0.0,0.0,0.0,0.0
gotham,0,false_positive_0p020,0.02,02:42:d0:94:31:00,6.138960446075015,6.138960446075015,0.0,1.0,0.0,0.0,0.0,0.000463790078898257
gotham,0,false_positive_0p020,0.02,02:42:da:1c:50:00,0.0,0.10285718147671132,1.0,0.0,0.0,0.0,0.0,0.0
gotham,0,false_positive_0p020,0.02,02:42:de:51:81:00,0.0,0.010090975369746617,1.0,0.0,0.0,0.0,0.0,0.0
gotham,0,false_positive_0p020,0.02,02:42:e8:56:10:00,0.0,0.020184620125068418,1.0,0.0,348.7794919013977,348.7794919013977,348.7794919013977,0.0
gotham,0,false_positive_0p020,0.02,02:42:e9:4b:52:00,0.0,0.02019964467943793,1.0,0.0,0.0,0.0,0.0,0.0
gotham,0,false_positive_0p020,0.02,02:42:eb:2e:72:00,0.0,0.010092108271219322,1.0,0.0,360.9315028190613,360.9315028190613,360.9315028190613,0.0
gotham,0,false_positive_0p020,0.02,02:42:f3:0f:05:00,0.47161455691965065,0.47161455691965065,0.0,1.0,0.0,0.0,0.0,0.0005294266490014182
gotham,0,false_positive_0p020,0.02,02:42:f3:95:27:00,0.9432226460090997,0.9432226460090997,0.0,1.0,0.0,0.0,0.0,0.00035420492508033525
gotham,0,false_positive_0p020,0.02,02:42:f5:dd:2d:00,0.0,0.020203711995265737,1.0,0.0,0.0,0.0,0.0,0.0
gotham,0,false_positive_0p020,0.02,02:42:f7:8a:5d:00,0.0,0.03024553579957143,1.0,0.0,0.0,0.0,0.0,0.0
gotham,0,false_positive_0p020,0.02,02:42:f7:f5:f7:00,0.015088812937947149,0.07167186145524895,1.0,0.0,0.0,0.0,0.0,4.519733640685382e-6
gotham,0,false_positive_0p020,0.02,02:42:fe:ae:87:00,0.943254284198103,0.943254284198103,0.0,1.0,0.0,0.0,0.0,0.0005420676577744489
gotham,0,false_positive_0p020,0.02,0c:03:36:87:00:00,0.060649908487380076,0.13267167481614392,1.0,0.0,0.0,0.0,0.0,4.233223224036232e-6
gotham,0,false_positive_0p020,0.02,0c:6e:9c:16:00:00,0.0,0.10939481280890005,1.0,0.0,0.0,0.0,0.0,0.0
gotham,0,false_positive_0p020,0.02,0c:bc:fa:c1:00:00,1.380640618518379,1.8031317367535116,1.0,0.0,0.0,0.0,0.0,0.00001236053230377794
gotham,0,false_positive_0p020,0.02,0c:c5:dc:e9:00:00,0.47114775674291803,0.47114775674291803,0.0,1.0,0.0,0.0,0.0,0.9889041433574379
gotham,1,false_positive_0p001,0.001,02:42:37:46:7f:00,0.0,0.010099650758740718,1.0,0.0,0.0,0.0,0.0,0.0
gotham,1,false_positive_0p001,0.001,02:42:3a:fa:55:00,0.022633386184590064,0.45643995472256627,1.0,0.0,0.0,0.0,0.0,0.0008054103215666943
gotham,1,false_positive_0p001,0.001,02:42:45:f3:74:00,0.0,0.030276766517921824,1.0,0.0,0.0,0.0,0.0,0.0
gotham,1,false_positive_0p001,0.001,02:42:51:3c:2f:00,0.0,0.07064611991264069,1.0,0.0,0.0,0.0,0.0,0.0
gotham,1,false_positive_0p001,0.001,02:42:51:78:60:00,0.0,0.06790100244283372,1.0,0.0,0.0,0.0,0.0,0.0
gotham,1,false_positive_0p001,0.001,02:42:52:d7:fa:00,0.0,0.04904034700790266,1.0,0.0,0.0,0.0,0.0,0.0
gotham,1,false_positive_0p001,0.001,02:42:76:0d:7f:00,0.0,0.02015337148938808,1.0,0.0,0.0,0.0,0.0,0.0
gotham,1,false_positive_0p001,0.001,02:42:78:54:1c:00,0.0,0.02018482022906774,1.0,0.0,0.0,0.0,0.0,0.0
gotham,1,false_positive_0p001,0.001,02:42:8d:87:6d:00,0.0,0.06055587001226832,1.0,0.0,0.0,0.0,0.0,0.0
gotham,1,false_positive_0p001,0.001,02:42:a9:11:53:00,0.0,0.06054228902259578,1.0,0.0,0.0,0.0,0.0,0.0
gotham,1,false_positive_0p001,0.001,02:42:c0:ac:38:00,0.0,0.010099658171170109,1.0,0.0,0.0,0.0,0.0,0.0
gotham,1,false_positive_0p001,0.001,02:42:c1:b7:72:00,0.0,0.03028018574222315,1.0,0.0,0.0,0.0,0.0,0.0
gotham,1,false_positive_0p001,0.001,02:42:c2:7a:05:00,0.0,0.060551996633086934,1.0,0.0,0.0,0.0,0.0,0.0
gotham,1,false_positive_0p001,0.001,02:42:cc:db:31:00,0.0,0.09057185958285921,1.0,0.0,0.0,0.0,0.0,0.0
gotham,1,false_positive_0p001,0.001,02:42:da:1c:50:00,0.0,0.08000003003744213,1.0,0.0,0.0,0.0,0.0,0.0
gotham,1,false_positive_0p001,0.001,02:42:e8:56:10:00,0.0,0.03027693018760263,1.0,0.0,0.0,0.0,0.0,0.0
gotham,1,false_positive_0p001,0.001,02:42:e8:8a:b5:00,0.0,0.010076654152554727,1.0,0.0,0.0,0.0,0.0,0.0
gotham,1,false_positive_0p001,0.001,02:42:eb:2e:72:00,0.0,0.010092108271219322,1.0,0.0,0.0,0.0,0.0,0.0
gotham,1,false_positive_0p001,0.001,02:42:f5:dd:2d:00,0.0,0.020203711995265737,1.0,0.0,0.0,0.0,0.0,0.0
gotham,1,false_positive_0p001,0.001,02:42:f7:f5:f7:00,0.015088812937947149,0.05658304851730181,1.0,0.0,0.0,0.0,0.0,0.00025604583653926434
gotham,1,false_positive_0p001,0.001,0c:03:36:87:00:00,0.0,0.07202176632876384,1.0,0.0,0.0,0.0,0.0,0.0
gotham,1,false_positive_0p001,0.001,0c:6e:9c:16:00:00,0.0,0.10939481280890005,1.0,0.0,0.0,0.0,0.0,0.0
gotham,1,false_positive_0p001,0.001,0c:bc:fa:c1:00:00,0.041494663398093365,0.5167971714126173,1.0,0.0,0.0,0.0,0.0,6.112367241714143e-6
gotham,1,false_positive_0p001,0.001,0c:c5:dc:e9:00:00,5.182625324172099,5.182625324172099,0.0,1.0,0.0,0.0,0.0,0.0006374897971349196
gotham,1,false_positive_0p0025,0.0025,02:42:08:99:2d:00,0.0,0.020201063460795195,1.0,0.0,0.0,0.0,0.0,0.0
gotham,1,false_positive_0p0025,0.0025,02:42:20:eb:85:00,0.0,0.030273489000429102,1.0,0.0,0.0,0.0,0.0,0.0
gotham,1,false_positive_0p0025,0.0025,02:42:2a:62:80:00,0.0,0.03030423915118545,1.0,0.0,0.0,0.0,0.0,0.0
gotham,1,false_positive_0p0025,0.0025,02:42:2b:40:e0:00,0.0,0.02019988328924068,1.0,0.0,0.0,0.0,0.0,0.0
gotham,1,false_positive_0p0025,0.0025,02:42:2e:ae:e1:00,0.0,0.10237859994233464,1.0,0.0,0.0,0.0,0.0,0.0
gotham,1,false_positive_0p0025,0.0025,02:42:32:85:24:00,0.0,0.06060891977135001,1.0,0.0,0.0,0.0,0.0,0.0
gotham,1,false_positive_0p0025,0.0025,02:42:34:89:3a:00,0.0,0.01009105833192443,1.0,0.0,0.0,0.0,0.0,0.0
gotham,1,false_positive_0p0025,0.0025,02:42:37:46:7f:00,0.0,0.010099650758740718,1.0,0.0,0.0,0.0,0.0,0.0
gotham,1,false_positive_0p0025,0.0025,02:42:3a:fa:55:00,0.007544462061530021,0.44889549266103623,1.0,0.0,0.0,0.0,0.0,0.0024393389579321625
gotham,1,false_positive_0p0025,0.0025,02:42:45:f3:74:00,0.0,0.030276766517921824,1.0,0.0,0.0,0.0,0.0,0.0
gotham,1,false_positive_0p0025,0.0025,02:42:51:3c:2f:00,0.0,0.07064611991264069,1.0,0.0,0.0,0.0,0.0,0.0
gotham,1,false_positive_0p0025,0.0025,02:42:51:78:60:00,0.0,0.06790100244283372,1.0,0.0,0.0,0.0,0.0,0.0
gotham,1,false_positive_0p0025,0.0025,02:42:52:d7:fa:00,0.0,0.04904034700790266,1.0,0.0,0.0,0.0,0.0,0.0
gotham,1,false_positive_0p0025,0.0025,02:42:76:0d:7f:00,0.0,0.02015337148938808,1.0,0.0,0.0,0.0,0.0,0.0
gotham,1,false_positive_0p0025,0.0025,02:42:78:54:1c:00,0.0,0.02018482022906774,1.0,0.0,0.0,0.0,0.0,0.0
gotham,1,false_positive_0p0025,0.0025,02:42:82:75:d1:00,0.0,0.03033048061502582,1.0,0.0,0.0,0.0,0.0,0.0
gotham,1,false_positive_0p0025,0.0025,02:42:8d:87:6d:00,0.0,0.06055587001226832,1.0,0.0,0.0,0.0,0.0,0.0
gotham,1,false_positive_0p0025,0.0025,02:42:a9:11:53:00,0.0,0.06054228902259578,1.0,0.0,0.0,0.0,0.0,0.0
gotham,1,false_positive_0p0025,0.0025,02:42:bd:f8:c5:00,0.0,0.03027359470004522,1.0,0.0,0.0,0.0,0.0,0.0
gotham,1,false_positive_0p0025,0.0025,02:42:c0:ac:38:00,0.010099658171170109,0.020199316342340217,1.0,0.0,0.0,0.0,0.0,0.00005591957359409315
gotham,1,false_positive_0p0025,0.0025,02:42:c1:b7:72:00,0.0,0.03028018574222315,1.0,0.0,0.0,0.0,0.0,0.0
gotham,1,false_positive_0p0025,0.0025,02:42:c2:7a:05:00,0.0,0.060551996633086934,1.0,0.0,0.0,0.0,0.0,0.0
gotham,1,false_positive_0p0025,0.0025,02:42:c3:13:3c:00,0.0,0.02019978837296154,1.0,0.0,0.0,0.0,0.0,0.0
gotham,1,false_positive_0p0025,0.0025,02:42:c5:c1:72:00,0.0,0.040400843911856194,1.0,0.0,0.0,0.0,0.0,0.0
gotham,1,false_positive_0p0025,0.0025,02:42:cc:db:31:00,0.0,0.09057185958285921,1.0,0.0,0.0,0.0,0.0,0.0
gotham,1,false_positive_0p0025,0.0025,02:42:cd:90:eb:00,0.0,0.040400834754454246,1.0,0.0,0.0,0.0,0.0,0.0
gotham,1,false_positive_0p0025,0.0025,02:42:da:1c:50:00,0.0,0.08000003003744213,1.0,0.0,0.0,0.0,0.0,0.0
gotham,1,false_positive_0p0025,0.0025,02:42:de:51:81:00,0.0,0.010090975369746617,1.0,0.0,0.0,0.0,0.0,0.0
gotham,1,false_positive_0p0025,0.0025,02:42:e8:56:10:00,0.0,0.03027693018760263,1.0,0.0,0.0,0.0,0.0,0.0
gotham,1,false_positive_0p0025,0.0025,02:42:e8:8a:b5:00,0.0,0.010076654152554727,1.0,0.0,0.0,0.0,0.0,0.0
gotham,1,false_positive_0p0025,0.0025,02:42:e9:4b:52:00,0.0,0.02019964467943793,1.0,0.0,0.0,0.0,0.0,0.0
gotham,1,false_positive_0p0025,0.0025,02:42:eb:2e:72:00,0.0,0.010092108271219322,1.0,0.0,0.0,0.0,0.0,0.0
gotham,1,false_positive_0p0025,0.0025,02:42:f5:dd:2d:00,0.0,0.020203711995265737,1.0,0.0,0.0,0.0,0.0,0.0
gotham,1,false_positive_0p0025,0.0025,02:42:f7:f5:f7:00,0.015088812937947149,0.05658304851730181,1.0,0.0,0.0,0.0,0.0,0.0002566211323463786
gotham,1,false_positive_0p0025,0.0025,0c:03:36:87:00:00,0.018953096402306274,0.09097486273107011,1.0,0.0,0.0,0.0,0.0,3.180525841162621e-6
gotham,1,false_positive_0p0025,0.0025,0c:6e:9c:16:00:00,0.0,0.10939481280890005,1.0,0.0,0.0,0.0,0.0,0.0
gotham,1,false_positive_0p0025,0.0025,0c:bc:fa:c1:00:00,0.04526690552519276,0.49416371865002096,1.0,0.0,0.0,0.0,0.0,6.67077362805744e-6
gotham,1,false_positive_0p0025,0.0025,0c:c5:dc:e9:00:00,27.326569891089246,27.326569891089246,0.0,1.0,0.0,0.0,0.0,0.0006934167345291802
gotham,1,false_positive_0p005,0.005,02:42:08:99:2d:00,0.0,0.020201063460795195,1.0,0.0,0.0,0.0,0.0,0.0
gotham,1,false_positive_0p005,0.005,02:42:20:eb:85:00,0.0,0.030273489000429102,1.0,0.0,0.0,0.0,0.0,0.0
gotham,1,false_positive_0p005,0.005,02:42:2a:62:80:00,0.0,0.03030423915118545,1.0,0.0,0.0,0.0,0.0,0.0
gotham,1,false_positive_0p005,0.005,02:42:2b:40:e0:00,0.0,0.02019988328924068,1.0,0.0,0.0,0.0,0.0,0.0
gotham,1,false_positive_0p005,0.005,02:42:2e:ae:e1:00,0.0,0.10237859994233464,1.0,0.0,0.0,0.0,0.0,0.0
gotham,1,false_positive_0p005,0.005,02:42:32:85:24:00,0.0,0.06060891977135001,1.0,0.0,0.0,0.0,0.0,0.0
gotham,1,false_positive_0p005,0.005,02:42:34:89:3a:00,0.0,0.01009105833192443,1.0,0.0,0.0,0.0,0.0,0.0
gotham,1,false_positive_0p005,0.005,02:42:37:46:7f:00,0.0,0.010099650758740718,1.0,0.0,0.0,0.0,0.0,0.0
gotham,1,false_positive_0p005,0.005,02:42:3a:fa:55:00,0.007544462061530021,0.44889549266103623,1.0,0.0,0.0,0.0,0.0,0.002439629730861368
gotham,1,false_positive_0p005,0.005,02:42:45:f3:74:00,0.0,0.030276766517921824,1.0,0.0,0.0,0.0,0.0,0.0
gotham,1,false_positive_0p005,0.005,02:42:51:3c:2f:00,0.0,0.07064611991264069,1.0,0.0,0.0,0.0,0.0,0.0
gotham,1,false_positive_0p005,0.005,02:42:51:78:60:00,0.0,0.06790100244283372,1.0,0.0,0.0,0.0,0.0,0.0
gotham,1,false_positive_0p005,0.005,02:42:52:d7:fa:00,0.0,0.04904034700790266,1.0,0.0,0.0,0.0,0.0,0.0
gotham,1,false_positive_0p005,0.005,02:42:76:0d:7f:00,0.0,0.02015337148938808,1.0,0.0,0.0,0.0,0.0,0.0
gotham,1,false_positive_0p005,0.005,02:42:78:54:1c:00,0.0,0.02018482022906774,1.0,0.0,0.0,0.0,0.0,0.0
gotham,1,false_positive_0p005,0.005,02:42:82:75:d1:00,0.0,0.03033048061502582,1.0,0.0,0.0,0.0,0.0,0.0
gotham,1,false_positive_0p005,0.005,02:42:8d:87:6d:00,0.0,0.06055587001226832,1.0,0.0,0.0,0.0,0.0,0.0
gotham,1,false_positive_0p005,0.005,02:42:a9:11:53:00,0.0,0.06054228902259578,1.0,0.0,0.0,0.0,0.0,0.0
gotham,1,false_positive_0p005,0.005,02:42:bd:f8:c5:00,0.0,0.03027359470004522,1.0,0.0,0.0,0.0,0.0,0.0
gotham,1,false_positive_0p005,0.005,02:42:c0:ac:38:00,0.010099658171170109,0.020199316342340217,1.0,0.0,0.0,0.0,0.0,0.00005591957359409315
gotham,1,false_positive_0p005,0.005,02:42:c1:b7:72:00,0.0,0.03028018574222315,1.0,0.0,0.0,0.0,0.0,0.0
gotham,1,false_positive_0p005,0.005,02:42:c2:7a:05:00,0.0,0.060551996633086934,1.0,0.0,0.0,0.0,0.0,0.0
gotham,1,false_positive_0p005,0.005,02:42:c3:13:3c:00,0.0,0.02019978837296154,1.0,0.0,0.0,0.0,0.0,0.0
gotham,1,false_positive_0p005,0.005,02:42:c5:c1:72:00,0.0,0.040400843911856194,1.0,0.0,0.0,0.0,0.0,0.0
gotham,1,false_positive_0p005,0.005,02:42:cc:db:31:00,0.0,0.09057185958285921,1.0,0.0,0.0,0.0,0.0,0.0
gotham,1,false_positive_0p005,0.005,02:42:cd:90:eb:00,0.0,0.040400834754454246,1.0,0.0,0.0,0.0,0.0,0.0
gotham,1,false_positive_0p005,0.005,02:42:da:1c:50:00,0.0,0.08000003003744213,1.0,0.0,0.0,0.0,0.0,0.0
gotham,1,false_positive_0p005,0.005,02:42:de:51:81:00,0.0,0.010090975369746617,1.0,0.0,0.0,0.0,0.0,0.0
gotham,1,false_positive_0p005,0.005,02:42:e8:56:10:00,0.0,0.03027693018760263,1.0,0.0,0.0,0.0,0.0,0.0
gotham,1,false_positive_0p005,0.005,02:42:e8:8a:b5:00,0.0,0.010076654152554727,1.0,0.0,0.0,0.0,0.0,0.0
gotham,1,false_positive_0p005,0.005,02:42:e9:4b:52:00,0.0,0.02019964467943793,1.0,0.0,0.0,0.0,0.0,0.0
gotham,1,false_positive_0p005,0.005,02:42:eb:2e:72:00,0.0,0.010092108271219322,1.0,0.0,0.0,0.0,0.0,0.0
gotham,1,false_positive_0p005,0.005,02:42:f5:dd:2d:00,0.0,0.020203711995265737,1.0,0.0,0.0,0.0,0.0,0.0
gotham,1,false_positive_0p005,0.005,02:42:f7:f5:f7:00,0.018861016172433936,0.045266438813841445,1.0,0.0,0.0,0.0,0.0,0.001344125470689611
gotham,1,false_positive_0p005,0.005,0c:03:36:87:00:00,0.07202176632876384,0.14404353265752767,1.0,0.0,0.0,0.0,0.0,3.812834683695259e-6
gotham,1,false_positive_0p005,0.005,0c:6e:9c:16:00:00,0.0,0.10939481280890005,1.0,0.0,0.0,0.0,0.0,0.0
gotham,1,false_positive_0p005,0.005,0c:bc:fa:c1:00:00,0.4715302658874246,1.112811427494322,1.0,0.0,0.0,0.0,0.0,8.564327779037153e-6
gotham,1,false_positive_0p005,0.005,0c:c5:dc:e9:00:00,62.6626516468081,62.6626516468081,0.0,1.0,0.0,0.0,0.0,0.0010098183398292444
gotham,1,false_positive_0p010,0.01,02:42:08:99:2d:00,0.0,0.020201063460795195,1.0,0.0,0.0,0.0,0.0,0.0
gotham,1,false_positive_0p010,0.01,02:42:20:eb:85:00,0.0,0.030273489000429102,1.0,0.0,0.0,0.0,0.0,0.0
gotham,1,false_positive_0p010,0.01,02:42:2a:62:80:00,0.0,0.03030423915118545,1.0,0.0,0.0,0.0,0.0,0.0
gotham,1,false_positive_0p010,0.01,02:42:2b:40:e0:00,0.0,0.02019988328924068,1.0,0.0,0.0,0.0,0.0,0.0
gotham,1,false_positive_0p010,0.01,02:42:2c:ff:d9:00,0.0,0.030302178269802867,1.0,0.0,0.0,0.0,0.0,0.0
gotham,1,false_positive_0p010,0.01,02:42:2e:ae:e1:00,0.003791799997864246,0.10237859994233464,1.0,0.0,0.0,0.0,0.0,4.661339727968366e-6
gotham,1,false_positive_0p010,0.01,02:42:32:85:24:00,0.0,0.06060891977135001,1.0,0.0,0.0,0.0,0.0,0.0
gotham,1,false_positive_0p010,0.01,02:42:34:89:3a:00,0.0,0.01009105833192443,1.0,0.0,0.0,0.0,0.0,0.0
gotham,1,false_positive_0p010,0.01,02:42:37:46:7f:00,0.0,0.010099650758740718,1.0,0.0,0.0,0.0,0.0,0.0
gotham,1,false_positive_0p010,0.01,02:42:37:ed:4f:00,0.0,0.050501567735698284,1.0,0.0,0.0,0.0,0.0,0.0
gotham,1,false_positive_0p010,0.01,02:42:39:ca:09:00,0.0,0.0201579362773077,1.0,0.0,0.0,0.0,0.0,0.0
gotham,1,false_positive_0p010,0.01,02:42:3a:fa:55:00,0.007544462061530021,0.44889549266103623,1.0,0.0,0.0,0.0,0.0,0.002439629730861368
gotham,1,false_positive_0p010,0.01,02:42:45:f3:74:00,0.0,0.030276766517921824,1.0,0.0,0.0,0.0,0.0,0.0
gotham,1,false_positive_0p010,0.01,02:42:51:3c:2f:00,0.0,0.07064611991264069,1.0,0.0,0.0,0.0,0.0,0.0
gotham,1,false_positive_0p010,0.01,02:42:51:78:60:00,0.0,0.07167328035632449,1.0,0.0,0.0,0.0,0.0,0.0
gotham,1,false_positive_0p010,0.01,02:42:52:d7:fa:00,0.0,0.04904034700790266,1.0,0.0,0.0,0.0,0.0,0.0
gotham,1,false_positive_0p010,0.01,02:42:57:79:b7:00,0.0,0.03030211519649032,1.0,0.0,0.0,0.0,0.0,0.0
gotham,1,false_positive_0p010,0.01,02:42:76:0d:7f:00,0.0,0.02015337148938808,1.0,0.0,0.0,0.0,0.0,0.0
gotham,1,false_positive_0p010,0.01,02:42:78:54:1c:00,0.0,0.02018482022906774,1.0,0.0,0.0,0.0,0.0,0.0
gotham,1,false_positive_0p010,0.01,02:42:82:75:d1:00,0.0,0.03033048061502582,1.0,0.0,0.0,0.0,0.0,0.0
gotham,1,false_positive_0p010,0.01,02:42:8d:87:6d:00,0.0,0.06055587001226832,1.0,0.0,0.0,0.0,0.0,0.0
gotham,1,false_positive_0p010,0.01,02:42:a9:11:53:00,0.0,0.06054228902259578,1.0,0.0,0.0,0.0,0.0,0.0
gotham,1,false_positive_0p010,0.01,02:42:ae:88:72:00,0.0,0.04040034390543522,1.0,0.0,0.0,0.0,0.0,0.0
gotham,1,false_positive_0p010,0.01,02:42:bd:f8:c5:00,0.0,0.03027359470004522,1.0,0.0,0.0,0.0,0.0,0.0
gotham,1,false_positive_0p010,0.01,02:42:c0:ac:38:00,0.010099658171170109,0.020199316342340217,1.0,0.0,0.0,0.0,0.0,0.00005591957359409315
gotham,1,false_positive_0p010,0.01,02:42:c1:b7:72:00,0.0,0.03028018574222315,1.0,0.0,0.0,0.0,0.0,0.0
gotham,1,false_positive_0p010,0.01,02:42:c2:7a:05:00,0.0,0.060551996633086934,1.0,0.0,0.0,0.0,0.0,0.0
gotham,1,false_positive_0p010,0.01,02:42:c3:13:3c:00,0.0,0.02019978837296154,1.0,0.0,0.0,0.0,0.0,0.0
gotham,1,false_positive_0p010,0.01,02:42:c5:6f:4c:00,0.0,0.010100451407491592,1.0,0.0,0.0,0.0,0.0,0.0
gotham,1,false_positive_0p010,0.01,02:42:c5:c1:72:00,0.0,0.040400843911856194,1.0,0.0,0.0,0.0,0.0,0.0
gotham,1,false_positive_0p010,0.01,02:42:cb:b5:ff:00,0.0,0.09078997108702894,1.0,0.0,0.0,0.0,0.0,0.0
gotham,1,false_positive_0p010,0.01,02:42:cc:db:31:00,0.0,0.09057185958285921,1.0,0.0,0.0,0.0,0.0,0.0
gotham,1,false_positive_0p010,0.01,02:42:cd:90:eb:00,0.0,0.040400834754454246,1.0,0.0,0.0,0.0,0.0,0.0
gotham,1,false_positive_0p010,0.01,02:42:da:1c:50:00,0.0,0.08000003003744213,1.0,0.0,0.0,0.0,0.0,0.0
gotham,1,false_positive_0p010,0.01,02:42:de:51:81:00,0.0,0.010090975369746617,1.0,0.0,0.0,0.0,0.0,0.0
gotham,1,false_positive_0p010,0.01,02:42:e8:56:10:00,0.0,0.03027693018760263,1.0,0.0,0.0,0.0,0.0,0.0
gotham,1,false_positive_0p010,0.01,02:42:e8:8a:b5:00,0.0,0.010076654152554727,1.0,0.0,0.0,0.0,0.0,0.0
gotham,1,false_positive_0p010,0.01,02:42:e9:4b:52:00,0.0,0.02019964467943793,1.0,0.0,0.0,0.0,0.0,0.0
gotham,1,false_positive_0p010,0.01,02:42:eb:2e:72:00,0.0,0.010092108271219322,1.0,0.0,0.0,0.0,0.0,0.0
gotham,1,false_positive_0p010,0.01,02:42:f5:dd:2d:00,0.0,0.020203711995265737,1.0,0.0,0.0,0.0,0.0,0.0
gotham,1,false_positive_0p010,0.01,02:42:f7:8a:5d:00,0.0,0.03024553579957143,1.0,0.0,0.0,0.0,0.0,0.0
gotham,1,false_positive_0p010,0.01,02:42:f7:f5:f7:00,0.018861016172433936,0.045266438813841445,1.0,0.0,0.0,0.0,0.0,0.001344125470689611
gotham,1,false_positive_0p010,0.01,0c:03:36:87:00:00,0.20469344114490776,0.27671520747367157,1.0,0.0,0.0,0.0,0.0,4.072688930784829e-6
gotham,1,false_positive_0p010,0.01,0c:6e:9c:16:00:00,0.0,0.10939481280890005,1.0,0.0,0.0,0.0,0.0,0.0
gotham,1,false_positive_0p010,0.01,0c:bc:fa:c1:00:00,1.380640618518379,1.806903978880611,1.0,0.0,0.0,0.0,0.0,0.000012188748940480199
gotham,1,false_positive_0p010,0.01,0c:c5:dc:e9:00:00,66.90298145749436,66.90298145749436,0.0,1.0,0.0,0.0,0.0,0.003618778534585739
gotham,1,false_positive_0p020,0.02,02:42:08:99:2d:00,0.0,0.020201063460795195,1.0,0.0,0.0,0.0,0.0,0.0
gotham,1,false_positive_0p020,0.02,02:42:0b:0b:d7:00,0.9431769588034294,0.9431769588034294,0.0,1.0,0.0,0.0,0.0,0.0005266896791966936
gotham,1,false_positive_0p020,0.02,02:42:12:96:2f:00,0.47160474165300087,0.47160474165300087,0.0,1.0,0.0,0.0,0.0,0.0005061545874900057
gotham,1,false_positive_0p020,0.02,02:42:20:eb:85:00,0.0,0.030273489000429102,1.0,0.0,0.0,0.0,0.0,0.0
gotham,1,false_positive_0p020,0.02,02:42:2a:62:80:00,0.0,0.03030423915118545,1.0,0.0,0.0,0.0,0.0,0.0
gotham,1,false_positive_0p020,0.02,02:42:2b:40:e0:00,0.0,0.02019988328924068,1.0,0.0,0.0,0.0,0.0,0.0
gotham,1,false_positive_0p020,0.02,02:42:2c:ff:d9:00,0.0,0.030302178269802867,1.0,0.0,0.0,0.0,0.0,0.0
gotham,1,false_positive_0p020,0.02,02:42:2e:ae:e1:00,0.003791799997864246,0.10237859994233464,1.0,0.0,0.0,0.0,0.0,4.661339727968366e-6
gotham,1,false_positive_0p020,0.02,02:42:32:85:24:00,0.0,0.06060891977135001,1.0,0.0,0.0,0.0,0.0,0.0
gotham,1,false_positive_0p020,0.02,02:42:34:89:3a:00,0.0,0.01009105833192443,1.0,0.0,0.0,0.0,0.0,0.0
gotham,1,false_positive_0p020,0.02,02:42:37:46:7f:00,0.0,0.010099650758740718,1.0,0.0,0.0,0.0,0.0,0.0
gotham,1,false_positive_0p020,0.02,02:42:37:ed:4f:00,0.0,0.050501567735698284,1.0,0.0,0.0,0.0,0.0,0.0
gotham,1,false_positive_0p020,0.02,02:42:39:ca:09:00,0.0,0.0201579362773077,1.0,0.0,0.0,0.0,0.0,0.0
gotham,1,false_positive_0p020,0.02,02:42:3a:fa:55:00,0.007544462061530021,0.44889549266103623,1.0,0.0,0.0,0.0,0.0,0.002439629730861368
gotham,1,false_positive_0p020,0.02,02:42:45:f3:74:00,0.0,0.030276766517921824,1.0,0.0,0.0,0.0,0.0,0.0
gotham,1,false_positive_0p020,0.02,02:42:48:92:a3:00,6.613041438186925,6.613041438186925,0.0,1.0,0.0,0.0,0.0,0.00040286109929711715
gotham,1,false_positive_0p020,0.02,02:42:51:3c:2f:00,0.0,0.07064611991264069,1.0,0.0,0.0,0.0,0.0,0.0
gotham,1,false_positive_0p020,0.02,02:42:51:78:60:00,0.0,0.07544555826981525,1.0,0.0,0.0,0.0,0.0,0.0
gotham,1,false_positive_0p020,0.02,02:42:52:d7:fa:00,0.0,0.04904034700790266,1.0,0.0,0.0,0.0,0.0,0.0
gotham,1,false_positive_0p020,0.02,02:42:56:ac:61:00,3.7817679707715945,3.7817679707715945,0.0,1.0,0.0,0.0,0.0,0.0004956238424618928
gotham,1,false_positive_0p020,0.02,02:42:57:79:b7:00,0.0,0.03030211519649032,1.0,0.0,0.0,0.0,0.0,0.0
gotham,1,false_positive_0p020,0.02,02:42:61:b7:bc:00,0.47160590549370973,0.47160590549370973,0.0,1.0,0.0,0.0,0.0,0.0004536818635556316
gotham,1,false_positive_0p020,0.02,02:42:63:6b:70:00,3.3053960367998085,3.3053960367998085,0.0,1.0,0.0,0.0,0.0,0.0004443047688158773
gotham,1,false_positive_0p020,0.02,02:42:75:96:a3:00,0.9432514872419117,0.9432514872419117,0.0,1.0,0.0,0.0,0.0,0.00033911318467228836
gotham,1,false_positive_0p020,0.02,02:42:76:0d:7f:00,0.0,0.02015337148938808,1.0,0.0,0.0,0.0,0.0,0.0
gotham,1,false_positive_0p020,0.02,02:42:78:54:1c:00,0.0,0.02018482022906774,1.0,0.0,0.0,0.0,0.0,0.0
gotham,1,false_positive_0p020,0.02,02:42:7a:77:08:00,0.943273392147605,0.943273392147605,0.0,1.0,0.0,0.0,0.0,0.00042498840957426226
gotham,1,false_positive_0p020,0.02,02:42:82:75:d1:00,0.0,0.03033048061502582,1.0,0.0,0.0,0.0,0.0,0.0
gotham,1,false_positive_0p020,0.02,02:42:8d:87:6d:00,0.0,0.06055587001226832,1.0,0.0,0.0,0.0,0.0,0.0
gotham,1,false_positive_0p020,0.02,02:42:8e:5a:86:00,5.195039828836381,5.195039828836381,0.0,1.0,0.0,0.0,0.0,0.0004515225697031238
gotham,1,false_positive_0p020,0.02,02:42:90:66:25:00,0.9432761204952042,0.9432761204952042,0.0,1.0,0.0,0.0,0.0,0.0005748047691070427
gotham,1,false_positive_0p020,0.02,02:42:a9:11:53:00,0.0,0.06054228902259578,1.0,0.0,0.0,0.0,0.0,0.0
gotham,1,false_positive_0p020,0.02,02:42:ae:88:72:00,0.0,0.04040034390543522,1.0,0.0,0.0,0.0,0.0,0.0
gotham,1,false_positive_0p020,0.02,02:42:bd:f8:c5:00,0.0,0.03027359470004522,1.0,0.0,0.0,0.0,0.0,0.0
gotham,1,false_positive_0p020,0.02,02:42:c0:ac:38:00,0.010099658171170109,0.020199316342340217,1.0,0.0,0.0,0.0,0.0,0.00005591957359409315
gotham,1,false_positive_0p020,0.02,02:42:c1:b7:72:00,0.0,0.03028018574222315,1.0,0.0,0.0,0.0,0.0,0.0
gotham,1,false_positive_0p020,0.02,02:42:c2:48:f9:00,0.9431989385490381,0.9431989385490381,0.0,1.0,0.0,0.0,0.0,0.0004784771533041565
gotham,1,false_positive_0p020,0.02,02:42:c2:7a:05:00,0.0,0.060551996633086934,1.0,0.0,0.0,0.0,0.0,0.0
gotham,1,false_positive_0p020,0.02,02:42:c3:13:3c:00,0.0,0.02019978837296154,1.0,0.0,0.0,0.0,0.0,0.0
gotham,1,false_positive_0p020,0.02,02:42:c5:6f:4c:00,0.0,0.010100451407491592,1.0,0.0,0.0,0.0,0.0,0.0
gotham,1,false_positive_0p020,0.02,02:42:c5:c1:72:00,0.0,0.040400843911856194,1.0,0.0,0.0,0.0,0.0,0.0
gotham,1,false_positive_0p020,0.02,02:42:cb:b5:ff:00,0.0,0.09078997108702894,1.0,0.0,0.0,0.0,0.0,0.0
gotham,1,false_positive_0p020,0.02,02:42:cc:db:31:00,0.0,0.09057185958285921,1.0,0.0,0.0,0.0,0.0,0.0
gotham,1,false_positive_0p020,0.02,02:42:cd:90:eb:00,0.0,0.040400834754454246,1.0,0.0,0.0,0.0,0.0,0.0
gotham,1,false_positive_0p020,0.02,02:42:d0:94:31:00,5.66673271945386,5.66673271945386,0.0,1.0,0.0,0.0,0.0,0.0004722793664000164
gotham,1,false_positive_0p020,0.02,02:42:da:1c:50:00,0.0,0.08380955527732033,1.0,0.0,0.0,0.0,0.0,0.0
gotham,1,false_positive_0p020,0.02,02:42:de:51:81:00,0.0,0.010090975369746617,1.0,0.0,0.0,0.0,0.0,0.0
gotham,1,false_positive_0p020,0.02,02:42:e8:56:10:00,0.0,0.03027693018760263,1.0,0.0,0.0,0.0,0.0,0.0
gotham,1,false_positive_0p020,0.02,02:42:e8:8a:b5:00,0.0,0.010076654152554727,1.0,0.0,0.0,0.0,0.0,0.0
gotham,1,false_positive_0p020,0.02,02:42:e9:4b:52:00,0.0,0.02019964467943793,1.0,0.0,0.0,0.0,0.0,0.0
gotham,1,false_positive_0p020,0.02,02:42:eb:2e:72:00,0.0,0.010092108271219322,1.0,0.0,0.0,0.0,0.0,0.0
gotham,1,false_positive_0p020,0.02,02:42:f3:95:27:00,0.47161132300454983,0.47161132300454983,0.0,1.0,0.0,0.0,0.0,0.0003170827800789393
gotham,1,false_positive_0p020,0.02,02:42:f5:dd:2d:00,0.0,0.020203711995265737,1.0,0.0,0.0,0.0,0.0,0.0
gotham,1,false_positive_0p020,0.02,02:42:f7:8a:5d:00,0.0,0.03024553579957143,1.0,0.0,0.0,0.0,0.0,0.0
gotham,1,false_positive_0p020,0.02,02:42:f7:f5:f7:00,0.018861016172433936,0.045266438813841445,1.0,0.0,0.0,0.0,0.0,0.001344125470689611
gotham,1,false_positive_0p020,0.02,02:42:fe:ae:87:00,0.943254284198103,0.943254284198103,0.0,1.0,0.0,0.0,0.0,0.0005420676577744489
gotham,1,false_positive_0p020,0.02,0c:03:36:87:00:00,0.2805058267541328,0.35252759308289666,1.0,0.0,0.0,0.0,0.0,5.102163003572779e-6
gotham,1,false_positive_0p020,0.02,0c:6e:9c:16:00:00,0.0,0.10939481280890005,1.0,0.0,0.0,0.0,0.0,0.0
gotham,1,false_positive_0p020,0.02,0c:bc:fa:c1:00:00,1.380640618518379,1.8031317367535116,1.0,0.0,0.0,0.0,0.0,0.00001236053230377794
gotham,1,false_positive_0p020,0.02,0c:c5:dc:e9:00:00,0.47114775674291803,0.47114775674291803,0.0,1.0,0.0,0.0,0.0,0.9889041433574379
gotham,2,false_positive_0p001,0.001,02:42:37:46:7f:00,0.0,0.010099650758740718,1.0,0.0,0.0,0.0,0.0,0.0
gotham,2,false_positive_0p001,0.001,02:42:3a:fa:55:00,0.022633386184590064,0.45643995472256627,1.0,0.0,0.0,0.0,0.0,0.0008054103215666943
gotham,2,false_positive_0p001,0.001,02:42:51:3c:2f:00,0.0,0.03027690853398887,1.0,0.0,337.97203397750854,337.97203397750854,337.97203397750854,0.0
gotham,2,false_positive_0p001,0.001,02:42:51:78:60:00,0.0,0.07167328035632449,1.0,0.0,0.0,0.0,0.0,0.0
gotham,2,false_positive_0p001,0.001,02:42:52:d7:fa:00,0.0,0.04904034700790266,1.0,0.0,0.0,0.0,0.0,0.0
gotham,2,false_positive_0p001,0.001,02:42:78:54:1c:00,0.0,0.01009241011453387,1.0,0.0,341.53757095336914,341.53757095336914,341.53757095336914,0.0
gotham,2,false_positive_0p001,0.001,02:42:8d:87:6d:00,0.0,0.04037058000817888,1.0,0.0,372.93162298202515,372.93162298202515,372.93162298202515,0.0
gotham,2,false_positive_0p001,0.001,02:42:a9:11:53:00,0.7466882312786812,0.807230520301277,1.0,0.0,0.0,0.0,0.0,9.784386998475163e-6
gotham,2,false_positive_0p001,0.001,02:42:c0:ac:38:00,1.959333685207001,1.969433343378171,1.0,0.0,0.0,0.0,0.0,9.817131147623307e-6
gotham,2,false_positive_0p001,0.001,02:42:c1:b7:72:00,0.0,0.02018679049481543,1.0,0.0,397.3609459400177,397.3609459400177,397.3609459400177,0.0
gotham,2,false_positive_0p001,0.001,02:42:c2:7a:05:00,0.0,0.05045999719423911,1.0,0.0,337.84441018104553,337.84441018104553,337.84441018104553,0.0
gotham,2,false_positive_0p001,0.001,02:42:cc:db:31:00,0.0,0.09057185958285921,1.0,0.0,0.0,0.0,0.0,0.0
gotham,2,false_positive_0p001,0.001,02:42:da:1c:50:00,0.0,0.08000003003744213,1.0,0.0,0.0,0.0,0.0,0.0
gotham,2,false_positive_0p001,0.001,02:42:e8:56:10:00,0.0,0.020184620125068418,1.0,0.0,348.7794919013977,348.7794919013977,348.7794919013977,0.0
gotham,2,false_positive_0p001,0.001,02:42:eb:2e:72:00,0.0,0.010092108271219322,1.0,0.0,360.9315028190613,360.9315028190613,360.9315028190613,0.0
gotham,2,false_positive_0p001,0.001,02:42:f5:dd:2d:00,0.0,0.020203711995265737,1.0,0.0,0.0,0.0,0.0,0.0
gotham,2,false_positive_0p001,0.001,02:42:f7:f5:f7:00,0.015088812937947149,0.05658304851730181,1.0,0.0,0.0,0.0,0.0,0.00025604583653926434
gotham,2,false_positive_0p001,0.001,0c:03:36:87:00:00,0.0,0.06444052776784133,1.0,0.0,0.0,0.0,0.0,0.0
gotham,2,false_positive_0p001,0.001,0c:6e:9c:16:00:00,0.0,0.10939481280890005,1.0,0.0,0.0,0.0,0.0,0.0
gotham,2,false_positive_0p001,0.001,0c:bc:fa:c1:00:00,0.041494663398093365,0.35081851782024387,1.0,0.0,0.0,0.0,0.0,6.938944494526561e-6
gotham,2,false_positive_0p001,0.001,0c:c5:dc:e9:00:00,1.8845910269716721,1.8845910269716721,0.0,1.0,0.0,0.0,0.0,0.0003790744097917685
gotham,2,false_positive_0p0025,0.0025,02:42:08:99:2d:00,0.0,0.020201063460795195,1.0,0.0,0.0,0.0,0.0,0.0
gotham,2,false_positive_0p0025,0.0025,02:42:20:eb:85:00,0.0,0.030273489000429102,1.0,0.0,0.0,0.0,0.0,0.0
gotham,2,false_positive_0p0025,0.0025,02:42:2a:62:80:00,0.0,0.03030423915118545,1.0,0.0,0.0,0.0,0.0,0.0
gotham,2,false_positive_0p0025,0.0025,02:42:2b:40:e0:00,0.0,0.02019988328924068,1.0,0.0,0.0,0.0,0.0,0.0
gotham,2,false_positive_0p0025,0.0025,02:42:2e:ae:e1:00,0.0,0.10996219993806314,1.0,0.0,0.0,0.0,0.0,0.0
gotham,2,false_positive_0p0025,0.0025,02:42:32:85:24:00,0.0,0.06060891977135001,1.0,0.0,0.0,0.0,0.0,0.0
gotham,2,false_positive_0p0025,0.0025,02:42:34:89:3a:00,0.0,0.01009105833192443,1.0,0.0,0.0,0.0,0.0,0.0
gotham,2,false_positive_0p0025,0.0025,02:42:37:46:7f:00,0.0,0.010099650758740718,1.0,0.0,0.0,0.0,0.0,0.0
gotham,2,false_positive_0p0025,0.0025,02:42:3a:fa:55:00,0.007544462061530021,0.44889549266103623,1.0,0.0,0.0,0.0,0.0,0.0024393389579321625
gotham,2,false_positive_0p0025,0.0025,02:42:51:3c:2f:00,0.0,0.03027690853398887,1.0,0.0,337.97203397750854,337.97203397750854,337.97203397750854,0.0
gotham,2,false_positive_0p0025,0.0025,02:42:51:78:60:00,0.0,0.07167328035632449,1.0,0.0,0.0,0.0,0.0,0.0
gotham,2,false_positive_0p0025,0.0025,02:42:52:d7:fa:00,0.0,0.04904034700790266,1.0,0.0,0.0,0.0,0.0,0.0
gotham,2,false_positive_0p0025,0.0025,02:42:78:54:1c:00,0.0,0.01009241011453387,1.0,0.0,341.53757095336914,341.53757095336914,341.53757095336914,0.0
gotham,2,false_positive_0p0025,0.0025,02:42:82:75:d1:00,0.0,0.03033048061502582,1.0,0.0,0.0,0.0,0.0,0.0
gotham,2,false_positive_0p0025,0.0025,02:42:8d:87:6d:00,0.0,0.04037058000817888,1.0,0.0,372.93162298202515,372.93162298202515,372.93162298202515,0.0
gotham,2,false_positive_0p0025,0.0025,02:42:a9:11:53:00,2.14925126030215,2.2097935493247456,1.0,0.0,0.0,0.0,0.0,0.00005191633207680161
gotham,2,false_positive_0p0025,0.0025,02:42:bd:f8:c5:00,0.0,0.03027359470004522,1.0,0.0,0.0,0.0,0.0,0.0
gotham,2,false_positive_0p0025,0.0025,02:42:c0:ac:38:00,2.161326848630403,2.171426506801573,1.0,0.0,0.0,0.0,0.0,0.00006839736513705524
gotham,2,false_positive_0p0025,0.0025,02:42:c1:b7:72:00,0.0,0.02018679049481543,1.0,0.0,397.3609459400177,397.3609459400177,397.3609459400177,0.0
gotham,2,false_positive_0p0025,0.0025,02:42:c2:7a:05:00,0.0,0.05045999719423911,1.0,0.0,337.84441018104553,337.84441018104553,337.84441018104553,0.0
gotham,2,false_positive_0p0025,0.0025,02:42:c3:13:3c:00,0.0,0.02019978837296154,1.0,0.0,0.0,0.0,0.0,0.0
gotham,2,false_positive_0p0025,0.0025,02:42:c5:c1:72:00,0.0,0.040400843911856194,1.0,0.0,0.0,0.0,0.0,0.0
gotham,2,false_positive_0p0025,0.0025,02:42:cc:db:31:00,0.0,0.09057185958285921,1.0,0.0,0.0,0.0,0.0,0.0
gotham,2,false_positive_0p0025,0.0025,02:42:cd:90:eb:00,0.0,0.040400834754454246,1.0,0.0,0.0,0.0,0.0,0.0
gotham,2,false_positive_0p0025,0.0025,02:42:da:1c:50:00,0.0,0.08000003003744213,1.0,0.0,0.0,0.0,0.0,0.0
gotham,2,false_positive_0p0025,0.0025,02:42:de:51:81:00,0.0,0.010090975369746617,1.0,0.0,0.0,0.0,0.0,0.0
gotham,2,false_positive_0p0025,0.0025,02:42:e8:56:10:00,0.0,0.020184620125068418,1.0,0.0,348.7794919013977,348.7794919013977,348.7794919013977,0.0
gotham,2,false_positive_0p0025,0.0025,02:42:e9:4b:52:00,0.0,0.02019964467943793,1.0,0.0,0.0,0.0,0.0,0.0
gotham,2,false_positive_0p0025,0.0025,02:42:eb:2e:72:00,0.0,0.010092108271219322,1.0,0.0,360.9315028190613,360.9315028190613,360.9315028190613,0.0
gotham,2,false_positive_0p0025,0.0025,02:42:f5:dd:2d:00,0.0,0.020203711995265737,1.0,0.0,0.0,0.0,0.0,0.0
gotham,2,false_positive_0p0025,0.0025,02:42:f7:f5:f7:00,0.4187145590280334,0.4488921849039277,1.0,0.0,0.0,0.0,0.0,0.000012803425940305575
gotham,2,false_positive_0p0025,0.0025,0c:03:36:87:00:00,0.0,0.06444052776784133,1.0,0.0,0.0,0.0,0.0,0.0
gotham,2,false_positive_0p0025,0.0025,0c:6e:9c:16:00:00,0.0,0.10939481280890005,1.0,0.0,0.0,0.0,0.0,0.0
gotham,2,false_positive_0p0025,0.0025,0c:bc:fa:c1:00:00,0.04526690552519276,0.49416371865002096,1.0,0.0,0.0,0.0,0.0,6.67077362805744e-6
gotham,2,false_positive_0p0025,0.0025,0c:c5:dc:e9:00:00,10.836398405087115,10.836398405087115,0.0,1.0,0.0,0.0,0.0,0.0004767231920633643
gotham,2,false_positive_0p005,0.005,02:42:08:99:2d:00,0.0,0.020201063460795195,1.0,0.0,0.0,0.0,0.0,0.0
gotham,2,false_positive_0p005,0.005,02:42:20:eb:85:00,0.0,0.030273489000429102,1.0,0.0,0.0,0.0,0.0,0.0
gotham,2,false_positive_0p005,0.005,02:42:2a:62:80:00,0.0,0.03030423915118545,1.0,0.0,0.0,0.0,0.0,0.0
gotham,2,false_positive_0p005,0.005,02:42:2b:40:e0:00,0.0,0.02019988328924068,1.0,0.0,0.0,0.0,0.0,0.0
gotham,2,false_positive_0p005,0.005,02:42:2e:ae:e1:00,0.0,0.10996219993806314,1.0,0.0,0.0,0.0,0.0,0.0
gotham,2,false_positive_0p005,0.005,02:42:32:85:24:00,0.0,0.06060891977135001,1.0,0.0,0.0,0.0,0.0,0.0
gotham,2,false_positive_0p005,0.005,02:42:34:89:3a:00,0.0,0.01009105833192443,1.0,0.0,0.0,0.0,0.0,0.0
gotham,2,false_positive_0p005,0.005,02:42:37:46:7f:00,0.0,0.010099650758740718,1.0,0.0,0.0,0.0,0.0,0.0
gotham,2,false_positive_0p005,0.005,02:42:3a:fa:55:00,0.007544462061530021,0.44889549266103623,1.0,0.0,0.0,0.0,0.0,0.002439629730861368
gotham,2,false_positive_0p005,0.005,02:42:51:3c:2f:00,0.0,0.03027690853398887,1.0,0.0,337.97203397750854,337.97203397750854,337.97203397750854,0.0
gotham,2,false_positive_0p005,0.005,02:42:51:78:60:00,0.0,0.07167328035632449,1.0,0.0,0.0,0.0,0.0,0.0
gotham,2,false_positive_0p005,0.005,02:42:52:d7:fa:00,0.0,0.04904034700790266,1.0,0.0,0.0,0.0,0.0,0.0
gotham,2,false_positive_0p005,0.005,02:42:78:54:1c:00,0.0,0.01009241011453387,1.0,0.0,341.53757095336914,341.53757095336914,341.53757095336914,0.0
gotham,2,false_positive_0p005,0.005,02:42:82:75:d1:00,0.0,0.03033048061502582,1.0,0.0,0.0,0.0,0.0,0.0
gotham,2,false_positive_0p005,0.005,02:42:8d:87:6d:00,0.0,0.04037058000817888,1.0,0.0,372.93162298202515,372.93162298202515,372.93162298202515,0.0
gotham,2,false_positive_0p005,0.005,02:42:a9:11:53:00,0.9585862428577664,1.0191285318803622,1.0,0.0,0.0,0.0,0.0,0.00018833506745398172
gotham,2,false_positive_0p005,0.005,02:42:bd:f8:c5:00,0.0,0.03027359470004522,1.0,0.0,0.0,0.0,0.0,0.0
gotham,2,false_positive_0p005,0.005,02:42:c0:ac:38:00,0.010099658171170109,0.020199316342340217,1.0,0.0,0.0,0.0,0.0,0.021324423817499542
gotham,2,false_positive_0p005,0.005,02:42:c1:b7:72:00,0.0,0.02018679049481543,1.0,0.0,397.3609459400177,397.3609459400177,397.3609459400177,0.0
gotham,2,false_positive_0p005,0.005,02:42:c2:7a:05:00,0.0,0.05045999719423911,1.0,0.0,337.84441018104553,337.84441018104553,337.84441018104553,0.0
gotham,2,false_positive_0p005,0.005,02:42:c3:13:3c:00,0.0,0.02019978837296154,1.0,0.0,0.0,0.0,0.0,0.0
gotham,2,false_positive_0p005,0.005,02:42:c5:c1:72:00,0.0,0.040400843911856194,1.0,0.0,0.0,0.0,0.0,0.0
gotham,2,false_positive_0p005,0.005,02:42:cc:db:31:00,0.0,0.09057185958285921,1.0,0.0,0.0,0.0,0.0,0.0
gotham,2,false_positive_0p005,0.005,02:42:cd:90:eb:00,0.0,0.040400834754454246,1.0,0.0,0.0,0.0,0.0,0.0
gotham,2,false_positive_0p005,0.005,02:42:da:1c:50:00,0.0,0.08000003003744213,1.0,0.0,0.0,0.0,0.0,0.0
gotham,2,false_positive_0p005,0.005,02:42:de:51:81:00,0.0,0.010090975369746617,1.0,0.0,0.0,0.0,0.0,0.0
gotham,2,false_positive_0p005,0.005,02:42:e8:56:10:00,0.0,0.020184620125068418,1.0,0.0,348.7794919013977,348.7794919013977,348.7794919013977,0.0
gotham,2,false_positive_0p005,0.005,02:42:e9:4b:52:00,0.0,0.02019964467943793,1.0,0.0,0.0,0.0,0.0,0.0
gotham,2,false_positive_0p005,0.005,02:42:eb:2e:72:00,0.0,0.010092108271219322,1.0,0.0,360.9315028190613,360.9315028190613,360.9315028190613,0.0
gotham,2,false_positive_0p005,0.005,02:42:f5:dd:2d:00,0.0,0.020203711995265737,1.0,0.0,0.0,0.0,0.0,0.0
gotham,2,false_positive_0p005,0.005,02:42:f7:f5:f7:00,0.018861016172433936,0.045266438813841445,1.0,0.0,0.0,0.0,0.0,0.0013440979000570287
gotham,2,false_positive_0p005,0.005,0c:03:36:87:00:00,0.0,0.06444052776784133,1.0,0.0,0.0,0.0,0.0,0.0
gotham,2,false_positive_0p005,0.005,0c:6e:9c:16:00:00,0.0,0.10939481280890005,1.0,0.0,0.0,0.0,0.0,0.0
gotham,2,false_positive_0p005,0.005,0c:bc:fa:c1:00:00,1.1090391853672226,1.6446975674153368,1.0,0.0,0.0,0.0,0.0,9.577376527921828e-6
gotham,2,false_positive_0p005,0.005,0c:c5:dc:e9:00:00,39.1052638096622,39.1052638096622,0.0,1.0,0.0,0.0,0.0,0.0006231051670586166
gotham,2,false_positive_0p010,0.01,02:42:08:99:2d:00,0.0,0.020201063460795195,1.0,0.0,0.0,0.0,0.0,0.0
gotham,2,false_positive_0p010,0.01,02:42:20:eb:85:00,0.0,0.030273489000429102,1.0,0.0,0.0,0.0,0.0,0.0
gotham,2,false_positive_0p010,0.01,02:42:2a:62:80:00,0.0,0.03030423915118545,1.0,0.0,0.0,0.0,0.0,0.0
gotham,2,false_positive_0p010,0.01,02:42:2b:40:e0:00,0.0,0.02019988328924068,1.0,0.0,0.0,0.0,0.0,0.0
gotham,2,false_positive_0p010,0.01,02:42:2c:ff:d9:00,0.0,0.030302178269802867,1.0,0.0,0.0,0.0,0.0,0.0
gotham,2,false_positive_0p010,0.01,02:42:2e:ae:e1:00,0.003791799997864246,0.10617039994019889,1.0,0.0,0.0,0.0,0.0,4.661339727968366e-6
gotham,2,false_positive_0p010,0.01,02:42:32:85:24:00,0.0,0.06060891977135001,1.0,0.0,0.0,0.0,0.0,0.0
gotham,2,false_positive_0p010,0.01,02:42:34:89:3a:00,0.0,0.01009105833192443,1.0,0.0,0.0,0.0,0.0,0.0
gotham,2,false_positive_0p010,0.01,02:42:37:46:7f:00,0.0,0.010099650758740718,1.0,0.0,0.0,0.0,0.0,0.0
gotham,2,false_positive_0p010,0.01,02:42:37:ed:4f:00,0.0,0.050501567735698284,1.0,0.0,0.0,0.0,0.0,0.0
gotham,2,false_positive_0p010,0.01,02:42:39:ca:09:00,0.0,0.0201579362773077,1.0,0.0,0.0,0.0,0.0,0.0
gotham,2,false_positive_0p010,0.01,02:42:3a:fa:55:00,0.007544462061530021,0.44889549266103623,1.0,0.0,0.0,0.0,0.0,0.002439629730861368
gotham,2,false_positive_0p010,0.01,02:42:51:3c:2f:00,0.0,0.03027690853398887,1.0,0.0,337.97203397750854,337.97203397750854,337.97203397750854,0.0
gotham,2,false_positive_0p010,0.01,02:42:51:78:60:00,0.0,0.07544555826981525,1.0,0.0,0.0,0.0,0.0,0.0
gotham,2,false_positive_0p010,0.01,02:42:52:d7:fa:00,0.0,0.04904034700790266,1.0,0.0,0.0,0.0,0.0,0.0
gotham,2,false_positive_0p010,0.01,02:42:57:79:b7:00,0.0,0.03030211519649032,1.0,0.0,0.0,0.0,0.0,0.0
gotham,2,false_positive_0p010,0.01,02:42:78:54:1c:00,0.0,0.01009241011453387,1.0,0.0,341.53757095336914,341.53757095336914,341.53757095336914,0.0
gotham,2,false_positive_0p010,0.01,02:42:82:75:d1:00,0.0,0.03033048061502582,1.0,0.0,0.0,0.0,0.0,0.0
gotham,2,false_positive_0p010,0.01,02:42:8d:87:6d:00,0.0,0.04037058000817888,1.0,0.0,372.93162298202515,372.93162298202515,372.93162298202515,0.0
gotham,2,false_positive_0p010,0.01,02:42:a9:11:53:00,0.010090381503765962,0.07063267052636174,1.0,0.0,0.0,0.0,0.0,0.02132359611313465
gotham,2,false_positive_0p010,0.01,02:42:ae:88:72:00,0.0,0.04040034390543522,1.0,0.0,0.0,0.0,0.0,0.0
gotham,2,false_positive_0p010,0.01,02:42:bd:f8:c5:00,0.0,0.03027359470004522,1.0,0.0,0.0,0.0,0.0,0.0
gotham,2,false_positive_0p010,0.01,02:42:c0:ac:38:00,0.010099658171170109,0.020199316342340217,1.0,0.0,0.0,0.0,0.0,0.021324423817499542
gotham,2,false_positive_0p010,0.01,02:42:c1:b7:72:00,0.0,0.02018679049481543,1.0,0.0,397.3609459400177,397.3609459400177,397.3609459400177,0.0
gotham,2,false_positive_0p010,0.01,02:42:c2:7a:05:00,0.0,0.05045999719423911,1.0,0.0,337.84441018104553,337.84441018104553,337.84441018104553,0.0
gotham,2,false_positive_0p010,0.01,02:42:c3:13:3c:00,0.0,0.02019978837296154,1.0,0.0,0.0,0.0,0.0,0.0
gotham,2,false_positive_0p010,0.01,02:42:c5:6f:4c:00,0.0,0.010100451407491592,1.0,0.0,0.0,0.0,0.0,0.0
gotham,2,false_positive_0p010,0.01,02:42:c5:c1:72:00,0.0,0.040400843911856194,1.0,0.0,0.0,0.0,0.0,0.0
gotham,2,false_positive_0p010,0.01,02:42:cb:b5:ff:00,0.0,0.09078997108702894,1.0,0.0,0.0,0.0,0.0,0.0
gotham,2,false_positive_0p010,0.01,02:42:cc:db:31:00,0.0,0.09057185958285921,1.0,0.0,0.0,0.0,0.0,0.0
gotham,2,false_positive_0p010,0.01,02:42:cd:90:eb:00,0.0,0.040400834754454246,1.0,0.0,0.0,0.0,0.0,0.0
gotham,2,false_positive_0p010,0.01,02:42:da:1c:50:00,0.0,0.08000003003744213,1.0,0.0,0.0,0.0,0.0,0.0
gotham,2,false_positive_0p010,0.01,02:42:de:51:81:00,0.0,0.010090975369746617,1.0,0.0,0.0,0.0,0.0,0.0
gotham,2,false_positive_0p010,0.01,02:42:e8:56:10:00,0.0,0.020184620125068418,1.0,0.0,348.7794919013977,348.7794919013977,348.7794919013977,0.0
gotham,2,false_positive_0p010,0.01,02:42:e9:4b:52:00,0.0,0.02019964467943793,1.0,0.0,0.0,0.0,0.0,0.0
gotham,2,false_positive_0p010,0.01,02:42:eb:2e:72:00,0.0,0.010092108271219322,1.0,0.0,360.9315028190613,360.9315028190613,360.9315028190613,0.0
gotham,2,false_positive_0p010,0.01,02:42:f5:dd:2d:00,0.0,0.020203711995265737,1.0,0.0,0.0,0.0,0.0,0.0
gotham,2,false_positive_0p010,0.01,02:42:f7:8a:5d:00,0.0,0.03024553579957143,1.0,0.0,0.0,0.0,0.0,0.0
gotham,2,false_positive_0p010,0.01,02:42:f7:f5:f7:00,0.018861016172433936,0.045266438813841445,1.0,0.0,0.0,0.0,0.0,0.001344125470689611
gotham,2,false_positive_0p010,0.01,0c:03:36:87:00:00,0.0,0.06444052776784133,1.0,0.0,0.0,0.0,0.0,0.0
gotham,2,false_positive_0p010,0.01,0c:6e:9c:16:00:00,0.0,0.10939481280890005,1.0,0.0,0.0,0.0,0.0,0.0
gotham,2,false_positive_0p010,0.01,0c:bc:fa:c1:00:00,1.380640618518379,1.806903978880611,1.0,0.0,0.0,0.0,0.0,0.000012188763014678591
gotham,2,false_positive_0p010,0.01,0c:c5:dc:e9:00:00,89.0469260244115,89.0469260244115,0.0,1.0,0.0,0.0,0.0,0.001180055966900683
gotham,2,false_positive_0p020,0.02,02:42:08:99:2d:00,0.0,0.020201063460795195,1.0,0.0,0.0,0.0,0.0,0.0
gotham,2,false_positive_0p020,0.02,02:42:0b:0b:d7:00,0.9431769588034294,0.9431769588034294,0.0,1.0,0.0,0.0,0.0,0.000528215849956438
gotham,2,false_positive_0p020,0.02,02:42:12:96:2f:00,0.47160474165300087,0.47160474165300087,0.0,1.0,0.0,0.0,0.0,0.0005086348742302126
gotham,2,false_positive_0p020,0.02,02:42:20:eb:85:00,0.0,0.030273489000429102,1.0,0.0,0.0,0.0,0.0,0.0
gotham,2,false_positive_0p020,0.02,02:42:2a:62:80:00,0.0,0.03030423915118545,1.0,0.0,0.0,0.0,0.0,0.0
gotham,2,false_positive_0p020,0.02,02:42:2b:40:e0:00,0.0,0.02019988328924068,1.0,0.0,0.0,0.0,0.0,0.0
gotham,2,false_positive_0p020,0.02,02:42:2c:ff:d9:00,0.0,0.030302178269802867,1.0,0.0,0.0,0.0,0.0,0.0
gotham,2,false_positive_0p020,0.02,02:42:2e:0b:c2:00,1.4166344308448156,1.4166344308448156,0.0,1.0,0.0,0.0,0.0,0.0006017207991235846
gotham,2,false_positive_0p020,0.02,02:42:2e:ae:e1:00,0.003791799997864246,0.10617039994019889,1.0,0.0,0.0,0.0,0.0,4.661339727968366e-6
gotham,2,false_positive_0p020,0.02,02:42:32:85:24:00,0.0,0.06060891977135001,1.0,0.0,0.0,0.0,0.0,0.0
gotham,2,false_positive_0p020,0.02,02:42:34:89:3a:00,0.0,0.01009105833192443,1.0,0.0,0.0,0.0,0.0,0.0
gotham,2,false_positive_0p020,0.02,02:42:37:46:7f:00,0.0,0.010099650758740718,1.0,0.0,0.0,0.0,0.0,0.0
gotham,2,false_positive_0p020,0.02,02:42:37:ed:4f:00,0.0,0.050501567735698284,1.0,0.0,0.0,0.0,0.0,0.0
gotham,2,false_positive_0p020,0.02,02:42:39:ca:09:00,0.0,0.0201579362773077,1.0,0.0,0.0,0.0,0.0,0.0
gotham,2,false_positive_0p020,0.02,02:42:3a:fa:55:00,0.007544462061530021,0.44889549266103623,1.0,0.0,0.0,0.0,0.0,0.002439672063705848
gotham,2,false_positive_0p020,0.02,02:42:3c:e7:b0:00,1.4155021910670864,1.4155021910670864,0.0,1.0,0.0,0.0,0.0,0.0005625992470486874
gotham,2,false_positive_0p020,0.02,02:42:45:1f:36:00,1.888406559853066,1.888406559853066,0.0,1.0,0.0,0.0,0.0,0.00036959815256072816
gotham,2,false_positive_0p020,0.02,02:42:48:92:a3:00,5.1959611300040125,5.1959611300040125,0.0,1.0,0.0,0.0,0.0,0.00043013802993052344
gotham,2,false_positive_0p020,0.02,02:42:51:3c:2f:00,0.0,0.03027690853398887,1.0,0.0,337.97203397750854,337.97203397750854,337.97203397750854,0.0
gotham,2,false_positive_0p020,0.02,02:42:51:78:60:00,0.0,0.07544555826981525,1.0,0.0,0.0,0.0,0.0,0.0
gotham,2,false_positive_0p020,0.02,02:42:52:d7:fa:00,0.0,0.04904034700790266,1.0,0.0,0.0,0.0,0.0,0.0
gotham,2,false_positive_0p020,0.02,02:42:56:ac:61:00,2.836325978078696,2.836325978078696,0.0,1.0,0.0,0.0,0.0,0.0004996536930070766
gotham,2,false_positive_0p020,0.02,02:42:57:79:b7:00,0.0,0.03030211519649032,1.0,0.0,0.0,0.0,0.0,0.0
gotham,2,false_positive_0p020,0.02,02:42:61:b7:bc:00,0.47160590549370973,0.47160590549370973,0.0,1.0,0.0,0.0,0.0,0.0004536818635556316
gotham,2,false_positive_0p020,0.02,02:42:63:6b:70:00,3.3053960367998085,3.3053960367998085,0.0,1.0,0.0,0.0,0.0,0.0004443047688158773
gotham,2,false_positive_0p020,0.02,02:42:73:ad:39:00,0.4721750739988801,0.4721750739988801,0.0,1.0,0.0,0.0,0.0,0.0005747661299980417
gotham,2,false_positive_0p020,0.02,02:42:75:96:a3:00,0.9432514872419117,0.9432514872419117,0.0,1.0,0.0,0.0,0.0,0.0003394061021771074
gotham,2,false_positive_0p020,0.02,02:42:78:54:1c:00,0.0,0.01009241011453387,1.0,0.0,341.53757095336914,341.53757095336914,341.53757095336914,0.0
gotham,2,false_positive_0p020,0.02,02:42:7a:77:08:00,0.943273392147605,0.943273392147605,0.0,1.0,0.0,0.0,0.0,0.00042498840957426226
gotham,2,false_positive_0p020,0.02,02:42:82:75:d1:00,0.0,0.03033048061502582,1.0,0.0,0.0,0.0,0.0,0.0
gotham,2,false_positive_0p020,0.02,02:42:85:03:66:00,1.8889205926957717,1.8889205926957717,0.0,1.0,0.0,0.0,0.0,0.0005081982488597621
gotham,2,false_positive_0p020,0.02,02:42:8d:87:6d:00,0.0,0.04037058000817888,1.0,0.0,372.93162298202515,372.93162298202515,372.93162298202515,0.0
gotham,2,false_positive_0p020,0.02,02:42:8e:5a:86:00,4.250487132684312,4.250487132684312,0.0,1.0,0.0,0.0,0.0,0.0004689920318564722
gotham,2,false_positive_0p020,0.02,02:42:90:66:25:00,1.4149141807428063,1.4149141807428063,0.0,1.0,0.0,0.0,0.0,0.0005395550260311424
gotham,2,false_positive_0p020,0.02,02:42:98:66:68:00,0.9432467179828534,0.9432467179828534,0.0,1.0,0.0,0.0,0.0,0.0003943990259603304
gotham,2,false_positive_0p020,0.02,02:42:a0:64:db:00,0.47207176476928514,0.47207176476928514,0.0,1.0,0.0,0.0,0.0,0.0005730384656184478
gotham,2,false_positive_0p020,0.02,02:42:a9:11:53:00,0.010090381503765962,0.07063267052636174,1.0,0.0,0.0,0.0,0.0,0.02132359611313465
gotham,2,false_positive_0p020,0.02,02:42:ae:88:72:00,0.0,0.04040034390543522,1.0,0.0,0.0,0.0,0.0,0.0
gotham,2,false_positive_0p020,0.02,02:42:bd:f8:c5:00,0.0,0.03027359470004522,1.0,0.0,0.0,0.0,0.0,0.0
gotham,2,false_positive_0p020,0.02,02:42:c0:ac:38:00,0.010099658171170109,0.020199316342340217,1.0,0.0,0.0,0.0,0.0,0.021327110948953308
gotham,2,false_positive_0p020,0.02,02:42:c1:b7:72:00,0.0,0.02018679049481543,1.0,0.0,397.3609459400177,397.3609459400177,397.3609459400177,0.0
gotham,2,false_positive_0p020,0.02,02:42:c2:48:f9:00,0.47159946927451907,0.47159946927451907,0.0,1.0,0.0,0.0,0.0,0.00044821349271809976
gotham,2,false_positive_0p020,0.02,02:42:c2:7a:05:00,0.0,0.05045999719423911,1.0,0.0,337.84441018104553,337.84441018104553,337.84441018104553,0.0
gotham,2,false_positive_0p020,0.02,02:42:c3:13:3c:00,0.0,0.02019978837296154,1.0,0.0,0.0,0.0,0.0,0.0
gotham,2,false_positive_0p020,0.02,02:42:c5:6f:4c:00,0.0,0.010100451407491592,1.0,0.0,0.0,0.0,0.0,0.0
gotham,2,false_positive_0p020,0.02,02:42:c5:c1:72:00,0.0,0.040400843911856194,1.0,0.0,0.0,0.0,0.0,0.0
gotham,2,false_positive_0p020,0.02,02:42:c8:50:67:00,1.4159003406776292,1.4159003406776292,0.0,1.0,0.0,0.0,0.0,0.0005312312139757214
gotham,2,false_positive_0p020,0.02,02:42:cb:b5:ff:00,0.0,0.09078997108702894,1.0,0.0,0.0,0.0,0.0,0.0
gotham,2,false_positive_0p020,0.02,02:42:cc:db:31:00,0.0,0.09057185958285921,1.0,0.0,0.0,0.0,0.0,0.0
gotham,2,false_positive_0p020,0.02,02:42:cd:90:eb:00,0.0,0.040400834754454246,1.0,0.0,0.0,0.0,0.0,0.0
gotham,2,false_positive_0p020,0.02,02:42:d0:94:31:00,3.77782181296924,3.77782181296924,0.0,1.0,0.0,0.0,0.0,0.0004762343252465987
gotham,2,false_positive_0p020,0.02,02:42:d4:9f:bb:00,0.4724091787215793,0.4724091787215793,0.0,1.0,0.0,0.0,0.0,0.00028201529092525626
gotham,2,false_positive_0p020,0.02,02:42:da:1c:50:00,0.0,0.09142860575707673,1.0,0.0,0.0,0.0,0.0,0.0
gotham,2,false_positive_0p020,0.02,02:42:de:09:03:00,0.4721112301476989,0.4721112301476989,0.0,1.0,0.0,0.0,0.0,0.0005174529226924834
gotham,2,false_positive_0p020,0.02,02:42:de:51:81:00,0.0,0.010090975369746617,1.0,0.0,0.0,0.0,0.0,0.0
gotham,2,false_positive_0p020,0.02,02:42:e8:56:10:00,0.0,0.020184620125068418,1.0,0.0,348.7794919013977,348.7794919013977,348.7794919013977,0.0
gotham,2,false_positive_0p020,0.02,02:42:e9:4b:52:00,0.0,0.02019964467943793,1.0,0.0,0.0,0.0,0.0,0.0
gotham,2,false_positive_0p020,0.02,02:42:ea:da:fe:00,0.9453342114669907,0.9453342114669907,0.0,1.0,0.0,0.0,0.0,0.0005055574203427674
gotham,2,false_positive_0p020,0.02,02:42:eb:2e:72:00,0.0,0.010092108271219322,1.0,0.0,360.9315028190613,360.9315028190613,360.9315028190613,0.0
gotham,2,false_positive_0p020,0.02,02:42:f3:0f:05:00,0.47161455691965065,0.47161455691965065,0.0,1.0,0.0,0.0,0.0,0.0005294266490014182
gotham,2,false_positive_0p020,0.02,02:42:f3:95:27:00,0.9432226460090997,0.9432226460090997,0.0,1.0,0.0,0.0,0.0,0.00035420492508033525
gotham,2,false_positive_0p020,0.02,02:42:f5:dd:2d:00,0.0,0.020203711995265737,1.0,0.0,0.0,0.0,0.0,0.0
gotham,2,false_positive_0p020,0.02,02:42:f7:8a:5d:00,0.0,0.03024553579957143,1.0,0.0,0.0,0.0,0.0,0.0
gotham,2,false_positive_0p020,0.02,02:42:f7:f5:f7:00,0.018861016172433936,0.045266438813841445,1.0,0.0,0.0,0.0,0.0,0.001344125470689611
gotham,2,false_positive_0p020,0.02,02:42:fe:ae:87:00,0.943254284198103,0.943254284198103,0.0,1.0,0.0,0.0,0.0,0.0005420676577744489
gotham,2,false_positive_0p020,0.02,0c:03:36:87:00:00,0.38285254732658675,0.44729307509442806,1.0,0.0,0.0,0.0,0.0,4.991930589324368e-6
gotham,2,false_positive_0p020,0.02,0c:6e:9c:16:00:00,0.0,0.10939481280890005,1.0,0.0,0.0,0.0,0.0,0.0
gotham,2,false_positive_0p020,0.02,0c:bc:fa:c1:00:00,1.3542349236286833,1.7767260418638158,1.0,0.0,0.0,0.0,0.0,0.000018884389661060316
gotham,2,false_positive_0p020,0.02,0c:c5:dc:e9:00:00,65.96068594400853,65.96068594400853,0.0,1.0,0.0,0.0,0.0,0.004692400439927463
gotham,3,false_positive_0p001,0.001,02:42:3a:fa:55:00,0.0037722310307650104,0.08676131370759524,1.0,0.0,0.0,0.0,0.0,5.238650406799789e-6
gotham,3,false_positive_0p001,0.001,02:42:51:3c:2f:00,0.0,0.03027690853398887,1.0,0.0,337.97203397750854,337.97203397750854,337.97203397750854,0.0
gotham,3,false_positive_0p001,0.001,02:42:51:78:60:00,0.0,0.06790100244283372,1.0,0.0,0.0,0.0,0.0,0.0
gotham,3,false_positive_0p001,0.001,02:42:52:d7:fa:00,0.0,0.04904034700790266,1.0,0.0,0.0,0.0,0.0,0.0
gotham,3,false_positive_0p001,0.001,02:42:78:54:1c:00,0.0,0.01009241011453387,1.0,0.0,341.53757095336914,341.53757095336914,341.53757095336914,0.0
gotham,3,false_positive_0p001,0.001,02:42:8d:87:6d:00,0.0,0.04037058000817888,1.0,0.0,372.93162298202515,372.93162298202515,372.93162298202515,0.0
gotham,3,false_positive_0p001,0.001,02:42:a9:11:53:00,0.7466882312786812,0.807230520301277,1.0,0.0,0.0,0.0,0.0,9.784386998475163e-6
gotham,3,false_positive_0p001,0.001,02:42:c0:ac:38:00,1.959333685207001,1.969433343378171,1.0,0.0,0.0,0.0,0.0,9.817131147623307e-6
gotham,3,false_positive_0p001,0.001,02:42:c1:b7:72:00,0.0,0.02018679049481543,1.0,0.0,397.3609459400177,397.3609459400177,397.3609459400177,0.0
gotham,3,false_positive_0p001,0.001,02:42:c2:7a:05:00,0.0,0.05045999719423911,1.0,0.0,337.84441018104553,337.84441018104553,337.84441018104553,0.0
gotham,3,false_positive_0p001,0.001,02:42:cc:db:31:00,0.0,0.09057185958285921,1.0,0.0,0.0,0.0,0.0,0.0
gotham,3,false_positive_0p001,0.001,02:42:da:1c:50:00,0.0,0.08000003003744213,1.0,0.0,0.0,0.0,0.0,0.0
gotham,3,false_positive_0p001,0.001,02:42:e8:56:10:00,0.0,0.020184620125068418,1.0,0.0,348.7794919013977,348.7794919013977,348.7794919013977,0.0
gotham,3,false_positive_0p001,0.001,02:42:eb:2e:72:00,0.0,0.010092108271219322,1.0,0.0,360.9315028190613,360.9315028190613,360.9315028190613,0.0
gotham,3,false_positive_0p001,0.001,02:42:f7:f5:f7:00,0.015088812937947149,0.05658304851730181,1.0,0.0,0.0,0.0,0.0,0.0002559745837920156
gotham,3,false_positive_0p001,0.001,0c:03:36:87:00:00,0.0037906192804612548,0.0758123856092251,1.0,0.0,0.0,0.0,0.0,5.04614394708372e-6
gotham,3,false_positive_0p001,0.001,0c:6e:9c:16:00:00,0.0,0.10939481280890005,1.0,0.0,0.0,0.0,0.0,0.0
gotham,3,false_positive_0p001,0.001,0c:bc:fa:c1:00:00,0.041494663398093365,0.5054804450313192,1.0,0.0,0.0,0.0,0.0,7.0063683013602775e-6
gotham,3,false_positive_0p001,0.001,0c:c5:dc:e9:00:00,5.182625324172099,5.182625324172099,0.0,1.0,0.0,0.0,0.0,0.0006374897971349196
gotham,3,false_positive_0p0025,0.0025,02:42:08:99:2d:00,0.0,0.020201063460795195,1.0,0.0,0.0,0.0,0.0,0.0
gotham,3,false_positive_0p0025,0.0025,02:42:20:eb:85:00,0.0,0.030273489000429102,1.0,0.0,0.0,0.0,0.0,0.0
gotham,3,false_positive_0p0025,0.0025,02:42:2a:62:80:00,0.0,0.03030423915118545,1.0,0.0,0.0,0.0,0.0,0.0
gotham,3,false_positive_0p0025,0.0025,02:42:2b:40:e0:00,0.0,0.02019988328924068,1.0,0.0,0.0,0.0,0.0,0.0
gotham,3,false_positive_0p0025,0.0025,02:42:2e:ae:e1:00,0.0,0.10617039994019889,1.0,0.0,0.0,0.0,0.0,0.0
gotham,3,false_positive_0p0025,0.0025,02:42:32:85:24:00,0.0,0.06060891977135001,1.0,0.0,0.0,0.0,0.0,0.0
gotham,3,false_positive_0p0025,0.0025,02:42:34:89:3a:00,0.0,0.01009105833192443,1.0,0.0,0.0,0.0,0.0,0.0
gotham,3,false_positive_0p0025,0.0025,02:42:3a:fa:55:00,0.0037722310307650104,0.08676131370759524,1.0,0.0,0.0,0.0,0.0,5.238650406799789e-6
gotham,3,false_positive_0p0025,0.0025,02:42:51:3c:2f:00,0.0,0.03027690853398887,1.0,0.0,337.97203397750854,337.97203397750854,337.97203397750854,0.0
gotham,3,false_positive_0p0025,0.0025,02:42:51:78:60:00,0.0,0.06790100244283372,1.0,0.0,0.0,0.0,0.0,0.0
gotham,3,false_positive_0p0025,0.0025,02:42:52:d7:fa:00,0.0,0.04904034700790266,1.0,0.0,0.0,0.0,0.0,0.0
gotham,3,false_positive_0p0025,0.0025,02:42:78:54:1c:00,0.0,0.01009241011453387,1.0,0.0,341.53757095336914,341.53757095336914,341.53757095336914,0.0
gotham,3,false_positive_0p0025,0.0025,02:42:82:75:d1:00,0.0,0.03033048061502582,1.0,0.0,0.0,0.0,0.0,0.0
gotham,3,false_positive_0p0025,0.0025,02:42:8d:87:6d:00,0.0,0.04037058000817888,1.0,0.0,372.93162298202515,372.93162298202515,372.93162298202515,0.0
gotham,3,false_positive_0p0025,0.0025,02:42:a9:11:53:00,2.14925126030215,2.2097935493247456,1.0,0.0,0.0,0.0,0.0,0.00005191633207680161
gotham,3,false_positive_0p0025,0.0025,02:42:bd:f8:c5:00,0.0,0.03027359470004522,1.0,0.0,0.0,0.0,0.0,0.0
gotham,3,false_positive_0p0025,0.0025,02:42:c0:ac:38:00,2.161326848630403,2.171426506801573,1.0,0.0,0.0,0.0,0.0,0.00006839736513705524
gotham,3,false_positive_0p0025,0.0025,02:42:c1:b7:72:00,0.0,0.02018679049481543,1.0,0.0,397.3609459400177,397.3609459400177,397.3609459400177,0.0
gotham,3,false_positive_0p0025,0.0025,02:42:c2:7a:05:00,0.0,0.05045999719423911,1.0,0.0,337.84441018104553,337.84441018104553,337.84441018104553,0.0
gotham,3,false_positive_0p0025,0.0025,02:42:c3:13:3c:00,0.0,0.02019978837296154,1.0,0.0,0.0,0.0,0.0,0.0
gotham,3,false_positive_0p0025,0.0025,02:42:c5:c1:72:00,0.0,0.040400843911856194,1.0,0.0,0.0,0.0,0.0,0.0
gotham,3,false_positive_0p0025,0.0025,02:42:cc:db:31:00,0.0,0.09057185958285921,1.0,0.0,0.0,0.0,0.0,0.0
gotham,3,false_positive_0p0025,0.0025,02:42:cd:90:eb:00,0.0,0.040400834754454246,1.0,0.0,0.0,0.0,0.0,0.0
gotham,3,false_positive_0p0025,0.0025,02:42:da:1c:50:00,0.0,0.08000003003744213,1.0,0.0,0.0,0.0,0.0,0.0
gotham,3,false_positive_0p0025,0.0025,02:42:de:51:81:00,0.0,0.010090975369746617,1.0,0.0,0.0,0.0,0.0,0.0
gotham,3,false_positive_0p0025,0.0025,02:42:e8:56:10:00,0.0,0.020184620125068418,1.0,0.0,348.7794919013977,348.7794919013977,348.7794919013977,0.0
gotham,3,false_positive_0p0025,0.0025,02:42:e9:4b:52:00,0.0,0.02019964467943793,1.0,0.0,0.0,0.0,0.0,0.0
gotham,3,false_positive_0p0025,0.0025,02:42:eb:2e:72:00,0.0,0.010092108271219322,1.0,0.0,360.9315028190613,360.9315028190613,360.9315028190613,0.0
gotham,3,false_positive_0p0025,0.0025,02:42:f7:f5:f7:00,0.015088812937947149,0.05658304851730181,1.0,0.0,0.0,0.0,0.0,0.0002566211323463786
gotham,3,false_positive_0p0025,0.0025,0c:03:36:87:00:00,0.011371857841383764,0.0833936241701476,1.0,0.0,0.0,0.0,0.0,9.072097170472093e-6
gotham,3,false_positive_0p0025,0.0025,0c:6e:9c:16:00:00,0.0,0.10939481280890005,1.0,0.0,0.0,0.0,0.0,0.0
gotham,3,false_positive_0p0025,0.0025,0c:bc:fa:c1:00:00,0.04526690552519276,0.49416371865002096,1.0,0.0,0.0,0.0,0.0,6.67077362805744e-6
gotham,3,false_positive_0p0025,0.0025,0c:c5:dc:e9:00:00,27.326569891089246,27.326569891089246,0.0,1.0,0.0,0.0,0.0,0.0006934167345291802
gotham,3,false_positive_0p005,0.005,02:42:08:99:2d:00,0.0,0.020201063460795195,1.0,0.0,0.0,0.0,0.0,0.0
gotham,3,false_positive_0p005,0.005,02:42:20:eb:85:00,0.0,0.030273489000429102,1.0,0.0,0.0,0.0,0.0,0.0
gotham,3,false_positive_0p005,0.005,02:42:2a:62:80:00,0.0,0.03030423915118545,1.0,0.0,0.0,0.0,0.0,0.0
gotham,3,false_positive_0p005,0.005,02:42:2b:40:e0:00,0.0,0.02019988328924068,1.0,0.0,0.0,0.0,0.0,0.0
gotham,3,false_positive_0p005,0.005,02:42:2e:ae:e1:00,0.0,0.10617039994019889,1.0,0.0,0.0,0.0,0.0,0.0
gotham,3,false_positive_0p005,0.005,02:42:32:85:24:00,0.0,0.06060891977135001,1.0,0.0,0.0,0.0,0.0,0.0
gotham,3,false_positive_0p005,0.005,02:42:34:89:3a:00,0.0,0.01009105833192443,1.0,0.0,0.0,0.0,0.0,0.0
gotham,3,false_positive_0p005,0.005,02:42:3a:fa:55:00,0.0037722310307650104,0.08676131370759524,1.0,0.0,0.0,0.0,0.0,5.238650406799789e-6
gotham,3,false_positive_0p005,0.005,02:42:51:3c:2f:00,0.0,0.03027690853398887,1.0,0.0,337.97203397750854,337.97203397750854,337.97203397750854,0.0
gotham,3,false_positive_0p005,0.005,02:42:51:78:60:00,0.0,0.06790100244283372,1.0,0.0,0.0,0.0,0.0,0.0
gotham,3,false_positive_0p005,0.005,02:42:52:d7:fa:00,0.0,0.04904034700790266,1.0,0.0,0.0,0.0,0.0,0.0
gotham,3,false_positive_0p005,0.005,02:42:78:54:1c:00,0.0,0.01009241011453387,1.0,0.0,341.53757095336914,341.53757095336914,341.53757095336914,0.0
gotham,3,false_positive_0p005,0.005,02:42:82:75:d1:00,0.0,0.03033048061502582,1.0,0.0,0.0,0.0,0.0,0.0
gotham,3,false_positive_0p005,0.005,02:42:8d:87:6d:00,0.0,0.04037058000817888,1.0,0.0,372.93162298202515,372.93162298202515,372.93162298202515,0.0
gotham,3,false_positive_0p005,0.005,02:42:a9:11:53:00,0.9585862428577664,1.0191285318803622,1.0,0.0,0.0,0.0,0.0,0.00018833506745398172
gotham,3,false_positive_0p005,0.005,02:42:bd:f8:c5:00,0.0,0.03027359470004522,1.0,0.0,0.0,0.0,0.0,0.0
gotham,3,false_positive_0p005,0.005,02:42:c0:ac:38:00,0.010099658171170109,0.020199316342340217,1.0,0.0,0.0,0.0,0.0,0.021324423817499542
gotham,3,false_positive_0p005,0.005,02:42:c1:b7:72:00,0.0,0.02018679049481543,1.0,0.0,397.3609459400177,397.3609459400177,397.3609459400177,0.0
gotham,3,false_positive_0p005,0.005,02:42:c2:7a:05:00,0.0,0.05045999719423911,1.0,0.0,337.84441018104553,337.84441018104553,337.84441018104553,0.0
gotham,3,false_positive_0p005,0.005,02:42:c3:13:3c:00,0.0,0.02019978837296154,1.0,0.0,0.0,0.0,0.0,0.0
gotham,3,false_positive_0p005,0.005,02:42:c5:c1:72:00,0.0,0.040400843911856194,1.0,0.0,0.0,0.0,0.0,0.0
gotham,3,false_positive_0p005,0.005,02:42:cc:db:31:00,0.0,0.09057185958285921,1.0,0.0,0.0,0.0,0.0,0.0
gotham,3,false_positive_0p005,0.005,02:42:cd:90:eb:00,0.0,0.040400834754454246,1.0,0.0,0.0,0.0,0.0,0.0
gotham,3,false_positive_0p005,0.005,02:42:da:1c:50:00,0.0,0.08000003003744213,1.0,0.0,0.0,0.0,0.0,0.0
gotham,3,false_positive_0p005,0.005,02:42:de:51:81:00,0.0,0.010090975369746617,1.0,0.0,0.0,0.0,0.0,0.0
gotham,3,false_positive_0p005,0.005,02:42:e8:56:10:00,0.0,0.020184620125068418,1.0,0.0,348.7794919013977,348.7794919013977,348.7794919013977,0.0
gotham,3,false_positive_0p005,0.005,02:42:e9:4b:52:00,0.0,0.02019964467943793,1.0,0.0,0.0,0.0,0.0,0.0
gotham,3,false_positive_0p005,0.005,02:42:eb:2e:72:00,0.0,0.010092108271219322,1.0,0.0,360.9315028190613,360.9315028190613,360.9315028190613,0.0
gotham,3,false_positive_0p005,0.005,02:42:f7:f5:f7:00,0.015088812937947149,0.05658304851730181,1.0,0.0,0.0,0.0,0.0,0.0002566555956371064
gotham,3,false_positive_0p005,0.005,0c:03:36:87:00:00,0.03790619280461255,0.10992795913337639,1.0,0.0,0.0,0.0,0.0,6.590443040621226e-6
gotham,3,false_positive_0p005,0.005,0c:6e:9c:16:00:00,0.0,0.10939481280890005,1.0,0.0,0.0,0.0,0.0,0.0
gotham,3,false_positive_0p005,0.005,0c:bc:fa:c1:00:00,0.4715302658874246,1.112811427494322,1.0,0.0,0.0,0.0,0.0,8.564327779037153e-6
gotham,3,false_positive_0p005,0.005,0c:c5:dc:e9:00:00,62.6626516468081,62.6626516468081,0.0,1.0,0.0,0.0,0.0,0.0010098183398292444
gotham,3,false_positive_0p010,0.01,02:42:08:99:2d:00,0.0,0.020201063460795195,1.0,0.0,0.0,0.0,0.0,0.0
gotham,3,false_positive_0p010,0.01,02:42:20:eb:85:00,0.0,0.030273489000429102,1.0,0.0,0.0,0.0,0.0,0.0
gotham,3,false_positive_0p010,0.01,02:42:2a:62:80:00,0.0,0.03030423915118545,1.0,0.0,0.0,0.0,0.0,0.0
gotham,3,false_positive_0p010,0.01,02:42:2b:40:e0:00,0.0,0.02019988328924068,1.0,0.0,0.0,0.0,0.0,0.0
gotham,3,false_positive_0p010,0.01,02:42:2c:ff:d9:00,0.0,0.030302178269802867,1.0,0.0,0.0,0.0,0.0,0.0
gotham,3,false_positive_0p010,0.01,02:42:2e:0b:c2:00,0.9444229538965436,0.9444229538965436,0.0,1.0,0.0,0.0,0.0,0.0005094689622243001
gotham,3,false_positive_0p010,0.01,02:42:2e:ae:e1:00,0.003791799997864246,0.10237859994233464,1.0,0.0,0.0,0.0,0.0,4.661339727968366e-6
gotham,3,false_positive_0p010,0.01,02:42:32:85:24:00,0.0,0.06060891977135001,1.0,0.0,0.0,0.0,0.0,0.0
gotham,3,false_positive_0p010,0.01,02:42:34:89:3a:00,0.0,0.01009105833192443,1.0,0.0,0.0,0.0,0.0,0.0
gotham,3,false_positive_0p010,0.01,02:42:37:ed:4f:00,0.0,0.050501567735698284,1.0,0.0,0.0,0.0,0.0,0.0
gotham,3,false_positive_0p010,0.01,02:42:39:ca:09:00,0.0,0.0201579362773077,1.0,0.0,0.0,0.0,0.0,0.0
gotham,3,false_positive_0p010,0.01,02:42:3a:fa:55:00,0.0037722310307650104,0.08676131370759524,1.0,0.0,0.0,0.0,0.0,5.238650406799789e-6
gotham,3,false_positive_0p010,0.01,02:42:45:1f:36:00,0.944203279926533,0.944203279926533,0.0,1.0,0.0,0.0,0.0,0.0003415989693573055
gotham,3,false_positive_0p010,0.01,02:42:48:92:a3:00,0.944720205455275,0.944720205455275,0.0,1.0,0.0,0.0,0.0,0.0003663287456161299
gotham,3,false_positive_0p010,0.01,02:42:51:3c:2f:00,0.0,0.03027690853398887,1.0,0.0,337.97203397750854,337.97203397750854,337.97203397750854,0.0
gotham,3,false_positive_0p010,0.01,02:42:51:78:60:00,0.0,0.06790100244283372,1.0,0.0,0.0,0.0,0.0,0.0
gotham,3,false_positive_0p010,0.01,02:42:52:d7:fa:00,0.0,0.04904034700790266,1.0,0.0,0.0,0.0,0.0,0.0
gotham,3,false_positive_0p010,0.01,02:42:57:79:b7:00,0.0,0.03030211519649032,1.0,0.0,0.0,0.0,0.0,0.0
gotham,3,false_positive_0p010,0.01,02:42:63:6b:70:00,0.47219943382854407,0.47219943382854407,0.0,1.0,0.0,0.0,0.0,0.000549618110052485
gotham,3,false_positive_0p010,0.01,02:42:78:54:1c:00,0.0,0.01009241011453387,1.0,0.0,341.53757095336914,341.53757095336914,341.53757095336914,0.0
gotham,3,false_positive_0p010,0.01,02:42:82:75:d1:00,0.0,0.03033048061502582,1.0,0.0,0.0,0.0,0.0,0.0
gotham,3,false_positive_0p010,0.01,02:42:85:03:66:00,0.47223014817394293,0.47223014817394293,0.0,1.0,0.0,0.0,0.0,0.0005304835513775227
gotham,3,false_positive_0p010,0.01,02:42:8d:87:6d:00,0.0,0.04037058000817888,1.0,0.0,372.93162298202515,372.93162298202515,372.93162298202515,0.0
gotham,3,false_positive_0p010,0.01,02:42:8e:5a:86:00,0.9445526961520694,0.9445526961520694,0.0,1.0,0.0,0.0,0.0,0.00044672639303770583
gotham,3,false_positive_0p010,0.01,02:42:90:66:25:00,0.4716380602476021,0.4716380602476021,0.0,1.0,0.0,0.0,0.0,0.0005330602483596483
gotham,3,false_positive_0p010,0.01,02:42:a9:11:53:00,0.010090381503765962,0.07063267052636174,1.0,0.0,0.0,0.0,0.0,0.02132359611313465
gotham,3,false_positive_0p010,0.01,02:42:ae:88:72:00,0.0,0.04040034390543522,1.0,0.0,0.0,0.0,0.0,0.0
gotham,3,false_positive_0p010,0.01,02:42:bd:f8:c5:00,0.0,0.03027359470004522,1.0,0.0,0.0,0.0,0.0,0.0
gotham,3,false_positive_0p010,0.01,02:42:c0:ac:38:00,0.010099658171170109,0.020199316342340217,1.0,0.0,0.0,0.0,0.0,0.021324423817499542
gotham,3,false_positive_0p010,0.01,02:42:c1:b7:72:00,0.0,0.03028018574222315,1.0,0.0,0.0,0.0,0.0,0.0
gotham,3,false_positive_0p010,0.01,02:42:c2:7a:05:00,0.0,0.05045999719423911,1.0,0.0,337.84441018104553,337.84441018104553,337.84441018104553,0.0
gotham,3,false_positive_0p010,0.01,02:42:c3:13:3c:00,0.0,0.02019978837296154,1.0,0.0,0.0,0.0,0.0,0.0
gotham,3,false_positive_0p010,0.01,02:42:c5:6f:4c:00,0.0,0.010100451407491592,1.0,0.0,0.0,0.0,0.0,0.0
gotham,3,false_positive_0p010,0.01,02:42:c5:c1:72:00,0.0,0.040400843911856194,1.0,0.0,0.0,0.0,0.0,0.0
gotham,3,false_positive_0p010,0.01,02:42:c8:50:67:00,0.47196678022587635,0.47196678022587635,0.0,1.0,0.0,0.0,0.0,0.0003260847340858087
gotham,3,false_positive_0p010,0.01,02:42:cb:b5:ff:00,0.0,0.09078997108702894,1.0,0.0,0.0,0.0,0.0,0.0
gotham,3,false_positive_0p010,0.01,02:42:cc:db:31:00,0.0,0.09057185958285921,1.0,0.0,0.0,0.0,0.0,0.0
gotham,3,false_positive_0p010,0.01,02:42:cd:90:eb:00,0.0,0.040400834754454246,1.0,0.0,0.0,0.0,0.0,0.0
gotham,3,false_positive_0p010,0.01,02:42:d0:94:31:00,0.472227726621155,0.472227726621155,0.0,1.0,0.0,0.0,0.0,0.0005665207379077896
gotham,3,false_positive_0p010,0.01,02:42:da:1c:50:00,0.0,0.08000003003744213,1.0,0.0,0.0,0.0,0.0,0.0
gotham,3,false_positive_0p010,0.01,02:42:de:09:03:00,0.4721112301476989,0.4721112301476989,0.0,1.0,0.0,0.0,0.0,0.0005174529226924834
gotham,3,false_positive_0p010,0.01,02:42:de:51:81:00,0.0,0.010090975369746617,1.0,0.0,0.0,0.0,0.0,0.0
gotham,3,false_positive_0p010,0.01,02:42:e8:56:10:00,0.0,0.03027693018760263,1.0,0.0,0.0,0.0,0.0,0.0
gotham,3,false_positive_0p010,0.01,02:42:e8:8a:b5:00,0.0,0.010076654152554727,1.0,0.0,0.0,0.0,0.0,0.0
gotham,3,false_positive_0p010,0.01,02:42:e9:4b:52:00,0.0,0.02019964467943793,1.0,0.0,0.0,0.0,0.0,0.0
gotham,3,false_positive_0p010,0.01,02:42:ea:da:fe:00,0.47266710573349535,0.47266710573349535,0.0,1.0,0.0,0.0,0.0,0.00045496818512279967
gotham,3,false_positive_0p010,0.01,02:42:eb:2e:72:00,0.0,0.010092108271219322,1.0,0.0,360.9315028190613,360.9315028190613,360.9315028190613,0.0
gotham,3,false_positive_0p010,0.01,02:42:f7:8a:5d:00,0.0,0.03024553579957143,1.0,0.0,0.0,0.0,0.0,0.0
gotham,3,false_positive_0p010,0.01,02:42:f7:f5:f7:00,0.015088812937947149,0.05658304851730181,1.0,0.0,0.0,0.0,0.0,0.0002566555956371064
gotham,3,false_positive_0p010,0.01,0c:03:36:87:00:00,0.0833936241701476,0.15541539049891143,1.0,0.0,0.0,0.0,0.0,0.000010575966616048852
gotham,3,false_positive_0p010,0.01,0c:6e:9c:16:00:00,0.0,0.10939481280890005,1.0,0.0,0.0,0.0,0.0,0.0
gotham,3,false_positive_0p010,0.01,0c:bc:fa:c1:00:00,1.380640618518379,1.806903978880611,1.0,0.0,0.0,0.0,0.0,0.000012152586357657542
gotham,3,false_positive_0p010,0.01,0c:c5:dc:e9:00:00,87.16233499743984,87.16233499743984,0.0,1.0,0.0,0.0,0.0,0.002218540075468102
gotham,3,false_positive_0p020,0.02,02:42:08:99:2d:00,0.0,0.020201063460795195,1.0,0.0,0.0,0.0,0.0,0.0
gotham,3,false_positive_0p020,0.02,02:42:0b:0b:d7:00,0.9431769588034294,0.9431769588034294,0.0,1.0,0.0,0.0,0.0,0.000528215849956438
gotham,3,false_positive_0p020,0.02,02:42:20:eb:85:00,0.0,0.030273489000429102,1.0,0.0,0.0,0.0,0.0,0.0
gotham,3,false_positive_0p020,0.02,02:42:2a:62:80:00,0.0,0.03030423915118545,1.0,0.0,0.0,0.0,0.0,0.0
gotham,3,false_positive_0p020,0.02,02:42:2b:40:e0:00,0.0,0.02019988328924068,1.0,0.0,0.0,0.0,0.0,0.0
gotham,3,false_positive_0p020,0.02,02:42:2c:ff:d9:00,0.0,0.030302178269802867,1.0,0.0,0.0,0.0,0.0,0.0
gotham,3,false_positive_0p020,0.02,02:42:2e:0b:c2:00,1.4166344308448156,1.4166344308448156,0.0,1.0,0.0,0.0,0.0,0.0004646069059058755
gotham,3,false_positive_0p020,0.02,02:42:2e:ae:e1:00,0.003791799997864246,0.10617039994019889,1.0,0.0,0.0,0.0,0.0,4.661339727968366e-6
gotham,3,false_positive_0p020,0.02,02:42:32:85:24:00,0.0,0.06060891977135001,1.0,0.0,0.0,0.0,0.0,0.0
gotham,3,false_positive_0p020,0.02,02:42:34:89:3a:00,0.0,0.01009105833192443,1.0,0.0,0.0,0.0,0.0,0.0
gotham,3,false_positive_0p020,0.02,02:42:37:46:7f:00,0.0,0.010099650758740718,1.0,0.0,0.0,0.0,0.0,0.0
gotham,3,false_positive_0p020,0.02,02:42:37:ed:4f:00,0.0,0.050501567735698284,1.0,0.0,0.0,0.0,0.0,0.0
gotham,3,false_positive_0p020,0.02,02:42:39:ca:09:00,0.0,0.0201579362773077,1.0,0.0,0.0,0.0,0.0,0.0
gotham,3,false_positive_0p020,0.02,02:42:3a:fa:55:00,0.0037722310307650104,0.08676131370759524,1.0,0.0,0.0,0.0,0.0,5.238650406799789e-6
gotham,3,false_positive_0p020,0.02,02:42:3c:e7:b0:00,2.831004382134173,2.831004382134173,0.0,1.0,0.0,0.0,0.0,0.00045716215573141805
gotham,3,false_positive_0p020,0.02,02:42:45:1f:36:00,2.3605081998163326,2.3605081998163326,0.0,1.0,0.0,0.0,0.0,0.0004091551961115441
gotham,3,false_positive_0p020,0.02,02:42:45:f3:74:00,0.0,0.020184511011947882,1.0,0.0,2.9261891841888428,2.9261891841888428,2.9261891841888428,0.0
gotham,3,false_positive_0p020,0.02,02:42:48:92:a3:00,5.1959611300040125,5.1959611300040125,0.0,1.0,0.0,0.0,0.0,0.00037752400371763586
gotham,3,false_positive_0p020,0.02,02:42:51:3c:2f:00,0.0,0.07064611991264069,1.0,0.0,0.0,0.0,0.0,0.0
gotham,3,false_positive_0p020,0.02,02:42:51:78:60:00,0.0,0.06790100244283372,1.0,0.0,0.0,0.0,0.0,0.0
gotham,3,false_positive_0p020,0.02,02:42:52:d7:fa:00,0.0,0.04904034700790266,1.0,0.0,0.0,0.0,0.0,0.0
gotham,3,false_positive_0p020,0.02,02:42:56:ac:61:00,2.3636049817322466,2.3636049817322466,0.0,1.0,0.0,0.0,0.0,0.0004429386452342038
gotham,3,false_positive_0p020,0.02,02:42:57:79:b7:00,0.0,0.03030211519649032,1.0,0.0,0.0,0.0,0.0,0.0
gotham,3,false_positive_0p020,0.02,02:42:61:b7:bc:00,0.47160590549370973,0.47160590549370973,0.0,1.0,0.0,0.0,0.0,0.0004536818635556316
gotham,3,false_positive_0p020,0.02,02:42:63:6b:70:00,2.833196602971264,2.833196602971264,0.0,1.0,0.0,0.0,0.0,0.00048499453120425646
gotham,3,false_positive_0p020,0.02,02:42:73:ad:39:00,1.4165252219966402,1.4165252219966402,0.0,1.0,0.0,0.0,0.0,0.00046132890983728537
gotham,3,false_positive_0p020,0.02,02:42:75:96:a3:00,0.9432514872419117,0.9432514872419117,0.0,1.0,0.0,0.0,0.0,0.0003394061021771074
gotham,3,false_positive_0p020,0.02,02:42:76:0d:7f:00,0.0,0.02015337148938808,1.0,0.0,0.0,0.0,0.0,0.0
gotham,3,false_positive_0p020,0.02,02:42:78:54:1c:00,0.0,0.02018482022906774,1.0,0.0,0.0,0.0,0.0,0.0
gotham,3,false_positive_0p020,0.02,02:42:7a:77:08:00,0.943273392147605,0.943273392147605,0.0,1.0,0.0,0.0,0.0,0.00042498840957426226
gotham,3,false_positive_0p020,0.02,02:42:82:75:d1:00,0.0,0.03033048061502582,1.0,0.0,0.0,0.0,0.0,0.0
gotham,3,false_positive_0p020,0.02,02:42:85:03:66:00,1.416690444521829,1.416690444521829,0.0,1.0,0.0,0.0,0.0,0.0004728830547978474
gotham,3,false_positive_0p020,0.02,02:42:8d:87:6d:00,0.0,0.06055587001226832,1.0,0.0,0.0,0.0,0.0,0.0
gotham,3,false_positive_0p020,0.02,02:42:8e:5a:86:00,0.9445526961520694,0.9445526961520694,0.0,1.0,0.0,0.0,0.0,0.00044672639303770583
gotham,3,false_positive_0p020,0.02,02:42:90:66:25:00,1.4149141807428063,1.4149141807428063,0.0,1.0,0.0,0.0,0.0,0.0005395550260311424
gotham,3,false_positive_0p020,0.02,02:42:98:66:68:00,0.9432467179828534,0.9432467179828534,0.0,1.0,0.0,0.0,0.0,0.0003943990259603304
gotham,3,false_positive_0p020,0.02,02:42:a0:64:db:00,1.4162152943078554,1.4162152943078554,0.0,1.0,0.0,0.0,0.0,0.0005851183216102203
gotham,3,false_positive_0p020,0.02,02:42:a9:11:53:00,0.010090381503765962,0.07063267052636174,1.0,0.0,0.0,0.0,0.0,0.02132359611313465
gotham,3,false_positive_0p020,0.02,02:42:ae:88:72:00,0.0,0.04040034390543522,1.0,0.0,0.0,0.0,0.0,0.0
gotham,3,false_positive_0p020,0.02,02:42:bd:f8:c5:00,0.0,0.03027359470004522,1.0,0.0,0.0,0.0,0.0,0.0
gotham,3,false_positive_0p020,0.02,02:42:c0:ac:38:00,0.010099658171170109,0.020199316342340217,1.0,0.0,0.0,0.0,0.0,0.021327110948953308
gotham,3,false_positive_0p020,0.02,02:42:c1:b7:72:00,0.0,0.03028018574222315,1.0,0.0,0.0,0.0,0.0,0.0
gotham,3,false_positive_0p020,0.02,02:42:c2:48:f9:00,0.47159946927451907,0.47159946927451907,0.0,1.0,0.0,0.0,0.0,0.00044821349271809976
gotham,3,false_positive_0p020,0.02,02:42:c2:7a:05:00,0.0,0.060551996633086934,1.0,0.0,0.0,0.0,0.0,0.0
gotham,3,false_positive_0p020,0.02,02:42:c3:13:3c:00,0.0,0.02019978837296154,1.0,0.0,0.0,0.0,0.0,0.0
gotham,3,false_positive_0p020,0.02,02:42:c5:6f:4c:00,0.0,0.010100451407491592,1.0,0.0,0.0,0.0,0.0,0.0
gotham,3,false_positive_0p020,0.02,02:42:c5:c1:72:00,0.0,0.040400843911856194,1.0,0.0,0.0,0.0,0.0,0.0
gotham,3,false_positive_0p020,0.02,02:42:c8:50:67:00,0.9439335604517527,0.9439335604517527,0.0,1.0,0.0,0.0,0.0,0.0006471278033482772
gotham,3,false_positive_0p020,0.02,02:42:cb:b5:ff:00,0.0,0.09078997108702894,1.0,0.0,0.0,0.0,0.0,0.0
gotham,3,false_positive_0p020,0.02,02:42:cc:db:31:00,0.0,0.09057185958285921,1.0,0.0,0.0,0.0,0.0,0.0
gotham,3,false_positive_0p020,0.02,02:42:cd:90:eb:00,0.0,0.040400834754454246,1.0,0.0,0.0,0.0,0.0,0.0
gotham,3,false_positive_0p020,0.02,02:42:d0:94:31:00,2.83336635972693,2.83336635972693,0.0,1.0,0.0,0.0,0.0,0.000545483455824917
gotham,3,false_positive_0p020,0.02,02:42:d4:9f:bb:00,1.8896367148863171,1.8896367148863171,0.0,1.0,0.0,0.0,0.0,0.00036125115449769896
gotham,3,false_positive_0p020,0.02,02:42:da:1c:50:00,0.0,0.08000003003744213,1.0,0.0,0.0,0.0,0.0,0.0
gotham,3,false_positive_0p020,0.02,02:42:de:09:03:00,1.4163336904430968,1.4163336904430968,0.0,1.0,0.0,0.0,0.0,0.0004434638204516869
gotham,3,false_positive_0p020,0.02,02:42:de:51:81:00,0.0,0.010090975369746617,1.0,0.0,0.0,0.0,0.0,0.0
gotham,3,false_positive_0p020,0.02,02:42:e8:56:10:00,0.0,0.03027693018760263,1.0,0.0,0.0,0.0,0.0,0.0
gotham,3,false_positive_0p020,0.02,02:42:e8:8a:b5:00,0.0,0.010076654152554727,1.0,0.0,0.0,0.0,0.0,0.0
gotham,3,false_positive_0p020,0.02,02:42:e9:4b:52:00,0.0,0.02019964467943793,1.0,0.0,0.0,0.0,0.0,0.0
gotham,3,false_positive_0p020,0.02,02:42:ea:da:fe:00,1.418001317200486,1.418001317200486,0.0,1.0,0.0,0.0,0.0,0.0004732296380746174
gotham,3,false_positive_0p020,0.02,02:42:eb:2e:72:00,0.0,0.010092108271219322,1.0,0.0,40.90248489379883,40.90248489379883,40.90248489379883,0.0
gotham,3,false_positive_0p020,0.02,02:42:f3:0f:05:00,0.47161455691965065,0.47161455691965065,0.0,1.0,0.0,0.0,0.0,0.0005294266490014182
gotham,3,false_positive_0p020,0.02,02:42:f3:95:27:00,0.9432226460090997,0.9432226460090997,0.0,1.0,0.0,0.0,0.0,0.00035420492508033525
gotham,3,false_positive_0p020,0.02,02:42:f5:dd:2d:00,0.0,0.020203711995265737,1.0,0.0,0.0,0.0,0.0,0.0
gotham,3,false_positive_0p020,0.02,02:42:f7:8a:5d:00,0.0,0.03024553579957143,1.0,0.0,0.0,0.0,0.0,0.0
gotham,3,false_positive_0p020,0.02,02:42:f7:f5:f7:00,0.015088812937947149,0.05658304851730181,1.0,0.0,0.0,0.0,0.0,0.0002566555956371064
gotham,3,false_positive_0p020,0.02,02:42:fe:ae:87:00,0.943254284198103,0.943254284198103,0.0,1.0,0.0,0.0,0.0,0.0005420676577744489
gotham,3,false_positive_0p020,0.02,0c:03:36:87:00:00,0.09855610129199262,0.17057786762075647,1.0,0.0,0.0,0.0,0.0,0.000010902490125476913
gotham,3,false_positive_0p020,0.02,0c:6e:9c:16:00:00,0.0,0.10939481280890005,1.0,0.0,0.0,0.0,0.0,0.0
gotham,3,false_positive_0p020,0.02,0c:bc:fa:c1:00:00,1.3466904393744845,1.769181557609617,1.0,0.0,0.0,0.0,0.0,0.00001906287306593849
gotham,3,false_positive_0p020,0.02,0c:c5:dc:e9:00:00,32.980342972004266,32.980342972004266,0.0,1.0,0.0,0.0,0.0,0.011994908880664101
gotham,4,false_positive_0p001,0.001,02:42:37:46:7f:00,0.0,0.010099650758740718,1.0,0.0,0.0,0.0,0.0,0.0
gotham,4,false_positive_0p001,0.001,02:42:3a:fa:55:00,0.022633386184590064,0.45643995472256627,1.0,0.0,0.0,0.0,0.0,0.0008054103215666943
gotham,4,false_positive_0p001,0.001,02:42:45:f3:74:00,0.0,0.030276766517921824,1.0,0.0,0.0,0.0,0.0,0.0
gotham,4,false_positive_0p001,0.001,02:42:51:3c:2f:00,0.0,0.07064611991264069,1.0,0.0,0.0,0.0,0.0,0.0
gotham,4,false_positive_0p001,0.001,02:42:51:78:60:00,0.0,0.06790100244283372,1.0,0.0,0.0,0.0,0.0,0.0
gotham,4,false_positive_0p001,0.001,02:42:52:d7:fa:00,0.0,0.04904034700790266,1.0,0.0,0.0,0.0,0.0,0.0
gotham,4,false_positive_0p001,0.001,02:42:76:0d:7f:00,0.0,0.02015337148938808,1.0,0.0,0.0,0.0,0.0,0.0
gotham,4,false_positive_0p001,0.001,02:42:78:54:1c:00,0.0,0.02018482022906774,1.0,0.0,0.0,0.0,0.0,0.0
gotham,4,false_positive_0p001,0.001,02:42:8d:87:6d:00,0.0,0.06055587001226832,1.0,0.0,0.0,0.0,0.0,0.0
gotham,4,false_positive_0p001,0.001,02:42:a9:11:53:00,0.7466882312786812,0.807230520301277,1.0,0.0,0.0,0.0,0.0,9.784386998475163e-6
gotham,4,false_positive_0p001,0.001,02:42:c0:ac:38:00,1.959333685207001,1.969433343378171,1.0,0.0,0.0,0.0,0.0,9.817131147623307e-6
gotham,4,false_positive_0p001,0.001,02:42:c1:b7:72:00,0.0,0.03028018574222315,1.0,0.0,0.0,0.0,0.0,0.0
gotham,4,false_positive_0p001,0.001,02:42:c2:7a:05:00,0.0,0.060551996633086934,1.0,0.0,0.0,0.0,0.0,0.0
gotham,4,false_positive_0p001,0.001,02:42:cc:db:31:00,0.0,0.09057185958285921,1.0,0.0,0.0,0.0,0.0,0.0
gotham,4,false_positive_0p001,0.001,02:42:da:1c:50:00,0.0,0.08000003003744213,1.0,0.0,0.0,0.0,0.0,0.0
gotham,4,false_positive_0p001,0.001,02:42:e8:56:10:00,0.0,0.03027693018760263,1.0,0.0,0.0,0.0,0.0,0.0
gotham,4,false_positive_0p001,0.001,02:42:e8:8a:b5:00,0.0,0.010076654152554727,1.0,0.0,0.0,0.0,0.0,0.0
gotham,4,false_positive_0p001,0.001,02:42:eb:2e:72:00,0.0,0.010092108271219322,1.0,0.0,0.0,0.0,0.0,0.0
gotham,4,false_positive_0p001,0.001,02:42:f7:f5:f7:00,0.015088812937947149,0.05658304851730181,1.0,0.0,0.0,0.0,0.0,0.00025604583653926434
gotham,4,false_positive_0p001,0.001,0c:03:36:87:00:00,0.015162477121845019,0.08718424345060885,1.0,0.0,0.0,0.0,0.0,5.826741686414059e-6
gotham,4,false_positive_0p001,0.001,0c:6e:9c:16:00:00,0.0,0.10939481280890005,1.0,0.0,0.0,0.0,0.0,0.0
gotham,4,false_positive_0p001,0.001,0c:bc:fa:c1:00:00,0.041494663398093365,0.23765125400726198,1.0,0.0,0.0,0.0,0.0,6.110715348601313e-6
gotham,4,false_positive_0p001,0.001,0c:c5:dc:e9:00:00,16.019023729259214,16.019023729259214,0.0,1.0,0.0,0.0,0.0,0.0005072505517744939
gotham,4,false_positive_0p0025,0.0025,02:42:08:99:2d:00,0.0,0.020201063460795195,1.0,0.0,0.0,0.0,0.0,0.0
gotham,4,false_positive_0p0025,0.0025,02:42:20:eb:85:00,0.0,0.030273489000429102,1.0,0.0,0.0,0.0,0.0,0.0
gotham,4,false_positive_0p0025,0.0025,02:42:2a:62:80:00,0.0,0.03030423915118545,1.0,0.0,0.0,0.0,0.0,0.0
gotham,4,false_positive_0p0025,0.0025,02:42:2b:40:e0:00,0.0,0.02019988328924068,1.0,0.0,0.0,0.0,0.0,0.0
gotham,4,false_positive_0p0025,0.0025,02:42:2e:ae:e1:00,0.0,0.10237859994233464,1.0,0.0,0.0,0.0,0.0,0.0
gotham,4,false_positive_0p0025,0.0025,02:42:32:85:24:00,0.0,0.06060891977135001,1.0,0.0,0.0,0.0,0.0,0.0
gotham,4,false_positive_0p0025,0.0025,02:42:34:89:3a:00,0.0,0.01009105833192443,1.0,0.0,0.0,0.0,0.0,0.0
gotham,4,false_positive_0p0025,0.0025,02:42:37:46:7f:00,0.0,0.010099650758740718,1.0,0.0,0.0,0.0,0.0,0.0
gotham,4,false_positive_0p0025,0.0025,02:42:3a:fa:55:00,0.007544462061530021,0.44889549266103623,1.0,0.0,0.0,0.0,0.0,0.0024393389579321625
gotham,4,false_positive_0p0025,0.0025,02:42:45:f3:74:00,0.0,0.030276766517921824,1.0,0.0,0.0,0.0,0.0,0.0
gotham,4,false_positive_0p0025,0.0025,02:42:51:3c:2f:00,0.0,0.07064611991264069,1.0,0.0,0.0,0.0,0.0,0.0
gotham,4,false_positive_0p0025,0.0025,02:42:51:78:60:00,0.0,0.06790100244283372,1.0,0.0,0.0,0.0,0.0,0.0
gotham,4,false_positive_0p0025,0.0025,02:42:52:d7:fa:00,0.0,0.04904034700790266,1.0,0.0,0.0,0.0,0.0,0.0
gotham,4,false_positive_0p0025,0.0025,02:42:76:0d:7f:00,0.0,0.02015337148938808,1.0,0.0,0.0,0.0,0.0,0.0
gotham,4,false_positive_0p0025,0.0025,02:42:78:54:1c:00,0.0,0.02018482022906774,1.0,0.0,0.0,0.0,0.0,0.0
gotham,4,false_positive_0p0025,0.0025,02:42:82:75:d1:00,0.0,0.03033048061502582,1.0,0.0,0.0,0.0,0.0,0.0
gotham,4,false_positive_0p0025,0.0025,02:42:8d:87:6d:00,0.0,0.06055587001226832,1.0,0.0,0.0,0.0,0.0,0.0
gotham,4,false_positive_0p0025,0.0025,02:42:a9:11:53:00,2.14925126030215,2.2097935493247456,1.0,0.0,0.0,0.0,0.0,0.00005191633207680161
gotham,4,false_positive_0p0025,0.0025,02:42:bd:f8:c5:00,0.0,0.03027359470004522,1.0,0.0,0.0,0.0,0.0,0.0
gotham,4,false_positive_0p0025,0.0025,02:42:c0:ac:38:00,2.161326848630403,2.171426506801573,1.0,0.0,0.0,0.0,0.0,0.00006839736513705524
gotham,4,false_positive_0p0025,0.0025,02:42:c1:b7:72:00,0.0,0.03028018574222315,1.0,0.0,0.0,0.0,0.0,0.0
gotham,4,false_positive_0p0025,0.0025,02:42:c2:7a:05:00,0.0,0.060551996633086934,1.0,0.0,0.0,0.0,0.0,0.0
gotham,4,false_positive_0p0025,0.0025,02:42:c3:13:3c:00,0.0,0.02019978837296154,1.0,0.0,0.0,0.0,0.0,0.0
gotham,4,false_positive_0p0025,0.0025,02:42:c5:c1:72:00,0.0,0.040400843911856194,1.0,0.0,0.0,0.0,0.0,0.0
gotham,4,false_positive_0p0025,0.0025,02:42:cc:db:31:00,0.0,0.09057185958285921,1.0,0.0,0.0,0.0,0.0,0.0
gotham,4,false_positive_0p0025,0.0025,02:42:cd:90:eb:00,0.0,0.040400834754454246,1.0,0.0,0.0,0.0,0.0,0.0
gotham,4,false_positive_0p0025,0.0025,02:42:da:1c:50:00,0.0,0.08000003003744213,1.0,0.0,0.0,0.0,0.0,0.0
gotham,4,false_positive_0p0025,0.0025,02:42:de:51:81:00,0.0,0.010090975369746617,1.0,0.0,0.0,0.0,0.0,0.0
gotham,4,false_positive_0p0025,0.0025,02:42:e8:56:10:00,0.0,0.03027693018760263,1.0,0.0,0.0,0.0,0.0,0.0
gotham,4,false_positive_0p0025,0.0025,02:42:e8:8a:b5:00,0.0,0.010076654152554727,1.0,0.0,0.0,0.0,0.0,0.0
gotham,4,false_positive_0p0025,0.0025,02:42:e9:4b:52:00,0.0,0.02019964467943793,1.0,0.0,0.0,0.0,0.0,0.0
gotham,4,false_positive_0p0025,0.0025,02:42:eb:2e:72:00,0.0,0.010092108271219322,1.0,0.0,0.0,0.0,0.0,0.0
gotham,4,false_positive_0p0025,0.0025,02:42:f5:dd:2d:00,0.0,0.020203711995265737,1.0,0.0,0.0,0.0,0.0,0.0
gotham,4,false_positive_0p0025,0.0025,02:42:f7:f5:f7:00,0.015088812937947149,0.05658304851730181,1.0,0.0,0.0,0.0,0.0,0.0002566211323463786
gotham,4,false_positive_0p0025,0.0025,0c:03:36:87:00:00,0.0416968120850738,0.11371857841383765,1.0,0.0,0.0,0.0,0.0,7.854205407268112e-6
gotham,4,false_positive_0p0025,0.0025,0c:6e:9c:16:00:00,0.0,0.10939481280890005,1.0,0.0,0.0,0.0,0.0,0.0
gotham,4,false_positive_0p0025,0.0025,0c:bc:fa:c1:00:00,0.04526690552519276,0.49416371865002096,1.0,0.0,0.0,0.0,0.0,6.67077362805744e-6
gotham,4,false_positive_0p0025,0.0025,0c:c5:dc:e9:00:00,68.31642472772312,68.31642472772312,0.0,1.0,0.0,0.0,0.0,0.0008163946523590095
gotham,4,false_positive_0p005,0.005,02:42:08:99:2d:00,0.0,0.020201063460795195,1.0,0.0,0.0,0.0,0.0,0.0
gotham,4,false_positive_0p005,0.005,02:42:20:eb:85:00,0.0,0.030273489000429102,1.0,0.0,0.0,0.0,0.0,0.0
gotham,4,false_positive_0p005,0.005,02:42:2a:62:80:00,0.0,0.03030423915118545,1.0,0.0,0.0,0.0,0.0,0.0
gotham,4,false_positive_0p005,0.005,02:42:2b:40:e0:00,0.0,0.02019988328924068,1.0,0.0,0.0,0.0,0.0,0.0
gotham,4,false_positive_0p005,0.005,02:42:2e:ae:e1:00,0.0,0.10237859994233464,1.0,0.0,0.0,0.0,0.0,0.0
gotham,4,false_positive_0p005,0.005,02:42:32:85:24:00,0.0,0.06060891977135001,1.0,0.0,0.0,0.0,0.0,0.0
gotham,4,false_positive_0p005,0.005,02:42:34:89:3a:00,0.0,0.01009105833192443,1.0,0.0,0.0,0.0,0.0,0.0
gotham,4,false_positive_0p005,0.005,02:42:37:46:7f:00,0.0,0.010099650758740718,1.0,0.0,0.0,0.0,0.0,0.0
gotham,4,false_positive_0p005,0.005,02:42:3a:fa:55:00,0.007544462061530021,0.44889549266103623,1.0,0.0,0.0,0.0,0.0,0.002439629730861368
gotham,4,false_positive_0p005,0.005,02:42:45:f3:74:00,0.0,0.030276766517921824,1.0,0.0,0.0,0.0,0.0,0.0
gotham,4,false_positive_0p005,0.005,02:42:48:92:a3:00,0.4723601027276375,0.4723601027276375,0.0,1.0,0.0,0.0,0.0,0.0005026150483453626
gotham,4,false_positive_0p005,0.005,02:42:51:3c:2f:00,0.0,0.07064611991264069,1.0,0.0,0.0,0.0,0.0,0.0
gotham,4,false_positive_0p005,0.005,02:42:51:78:60:00,0.0,0.06790100244283372,1.0,0.0,0.0,0.0,0.0,0.0
gotham,4,false_positive_0p005,0.005,02:42:52:d7:fa:00,0.0,0.04904034700790266,1.0,0.0,0.0,0.0,0.0,0.0
gotham,4,false_positive_0p005,0.005,02:42:73:ad:39:00,0.4721750739988801,0.4721750739988801,0.0,1.0,0.0,0.0,0.0,0.0005457057205188361
gotham,4,false_positive_0p005,0.005,02:42:76:0d:7f:00,0.0,0.02015337148938808,1.0,0.0,0.0,0.0,0.0,0.0
gotham,4,false_positive_0p005,0.005,02:42:78:54:1c:00,0.0,0.02018482022906774,1.0,0.0,0.0,0.0,0.0,0.0
gotham,4,false_positive_0p005,0.005,02:42:82:75:d1:00,0.0,0.03033048061502582,1.0,0.0,0.0,0.0,0.0,0.0
gotham,4,false_positive_0p005,0.005,02:42:85:03:66:00,0.47223014817394293,0.47223014817394293,0.0,1.0,0.0,0.0,0.0,0.0003137624367135573
gotham,4,false_positive_0p005,0.005,02:42:8d:87:6d:00,0.0,0.06055587001226832,1.0,0.0,0.0,0.0,0.0,0.0
gotham,4,false_positive_0p005,0.005,02:42:a9:11:53:00,0.010090381503765962,0.07063267052636174,1.0,0.0,0.0,0.0,0.0,0.021317607990232402
gotham,4,false_positive_0p005,0.005,02:42:bd:f8:c5:00,0.0,0.03027359470004522,1.0,0.0,0.0,0.0,0.0,0.0
gotham,4,false_positive_0p005,0.005,02:42:c0:ac:38:00,0.010099658171170109,0.020199316342340217,1.0,0.0,0.0,0.0,0.0,0.021324423817499542
gotham,4,false_positive_0p005,0.005,02:42:c1:b7:72:00,0.0,0.03028018574222315,1.0,0.0,0.0,0.0,0.0,0.0
gotham,4,false_positive_0p005,0.005,02:42:c2:7a:05:00,0.0,0.060551996633086934,1.0,0.0,0.0,0.0,0.0,0.0
gotham,4,false_positive_0p005,0.005,02:42:c3:13:3c:00,0.0,0.02019978837296154,1.0,0.0,0.0,0.0,0.0,0.0
gotham,4,false_positive_0p005,0.005,02:42:c5:c1:72:00,0.0,0.040400843911856194,1.0,0.0,0.0,0.0,0.0,0.0
gotham,4,false_positive_0p005,0.005,02:42:cc:db:31:00,0.0,0.09057185958285921,1.0,0.0,0.0,0.0,0.0,0.0
gotham,4,false_positive_0p005,0.005,02:42:cd:90:eb:00,0.0,0.040400834754454246,1.0,0.0,0.0,0.0,0.0,0.0
gotham,4,false_positive_0p005,0.005,02:42:da:1c:50:00,0.0,0.08000003003744213,1.0,0.0,0.0,0.0,0.0,0.0
gotham,4,false_positive_0p005,0.005,02:42:de:09:03:00,0.4721112301476989,0.4721112301476989,0.0,1.0,0.0,0.0,0.0,0.0005061349745100532
gotham,4,false_positive_0p005,0.005,02:42:de:51:81:00,0.0,0.010090975369746617,1.0,0.0,0.0,0.0,0.0,0.0
gotham,4,false_positive_0p005,0.005,02:42:e8:56:10:00,0.0,0.03027693018760263,1.0,0.0,0.0,0.0,0.0,0.0
gotham,4,false_positive_0p005,0.005,02:42:e8:8a:b5:00,0.0,0.010076654152554727,1.0,0.0,0.0,0.0,0.0,0.0
gotham,4,false_positive_0p005,0.005,02:42:e9:4b:52:00,0.0,0.02019964467943793,1.0,0.0,0.0,0.0,0.0,0.0
gotham,4,false_positive_0p005,0.005,02:42:eb:2e:72:00,0.0,0.010092108271219322,1.0,0.0,0.0,0.0,0.0,0.0
gotham,4,false_positive_0p005,0.005,02:42:f5:dd:2d:00,0.0,0.020203711995265737,1.0,0.0,0.0,0.0,0.0,0.0
gotham,4,false_positive_0p005,0.005,02:42:f7:f5:f7:00,0.015088812937947149,0.05658304851730181,1.0,0.0,0.0,0.0,0.0,0.0002566555956371064
gotham,4,false_positive_0p005,0.005,0c:03:36:87:00:00,0.0758123856092251,0.14783415193798893,1.0,0.0,0.0,0.0,0.0,8.92601935951878e-6
gotham,4,false_positive_0p005,0.005,0c:6e:9c:16:00:00,0.0,0.10939481280890005,1.0,0.0,0.0,0.0,0.0,0.0
gotham,4,false_positive_0p005,0.005,0c:bc:fa:c1:00:00,0.4715302658874246,1.112811427494322,1.0,0.0,0.0,0.0,0.0,8.564327779037153e-6
gotham,4,false_positive_0p005,0.005,0c:c5:dc:e9:00:00,91.4026648081261,91.4026648081261,0.0,1.0,0.0,0.0,0.0,0.0022404615788417324
gotham,4,false_positive_0p010,0.01,02:42:08:99:2d:00,0.0,0.020201063460795195,1.0,0.0,0.0,0.0,0.0,0.0
gotham,4,false_positive_0p010,0.01,02:42:0b:0b:d7:00,0.4715884794017147,0.4715884794017147,0.0,1.0,0.0,0.0,0.0,0.0004931205436813436
gotham,4,false_positive_0p010,0.01,02:42:12:96:2f:00,0.47160474165300087,0.47160474165300087,0.0,1.0,0.0,0.0,0.0,0.0005061545874900057
gotham,4,false_positive_0p010,0.01,02:42:20:eb:85:00,0.0,0.030273489000429102,1.0,0.0,0.0,0.0,0.0,0.0
gotham,4,false_positive_0p010,0.01,02:42:2a:62:80:00,0.0,0.03030423915118545,1.0,0.0,0.0,0.0,0.0,0.0
gotham,4,false_positive_0p010,0.01,02:42:2b:40:e0:00,0.0,0.02019988328924068,1.0,0.0,0.0,0.0,0.0,0.0
gotham,4,false_positive_0p010,0.01,02:42:2c:ff:d9:00,0.0,0.030302178269802867,1.0,0.0,0.0,0.0,0.0,0.0
gotham,4,false_positive_0p010,0.01,02:42:2e:ae:e1:00,0.003791799997864246,0.10617039994019889,1.0,0.0,0.0,0.0,0.0,4.661339727968366e-6
gotham,4,false_positive_0p010,0.01,02:42:32:85:24:00,0.0,0.06060891977135001,1.0,0.0,0.0,0.0,0.0,0.0
gotham,4,false_positive_0p010,0.01,02:42:34:89:3a:00,0.0,0.01009105833192443,1.0,0.0,0.0,0.0,0.0,0.0
gotham,4,false_positive_0p010,0.01,02:42:37:46:7f:00,0.0,0.010099650758740718,1.0,0.0,0.0,0.0,0.0,0.0
gotham,4,false_positive_0p010,0.01,02:42:37:ed:4f:00,0.0,0.050501567735698284,1.0,0.0,0.0,0.0,0.0,0.0
gotham,4,false_positive_0p010,0.01,02:42:39:ca:09:00,0.0,0.0201579362773077,1.0,0.0,0.0,0.0,0.0,0.0
gotham,4,false_positive_0p010,0.01,02:42:3a:fa:55:00,0.007544462061530021,0.44889549266103623,1.0,0.0,0.0,0.0,0.0,0.002439629730861368
gotham,4,false_positive_0p010,0.01,02:42:45:1f:36:00,0.944203279926533,0.944203279926533,0.0,1.0,0.0,0.0,0.0,0.00048010334598161397
gotham,4,false_positive_0p010,0.01,02:42:45:f3:74:00,0.0,0.030276766517921824,1.0,0.0,0.0,0.0,0.0,0.0
gotham,4,false_positive_0p010,0.01,02:42:48:92:a3:00,1.4170803081829124,1.4170803081829124,0.0,1.0,0.0,0.0,0.0,0.000567939299017293
gotham,4,false_positive_0p010,0.01,02:42:51:3c:2f:00,0.0,0.07064611991264069,1.0,0.0,0.0,0.0,0.0,0.0
gotham,4,false_positive_0p010,0.01,02:42:51:78:60:00,0.0,0.06790100244283372,1.0,0.0,0.0,0.0,0.0,0.0
gotham,4,false_positive_0p010,0.01,02:42:52:d7:fa:00,0.0,0.04904034700790266,1.0,0.0,0.0,0.0,0.0,0.0
gotham,4,false_positive_0p010,0.01,02:42:56:ac:61:00,0.9454419926928986,0.9454419926928986,0.0,1.0,0.0,0.0,0.0,0.0004996262367027255
gotham,4,false_positive_0p010,0.01,02:42:57:79:b7:00,0.0,0.03030211519649032,1.0,0.0,0.0,0.0,0.0,0.0
gotham,4,false_positive_0p010,0.01,02:42:61:b7:bc:00,0.47160590549370973,0.47160590549370973,0.0,1.0,0.0,0.0,0.0,0.00045552075090882986
gotham,4,false_positive_0p010,0.01,02:42:63:6b:70:00,0.9443988676570881,0.9443988676570881,0.0,1.0,0.0,0.0,0.0,0.0005746690193576009
gotham,4,false_positive_0p010,0.01,02:42:73:ad:39:00,0.9443501479977602,0.9443501479977602,0.0,1.0,0.0,0.0,0.0,0.0005566229301248258
gotham,4,false_positive_0p010,0.01,02:42:76:0d:7f:00,0.0,0.02015337148938808,1.0,0.0,0.0,0.0,0.0,0.0
gotham,4,false_positive_0p010,0.01,02:42:78:54:1c:00,0.0,0.02018482022906774,1.0,0.0,0.0,0.0,0.0,0.0
gotham,4,false_positive_0p010,0.01,02:42:82:75:d1:00,0.0,0.03033048061502582,1.0,0.0,0.0,0.0,0.0,0.0
gotham,4,false_positive_0p010,0.01,02:42:85:03:66:00,0.9444602963478859,0.9444602963478859,0.0,1.0,0.0,0.0,0.0,0.0003472432992387967
gotham,4,false_positive_0p010,0.01,02:42:8d:87:6d:00,0.0,0.06055587001226832,1.0,0.0,0.0,0.0,0.0,0.0
gotham,4,false_positive_0p010,0.01,02:42:8e:5a:86:00,0.9445526961520694,0.9445526961520694,0.0,1.0,0.0,0.0,0.0,0.0005127342740200626
gotham,4,false_positive_0p010,0.01,02:42:90:66:25:00,0.4716380602476021,0.4716380602476021,0.0,1.0,0.0,0.0,0.0,0.0005307780684189788
gotham,4,false_positive_0p010,0.01,02:42:a9:11:53:00,0.010090381503765962,0.07063267052636174,1.0,0.0,0.0,0.0,0.0,0.02132359611313465
gotham,4,false_positive_0p010,0.01,02:42:ae:88:72:00,0.0,0.04040034390543522,1.0,0.0,0.0,0.0,0.0,0.0
gotham,4,false_positive_0p010,0.01,02:42:bd:f8:c5:00,0.0,0.03027359470004522,1.0,0.0,0.0,0.0,0.0,0.0
gotham,4,false_positive_0p010,0.01,02:42:c0:ac:38:00,0.010099658171170109,0.020199316342340217,1.0,0.0,0.0,0.0,0.0,0.021324423817499542
gotham,4,false_positive_0p010,0.01,02:42:c1:b7:72:00,0.0,0.03028018574222315,1.0,0.0,0.0,0.0,0.0,0.0
gotham,4,false_positive_0p010,0.01,02:42:c2:48:f9:00,0.47159946927451907,0.47159946927451907,0.0,1.0,0.0,0.0,0.0,0.0005095863794497905
gotham,4,false_positive_0p010,0.01,02:42:c2:7a:05:00,0.0,0.060551996633086934,1.0,0.0,0.0,0.0,0.0,0.0
gotham,4,false_positive_0p010,0.01,02:42:c3:13:3c:00,0.0,0.02019978837296154,1.0,0.0,0.0,0.0,0.0,0.0
gotham,4,false_positive_0p010,0.01,02:42:c5:6f:4c:00,0.0,0.010100451407491592,1.0,0.0,0.0,0.0,0.0,0.0
gotham,4,false_positive_0p010,0.01,02:42:c5:c1:72:00,0.0,0.040400843911856194,1.0,0.0,0.0,0.0,0.0,0.0
gotham,4,false_positive_0p010,0.01,02:42:c8:50:67:00,0.9439335604517527,0.9439335604517527,0.0,1.0,0.0,0.0,0.0,0.0005428622088976117
gotham,4,false_positive_0p010,0.01,02:42:cb:b5:ff:00,0.0,0.09078997108702894,1.0,0.0,0.0,0.0,0.0,0.0
gotham,4,false_positive_0p010,0.01,02:42:cc:db:31:00,0.0,0.09057185958285921,1.0,0.0,0.0,0.0,0.0,0.0
gotham,4,false_positive_0p010,0.01,02:42:cd:90:eb:00,0.0,0.040400834754454246,1.0,0.0,0.0,0.0,0.0,0.0
gotham,4,false_positive_0p010,0.01,02:42:d0:94:31:00,0.94445545324231,0.94445545324231,0.0,1.0,0.0,0.0,0.0,0.0004472492834386313
gotham,4,false_positive_0p010,0.01,02:42:da:1c:50:00,0.0,0.08000003003744213,1.0,0.0,0.0,0.0,0.0,0.0
gotham,4,false_positive_0p010,0.01,02:42:de:09:03:00,0.4721112301476989,0.4721112301476989,0.0,1.0,0.0,0.0,0.0,0.0005061349745100532
gotham,4,false_positive_0p010,0.01,02:42:de:51:81:00,0.0,0.010090975369746617,1.0,0.0,0.0,0.0,0.0,0.0
gotham,4,false_positive_0p010,0.01,02:42:e8:56:10:00,0.0,0.03027693018760263,1.0,0.0,0.0,0.0,0.0,0.0
gotham,4,false_positive_0p010,0.01,02:42:e8:8a:b5:00,0.0,0.010076654152554727,1.0,0.0,0.0,0.0,0.0,0.0
gotham,4,false_positive_0p010,0.01,02:42:e9:4b:52:00,0.0,0.02019964467943793,1.0,0.0,0.0,0.0,0.0,0.0
gotham,4,false_positive_0p010,0.01,02:42:ea:da:fe:00,0.47266710573349535,0.47266710573349535,0.0,1.0,0.0,0.0,0.0,0.00043559018830293
gotham,4,false_positive_0p010,0.01,02:42:eb:2e:72:00,0.0,0.010092108271219322,1.0,0.0,0.0,0.0,0.0,0.0
gotham,4,false_positive_0p010,0.01,02:42:f5:dd:2d:00,0.0,0.020203711995265737,1.0,0.0,0.0,0.0,0.0,0.0
gotham,4,false_positive_0p010,0.01,02:42:f7:8a:5d:00,0.0,0.03024553579957143,1.0,0.0,0.0,0.0,0.0,0.0
gotham,4,false_positive_0p010,0.01,02:42:f7:f5:f7:00,0.015088812937947149,0.05658304851730181,1.0,0.0,0.0,0.0,0.0,0.0002566555956371064
gotham,4,false_positive_0p010,0.01,0c:03:36:87:00:00,0.09855610129199262,0.18574034474260148,1.0,0.0,0.0,0.0,0.0,0.000011089936046612388
gotham,4,false_positive_0p010,0.01,0c:6e:9c:16:00:00,0.0,0.10939481280890005,1.0,0.0,0.0,0.0,0.0,0.0
gotham,4,false_positive_0p010,0.01,0c:bc:fa:c1:00:00,1.380640618518379,1.8106762210077103,1.0,0.0,0.0,0.0,0.0,0.000012175313900042216
gotham,4,false_positive_0p010,0.01,0c:c5:dc:e9:00:00,65.01839043052269,65.01839043052269,0.0,1.0,0.0,0.0,0.0,0.004804179484768084
gotham,4,false_positive_0p020,0.02,02:42:08:99:2d:00,0.0,0.020201063460795195,1.0,0.0,0.0,0.0,0.0,0.0
gotham,4,false_positive_0p020,0.02,02:42:0b:0b:d7:00,0.9431769588034294,0.9431769588034294,0.0,1.0,0.0,0.0,0.0,0.0005266896791966936
gotham,4,false_positive_0p020,0.02,02:42:12:96:2f:00,0.47160474165300087,0.47160474165300087,0.0,1.0,0.0,0.0,0.0,0.0005077148393928295
gotham,4,false_positive_0p020,0.02,02:42:20:eb:85:00,0.0,0.030273489000429102,1.0,0.0,0.0,0.0,0.0,0.0
gotham,4,false_positive_0p020,0.02,02:42:2a:62:80:00,0.0,0.03030423915118545,1.0,0.0,0.0,0.0,0.0,0.0
gotham,4,false_positive_0p020,0.02,02:42:2b:40:e0:00,0.0,0.02019988328924068,1.0,0.0,0.0,0.0,0.0,0.0
gotham,4,false_positive_0p020,0.02,02:42:2c:ff:d9:00,0.0,0.030302178269802867,1.0,0.0,0.0,0.0,0.0,0.0
gotham,4,false_positive_0p020,0.02,02:42:2e:0b:c2:00,0.4722114769482718,0.4722114769482718,0.0,1.0,0.0,0.0,0.0,0.0006388663540228483
gotham,4,false_positive_0p020,0.02,02:42:2e:ae:e1:00,0.003791799997864246,0.10617039994019889,1.0,0.0,0.0,0.0,0.0,4.661339727968366e-6
gotham,4,false_positive_0p020,0.02,02:42:32:85:24:00,0.0,0.06060891977135001,1.0,0.0,0.0,0.0,0.0,0.0
gotham,4,false_positive_0p020,0.02,02:42:34:89:3a:00,0.0,0.01009105833192443,1.0,0.0,0.0,0.0,0.0,0.0
gotham,4,false_positive_0p020,0.02,02:42:37:46:7f:00,0.0,0.010099650758740718,1.0,0.0,0.0,0.0,0.0,0.0
gotham,4,false_positive_0p020,0.02,02:42:37:ed:4f:00,0.0,0.050501567735698284,1.0,0.0,0.0,0.0,0.0,0.0
gotham,4,false_positive_0p020,0.02,02:42:39:ca:09:00,0.0,0.0201579362773077,1.0,0.0,0.0,0.0,0.0,0.0
gotham,4,false_positive_0p020,0.02,02:42:3a:fa:55:00,0.007544462061530021,0.44889549266103623,1.0,0.0,0.0,0.0,0.0,0.002439672063705848
gotham,4,false_positive_0p020,0.02,02:42:3c:e7:b0:00,1.4155021910670864,1.4155021910670864,0.0,1.0,0.0,0.0,0.0,0.00047816467226789467
gotham,4,false_positive_0p020,0.02,02:42:45:1f:36:00,0.944203279926533,0.944203279926533,0.0,1.0,0.0,0.0,0.0,0.00048010334598161397
gotham,4,false_positive_0p020,0.02,02:42:45:f3:74:00,0.0,0.030276766517921824,1.0,0.0,0.0,0.0,0.0,0.0
gotham,4,false_positive_0p020,0.02,02:42:48:92:a3:00,2.3618005136381877,2.3618005136381877,0.0,1.0,0.0,0.0,0.0,0.0004923590789031979
gotham,4,false_positive_0p020,0.02,02:42:51:3c:2f:00,0.0,0.07064611991264069,1.0,0.0,0.0,0.0,0.0,0.0
gotham,4,false_positive_0p020,0.02,02:42:51:78:60:00,0.0,0.07167328035632449,1.0,0.0,0.0,0.0,0.0,0.0
gotham,4,false_positive_0p020,0.02,02:42:52:d7:fa:00,0.0,0.04904034700790266,1.0,0.0,0.0,0.0,0.0,0.0
gotham,4,false_positive_0p020,0.02,02:42:56:ac:61:00,3.3090469744251454,3.3090469744251454,0.0,1.0,0.0,0.0,0.0,0.0004551036700642135
gotham,4,false_positive_0p020,0.02,02:42:57:79:b7:00,0.0,0.03030211519649032,1.0,0.0,0.0,0.0,0.0,0.0
gotham,4,false_positive_0p020,0.02,02:42:61:b7:bc:00,0.47160590549370973,0.47160590549370973,0.0,1.0,0.0,0.0,0.0,0.00045552075090882986
gotham,4,false_positive_0p020,0.02,02:42:63:6b:70:00,1.416598301485632,1.416598301485632,0.0,1.0,0.0,0.0,0.0,0.0008641223864657792
gotham,4,false_positive_0p020,0.02,02:42:73:ad:39:00,1.4165252219966402,1.4165252219966402,0.0,1.0,0.0,0.0,0.0,0.0005068413774390567
gotham,4,false_positive_0p020,0.02,02:42:75:96:a3:00,0.9432514872419117,0.9432514872419117,0.0,1.0,0.0,0.0,0.0,0.00034020773661527987
gotham,4,false_positive_0p020,0.02,02:42:76:0d:7f:00,0.0,0.02015337148938808,1.0,0.0,0.0,0.0,0.0,0.0
gotham,4,false_positive_0p020,0.02,02:42:78:54:1c:00,0.0,0.02018482022906774,1.0,0.0,0.0,0.0,0.0,0.0
gotham,4,false_positive_0p020,0.02,02:42:7a:77:08:00,0.4716366960738025,0.4716366960738025,0.0,1.0,0.0,0.0,0.0,0.000431546097105655
gotham,4,false_positive_0p020,0.02,02:42:82:75:d1:00,0.0,0.03033048061502582,1.0,0.0,0.0,0.0,0.0,0.0
gotham,4,false_positive_0p020,0.02,02:42:85:03:66:00,2.3611507408697148,2.3611507408697148,0.0,1.0,0.0,0.0,0.0,0.0004051463147043551
gotham,4,false_positive_0p020,0.02,02:42:8d:87:6d:00,0.0,0.06055587001226832,1.0,0.0,0.0,0.0,0.0,0.0
gotham,4,false_positive_0p020,0.02,02:42:8e:5a:86:00,1.8891053923041388,1.8891053923041388,0.0,1.0,0.0,0.0,0.0,0.0004193325171297584
gotham,4,false_positive_0p020,0.02,02:42:90:66:25:00,0.9432761204952042,0.9432761204952042,0.0,1.0,0.0,0.0,0.0,0.0005748047691070427
gotham,4,false_positive_0p020,0.02,02:42:a0:64:db:00,0.9441435295385703,0.9441435295385703,0.0,1.0,0.0,0.0,0.0,0.0006429996396546184
gotham,4,false_positive_0p020,0.02,02:42:a9:11:53:00,0.010090381503765962,0.07063267052636174,1.0,0.0,0.0,0.0,0.0,0.02132359611313465
gotham,4,false_positive_0p020,0.02,02:42:ae:88:72:00,0.0,0.04040034390543522,1.0,0.0,0.0,0.0,0.0,0.0
gotham,4,false_positive_0p020,0.02,02:42:bd:f8:c5:00,0.0,0.03027359470004522,1.0,0.0,0.0,0.0,0.0,0.0
gotham,4,false_positive_0p020,0.02,02:42:c0:ac:38:00,0.010099658171170109,0.020199316342340217,1.0,0.0,0.0,0.0,0.0,0.021327110948953308
gotham,4,false_positive_0p020,0.02,02:42:c1:b7:72:00,0.0,0.03028018574222315,1.0,0.0,0.0,0.0,0.0,0.0
gotham,4,false_positive_0p020,0.02,02:42:c2:48:f9:00,0.9431989385490381,0.9431989385490381,0.0,1.0,0.0,0.0,0.0,0.0004792943907153004
gotham,4,false_positive_0p020,0.02,02:42:c2:7a:05:00,0.0,0.060551996633086934,1.0,0.0,0.0,0.0,0.0,0.0
gotham,4,false_positive_0p020,0.02,02:42:c3:13:3c:00,0.0,0.02019978837296154,1.0,0.0,0.0,0.0,0.0,0.0
gotham,4,false_positive_0p020,0.02,02:42:c5:6f:4c:00,0.0,0.010100451407491592,1.0,0.0,0.0,0.0,0.0,0.0
gotham,4,false_positive_0p020,0.02,02:42:c5:c1:72:00,0.0,0.040400843911856194,1.0,0.0,0.0,0.0,0.0,0.0
gotham,4,false_positive_0p020,0.02,02:42:c8:50:67:00,1.4159003406776292,1.4159003406776292,0.0,1.0,0.0,0.0,0.0,0.0005475307522132089
gotham,4,false_positive_0p020,0.02,02:42:cb:b5:ff:00,0.0,0.09078997108702894,1.0,0.0,0.0,0.0,0.0,0.0
gotham,4,false_positive_0p020,0.02,02:42:cc:db:31:00,0.0,0.09057185958285921,1.0,0.0,0.0,0.0,0.0,0.0
gotham,4,false_positive_0p020,0.02,02:42:cd:90:eb:00,0.0,0.040400834754454246,1.0,0.0,0.0,0.0,0.0,0.0
gotham,4,false_positive_0p020,0.02,02:42:d0:94:31:00,3.77782181296924,3.77782181296924,0.0,1.0,0.0,0.0,0.0,0.0005398261828149058
gotham,4,false_positive_0p020,0.02,02:42:d4:9f:bb:00,0.4724091787215793,0.4724091787215793,0.0,1.0,0.0,0.0,0.0,0.0004238851432940837
gotham,4,false_positive_0p020,0.02,02:42:da:1c:50:00,0.0,0.08380955527732033,1.0,0.0,0.0,0.0,0.0,0.0
gotham,4,false_positive_0p020,0.02,02:42:de:09:03:00,1.8884449205907956,1.8884449205907956,0.0,1.0,0.0,0.0,0.0,0.0003674045948745862
gotham,4,false_positive_0p020,0.02,02:42:de:51:81:00,0.0,0.010090975369746617,1.0,0.0,0.0,0.0,0.0,0.0
gotham,4,false_positive_0p020,0.02,02:42:e8:56:10:00,0.0,0.03027693018760263,1.0,0.0,0.0,0.0,0.0,0.0
gotham,4,false_positive_0p020,0.02,02:42:e8:8a:b5:00,0.0,0.010076654152554727,1.0,0.0,0.0,0.0,0.0,0.0
gotham,4,false_positive_0p020,0.02,02:42:e9:4b:52:00,0.0,0.02019964467943793,1.0,0.0,0.0,0.0,0.0,0.0
gotham,4,false_positive_0p020,0.02,02:42:ea:da:fe:00,2.836002634400972,2.836002634400972,0.0,1.0,0.0,0.0,0.0,0.00040025979987515247
gotham,4,false_positive_0p020,0.02,02:42:eb:2e:72:00,0.0,0.010092108271219322,1.0,0.0,0.0,0.0,0.0,0.0
gotham,4,false_positive_0p020,0.02,02:42:f3:95:27:00,0.47161132300454983,0.47161132300454983,0.0,1.0,0.0,0.0,0.0,0.0003170827800789393
gotham,4,false_positive_0p020,0.02,02:42:f5:dd:2d:00,0.0,0.020203711995265737,1.0,0.0,0.0,0.0,0.0,0.0
gotham,4,false_positive_0p020,0.02,02:42:f7:8a:5d:00,0.0,0.03024553579957143,1.0,0.0,0.0,0.0,0.0,0.0
gotham,4,false_positive_0p020,0.02,02:42:f7:f5:f7:00,0.015088812937947149,0.05658304851730181,1.0,0.0,0.0,0.0,0.0,0.0002566555956371064
gotham,4,false_positive_0p020,0.02,02:42:fe:ae:87:00,0.4716271420990515,0.4716271420990515,0.0,1.0,0.0,0.0,0.0,0.00046129705613130105
gotham,4,false_positive_0p020,0.02,0c:03:36:87:00:00,0.1516247712184502,0.2425996339495203,1.0,0.0,0.0,0.0,0.0,0.000010435302100226075
gotham,4,false_positive_0p020,0.02,0c:6e:9c:16:00:00,0.0,0.10939481280890005,1.0,0.0,0.0,0.0,0.0,0.0
gotham,4,false_positive_0p020,0.02,0c:bc:fa:c1:00:00,1.3391459551202858,1.761637073355418,1.0,0.0,0.0,0.0,0.0,0.000019276652703924857
gotham,4,false_positive_0p020,0.02,0c:c5:dc:e9:00:00,24.02853559388882,24.02853559388882,0.0,1.0,0.0,0.0,0.0,0.017649629688955015
gotham,5,false_positive_0p001,0.001,02:42:37:46:7f:00,0.0,0.010099650758740718,1.0,0.0,0.0,0.0,0.0,0.0
gotham,5,false_positive_0p001,0.001,02:42:3a:fa:55:00,0.01886115515382505,0.44889549266103623,1.0,0.0,0.0,0.0,0.0,0.0009672621165589208
gotham,5,false_positive_0p001,0.001,02:42:45:f3:74:00,0.0,0.030276766517921824,1.0,0.0,0.0,0.0,0.0,0.0
gotham,5,false_positive_0p001,0.001,02:42:51:3c:2f:00,0.0,0.07064611991264069,1.0,0.0,0.0,0.0,0.0,0.0
gotham,5,false_positive_0p001,0.001,02:42:51:78:60:00,0.0,0.07167328035632449,1.0,0.0,0.0,0.0,0.0,0.0
gotham,5,false_positive_0p001,0.001,02:42:52:d7:fa:00,0.0,0.04904034700790266,1.0,0.0,0.0,0.0,0.0,0.0
gotham,5,false_positive_0p001,0.001,02:42:60:71:51:00,0.0,0.02018393027139078,1.0,0.0,352.7835602760315,352.7835602760315,352.7835602760315,0.0
gotham,5,false_positive_0p001,0.001,02:42:76:0d:7f:00,0.0,0.02015337148938808,1.0,0.0,0.0,0.0,0.0,0.0
gotham,5,false_positive_0p001,0.001,02:42:78:54:1c:00,0.0,0.02018482022906774,1.0,0.0,0.0,0.0,0.0,0.0
gotham,5,false_positive_0p001,0.001,02:42:8d:87:6d:00,0.0,0.06055587001226832,1.0,0.0,0.0,0.0,0.0,0.0
gotham,5,false_positive_0p001,0.001,02:42:a9:11:53:00,0.7466882312786812,0.807230520301277,1.0,0.0,0.0,0.0,0.0,9.784386998475163e-6
gotham,5,false_positive_0p001,0.001,02:42:c0:ac:38:00,1.959333685207001,1.969433343378171,1.0,0.0,0.0,0.0,0.0,9.817131147623307e-6
gotham,5,false_positive_0p001,0.001,02:42:c1:b7:72:00,0.0,0.03028018574222315,1.0,0.0,0.0,0.0,0.0,0.0
gotham,5,false_positive_0p001,0.001,02:42:c2:7a:05:00,0.0,0.060551996633086934,1.0,0.0,0.0,0.0,0.0,0.0
gotham,5,false_positive_0p001,0.001,02:42:c3:fb:f3:00,0.0,0.020158700453125306,1.0,0.0,442.93945693969727,442.93945693969727,442.93945693969727,0.0
gotham,5,false_positive_0p001,0.001,02:42:cc:db:31:00,0.0,0.09057185958285921,1.0,0.0,0.0,0.0,0.0,0.0
gotham,5,false_positive_0p001,0.001,02:42:da:1c:50:00,0.0,0.08380955527732033,1.0,0.0,0.0,0.0,0.0,0.0
gotham,5,false_positive_0p001,0.001,02:42:db:ec:8b:00,0.0,0.0302756911854404,1.0,0.0,390.589763879776,390.589763879776,390.589763879776,0.0
gotham,5,false_positive_0p001,0.001,02:42:de:15:12:00,0.0,0.010092708040097898,1.0,0.0,346.72848105430603,346.72848105430603,346.72848105430603,0.0
gotham,5,false_positive_0p001,0.001,02:42:e8:56:10:00,0.0,0.03027693018760263,1.0,0.0,0.0,0.0,0.0,0.0
gotham,5,false_positive_0p001,0.001,02:42:e8:8a:b5:00,0.0,0.010076654152554727,1.0,0.0,0.0,0.0,0.0,0.0
gotham,5,false_positive_0p001,0.001,02:42:eb:2e:72:00,0.0,0.010092108271219322,1.0,0.0,0.0,0.0,0.0,0.0
gotham,5,false_positive_0p001,0.001,02:42:f5:dd:2d:00,0.0,0.020203711995265737,1.0,0.0,0.0,0.0,0.0,0.0
gotham,5,false_positive_0p001,0.001,02:42:f7:f5:f7:00,0.011316609703460361,0.06789965822076217,1.0,0.0,0.0,0.0,0.0,3.4313291080118337e-6
gotham,5,false_positive_0p001,0.001,0c:03:36:87:00:00,0.015162477121845019,0.08718424345060885,1.0,0.0,0.0,0.0,0.0,4.273271547690434e-6
gotham,5,false_positive_0p001,0.001,0c:6e:9c:16:00:00,0.0,0.10939481280890005,1.0,0.0,0.0,0.0,0.0,0.0
gotham,5,false_positive_0p001,0.001,0c:bc:fa:c1:00:00,0.041494663398093365,0.18106762210077104,1.0,0.0,0.0,0.0,0.0,6.102860396307882e-6
gotham,5,false_positive_0p001,0.001,0c:c5:dc:e9:00:00,16.019023729259214,16.019023729259214,0.0,1.0,0.0,0.0,0.0,0.0005072505517744939
gotham,5,false_positive_0p0025,0.0025,02:42:08:99:2d:00,0.0,0.020201063460795195,1.0,0.0,0.0,0.0,0.0,0.0
gotham,5,false_positive_0p0025,0.0025,02:42:20:eb:85:00,0.0,0.030273489000429102,1.0,0.0,0.0,0.0,0.0,0.0
gotham,5,false_positive_0p0025,0.0025,02:42:2a:62:80:00,0.0,0.03030423915118545,1.0,0.0,0.0,0.0,0.0,0.0
gotham,5,false_positive_0p0025,0.0025,02:42:2b:40:e0:00,0.0,0.02019988328924068,1.0,0.0,0.0,0.0,0.0,0.0
gotham,5,false_positive_0p0025,0.0025,02:42:2e:ae:e1:00,0.0,0.10617039994019889,1.0,0.0,0.0,0.0,0.0,0.0
gotham,5,false_positive_0p0025,0.0025,02:42:32:85:24:00,0.0,0.06060891977135001,1.0,0.0,0.0,0.0,0.0,0.0
gotham,5,false_positive_0p0025,0.0025,02:42:34:89:3a:00,0.0,0.01009105833192443,1.0,0.0,0.0,0.0,0.0,0.0
gotham,5,false_positive_0p0025,0.0025,02:42:37:46:7f:00,0.0,0.010099650758740718,1.0,0.0,0.0,0.0,0.0,0.0
gotham,5,false_positive_0p0025,0.0025,02:42:3a:fa:55:00,0.007544462061530021,0.44889549266103623,1.0,0.0,0.0,0.0,0.0,0.0024394605065334554
gotham,5,false_positive_0p0025,0.0025,02:42:45:f3:74:00,0.0,0.030276766517921824,1.0,0.0,0.0,0.0,0.0,0.0
gotham,5,false_positive_0p0025,0.0025,02:42:51:3c:2f:00,0.0,0.07064611991264069,1.0,0.0,0.0,0.0,0.0,0.0
gotham,5,false_positive_0p0025,0.0025,02:42:51:78:60:00,0.0,0.07167328035632449,1.0,0.0,0.0,0.0,0.0,0.0
gotham,5,false_positive_0p0025,0.0025,02:42:52:d7:fa:00,0.0,0.04904034700790266,1.0,0.0,0.0,0.0,0.0,0.0
gotham,5,false_positive_0p0025,0.0025,02:42:60:71:51:00,0.0,0.02018393027139078,1.0,0.0,352.7835602760315,352.7835602760315,352.7835602760315,0.0
gotham,5,false_positive_0p0025,0.0025,02:42:76:0d:7f:00,0.0,0.02015337148938808,1.0,0.0,0.0,0.0,0.0,0.0
gotham,5,false_positive_0p0025,0.0025,02:42:78:54:1c:00,0.0,0.02018482022906774,1.0,0.0,0.0,0.0,0.0,0.0
gotham,5,false_positive_0p0025,0.0025,02:42:82:75:d1:00,0.0,0.03033048061502582,1.0,0.0,0.0,0.0,0.0,0.0
gotham,5,false_positive_0p0025,0.0025,02:42:8d:87:6d:00,0.0,0.06055587001226832,1.0,0.0,0.0,0.0,0.0,0.0
gotham,5,false_positive_0p0025,0.0025,02:42:90:66:25:00,0.4716380602476021,0.4716380602476021,0.0,1.0,0.0,0.0,0.0,0.00046887662376880615
gotham,5,false_positive_0p0025,0.0025,02:42:a9:11:53:00,2.14925126030215,2.2097935493247456,1.0,0.0,0.0,0.0,0.0,0.00005191633207680161
gotham,5,false_positive_0p0025,0.0025,02:42:bd:f8:c5:00,0.0,0.03027359470004522,1.0,0.0,0.0,0.0,0.0,0.0
gotham,5,false_positive_0p0025,0.0025,02:42:c0:ac:38:00,2.3835193283961456,2.3936189865673154,1.0,0.0,0.0,0.0,0.0,0.00005483847892064834
gotham,5,false_positive_0p0025,0.0025,02:42:c1:b7:72:00,0.0,0.03028018574222315,1.0,0.0,0.0,0.0,0.0,0.0
gotham,5,false_positive_0p0025,0.0025,02:42:c2:7a:05:00,0.0,0.060551996633086934,1.0,0.0,0.0,0.0,0.0,0.0
gotham,5,false_positive_0p0025,0.0025,02:42:c3:13:3c:00,0.0,0.02019978837296154,1.0,0.0,0.0,0.0,0.0,0.0
gotham,5,false_positive_0p0025,0.0025,02:42:c3:fb:f3:00,0.0,0.020158700453125306,1.0,0.0,442.93945693969727,442.93945693969727,442.93945693969727,0.0
gotham,5,false_positive_0p0025,0.0025,02:42:c5:c1:72:00,0.0,0.040400843911856194,1.0,0.0,0.0,0.0,0.0,0.0
gotham,5,false_positive_0p0025,0.0025,02:42:cc:db:31:00,0.0,0.09057185958285921,1.0,0.0,0.0,0.0,0.0,0.0
gotham,5,false_positive_0p0025,0.0025,02:42:cd:90:eb:00,0.0,0.040400834754454246,1.0,0.0,0.0,0.0,0.0,0.0
gotham,5,false_positive_0p0025,0.0025,02:42:da:1c:50:00,0.0,0.08380955527732033,1.0,0.0,0.0,0.0,0.0,0.0
gotham,5,false_positive_0p0025,0.0025,02:42:db:ec:8b:00,0.0,0.0302756911854404,1.0,0.0,390.589763879776,390.589763879776,390.589763879776,0.0
gotham,5,false_positive_0p0025,0.0025,02:42:de:15:12:00,0.0,0.010092708040097898,1.0,0.0,346.72848105430603,346.72848105430603,346.72848105430603,0.0
gotham,5,false_positive_0p0025,0.0025,02:42:de:51:81:00,0.0,0.010090975369746617,1.0,0.0,0.0,0.0,0.0,0.0
gotham,5,false_positive_0p0025,0.0025,02:42:e8:56:10:00,0.0,0.03027693018760263,1.0,0.0,0.0,0.0,0.0,0.0
gotham,5,false_positive_0p0025,0.0025,02:42:e8:8a:b5:00,0.0,0.010076654152554727,1.0,0.0,0.0,0.0,0.0,0.0
gotham,5,false_positive_0p0025,0.0025,02:42:e9:4b:52:00,0.0,0.02019964467943793,1.0,0.0,0.0,0.0,0.0,0.0
gotham,5,false_positive_0p0025,0.0025,02:42:eb:2e:72:00,0.0,0.010092108271219322,1.0,0.0,0.0,0.0,0.0,0.0
gotham,5,false_positive_0p0025,0.0025,02:42:f5:dd:2d:00,0.0,0.020203711995265737,1.0,0.0,0.0,0.0,0.0,0.0
gotham,5,false_positive_0p0025,0.0025,02:42:f7:f5:f7:00,0.011316609703460361,0.06789965822076217,1.0,0.0,0.0,0.0,0.0,3.4313291080118337e-6
gotham,5,false_positive_0p0025,0.0025,0c:03:36:87:00:00,0.05306866992645756,0.1250904362552214,1.0,0.0,0.0,0.0,0.0,4.342617852140181e-6
gotham,5,false_positive_0p0025,0.0025,0c:6e:9c:16:00:00,0.0,0.10939481280890005,1.0,0.0,0.0,0.0,0.0,0.0
gotham,5,false_positive_0p0025,0.0025,0c:bc:fa:c1:00:00,0.04526690552519276,0.49416371865002096,1.0,0.0,0.0,0.0,0.0,6.67077362805744e-6
gotham,5,false_positive_0p0025,0.0025,0c:c5:dc:e9:00:00,68.31642472772312,68.31642472772312,0.0,1.0,0.0,0.0,0.0,0.0008163946523590095
gotham,5,false_positive_0p005,0.005,02:42:08:99:2d:00,0.0,0.020201063460795195,1.0,0.0,0.0,0.0,0.0,0.0
gotham,5,false_positive_0p005,0.005,02:42:20:eb:85:00,0.0,0.030273489000429102,1.0,0.0,0.0,0.0,0.0,0.0
gotham,5,false_positive_0p005,0.005,02:42:2a:62:80:00,0.0,0.03030423915118545,1.0,0.0,0.0,0.0,0.0,0.0
gotham,5,false_positive_0p005,0.005,02:42:2b:40:e0:00,0.0,0.02019988328924068,1.0,0.0,0.0,0.0,0.0,0.0
gotham,5,false_positive_0p005,0.005,02:42:2e:0b:c2:00,0.4722114769482718,0.4722114769482718,0.0,1.0,0.0,0.0,0.0,0.0003768983594120433
gotham,5,false_positive_0p005,0.005,02:42:2e:ae:e1:00,0.0,0.10617039994019889,1.0,0.0,0.0,0.0,0.0,0.0
gotham,5,false_positive_0p005,0.005,02:42:32:85:24:00,0.0,0.06060891977135001,1.0,0.0,0.0,0.0,0.0,0.0
gotham,5,false_positive_0p005,0.005,02:42:34:89:3a:00,0.0,0.01009105833192443,1.0,0.0,0.0,0.0,0.0,0.0
gotham,5,false_positive_0p005,0.005,02:42:37:46:7f:00,0.0,0.010099650758740718,1.0,0.0,0.0,0.0,0.0,0.0
gotham,5,false_positive_0p005,0.005,02:42:3a:fa:55:00,0.007544462061530021,0.44889549266103623,1.0,0.0,0.0,0.0,0.0,0.0024394605065334554
gotham,5,false_positive_0p005,0.005,02:42:45:f3:74:00,0.0,0.030276766517921824,1.0,0.0,0.0,0.0,0.0,0.0
gotham,5,false_positive_0p005,0.005,02:42:51:3c:2f:00,0.0,0.07064611991264069,1.0,0.0,0.0,0.0,0.0,0.0
gotham,5,false_positive_0p005,0.005,02:42:51:78:60:00,0.0,0.07544555826981525,1.0,0.0,0.0,0.0,0.0,0.0
gotham,5,false_positive_0p005,0.005,02:42:52:d7:fa:00,0.0,0.04904034700790266,1.0,0.0,0.0,0.0,0.0,0.0
gotham,5,false_positive_0p005,0.005,02:42:60:71:51:00,0.0,0.02018393027139078,1.0,0.0,352.7835602760315,352.7835602760315,352.7835602760315,0.0
gotham,5,false_positive_0p005,0.005,02:42:76:0d:7f:00,0.0,0.02015337148938808,1.0,0.0,0.0,0.0,0.0,0.0
gotham,5,false_positive_0p005,0.005,02:42:78:54:1c:00,0.0,0.02018482022906774,1.0,0.0,0.0,0.0,0.0,0.0
gotham,5,false_positive_0p005,0.005,02:42:82:75:d1:00,0.0,0.03033048061502582,1.0,0.0,0.0,0.0,0.0,0.0
gotham,5,false_positive_0p005,0.005,02:42:8d:87:6d:00,0.0,0.06055587001226832,1.0,0.0,0.0,0.0,0.0,0.0
gotham,5,false_positive_0p005,0.005,02:42:8e:5a:86:00,0.4722763480760347,0.4722763480760347,0.0,1.0,0.0,0.0,0.0,0.0003266006331688911
gotham,5,false_positive_0p005,0.005,02:42:90:66:25:00,0.4716380602476021,0.4716380602476021,0.0,1.0,0.0,0.0,0.0,0.00046887662376880615
gotham,5,false_positive_0p005,0.005,02:42:98:66:68:00,0.9432467179828534,0.9432467179828534,0.0,1.0,0.0,0.0,0.0,0.0003943990259603304
gotham,5,false_positive_0p005,0.005,02:42:a9:11:53:00,0.24216915609038311,0.30271144511297887,1.0,0.0,0.0,0.0,0.0,0.0008612097954012523
gotham,5,false_positive_0p005,0.005,02:42:bd:f8:c5:00,0.0,0.03027359470004522,1.0,0.0,0.0,0.0,0.0,0.0
gotham,5,false_positive_0p005,0.005,02:42:c0:ac:38:00,0.010099658171170109,0.020199316342340217,1.0,0.0,0.0,0.0,0.0,0.021324423817499542
gotham,5,false_positive_0p005,0.005,02:42:c1:b7:72:00,0.0,0.03028018574222315,1.0,0.0,0.0,0.0,0.0,0.0
gotham,5,false_positive_0p005,0.005,02:42:c2:7a:05:00,0.0,0.060551996633086934,1.0,0.0,0.0,0.0,0.0,0.0
gotham,5,false_positive_0p005,0.005,02:42:c3:13:3c:00,0.0,0.02019978837296154,1.0,0.0,0.0,0.0,0.0,0.0
gotham,5,false_positive_0p005,0.005,02:42:c3:fb:f3:00,0.0,0.020158700453125306,1.0,0.0,442.93945693969727,442.93945693969727,442.93945693969727,0.0
gotham,5,false_positive_0p005,0.005,02:42:c5:c1:72:00,0.0,0.040400843911856194,1.0,0.0,0.0,0.0,0.0,0.0
gotham,5,false_positive_0p005,0.005,02:42:cc:db:31:00,0.0,0.09057185958285921,1.0,0.0,0.0,0.0,0.0,0.0
gotham,5,false_positive_0p005,0.005,02:42:cd:90:eb:00,0.0,0.040400834754454246,1.0,0.0,0.0,0.0,0.0,0.0
gotham,5,false_positive_0p005,0.005,02:42:da:1c:50:00,0.0,0.08380955527732033,1.0,0.0,0.0,0.0,0.0,0.0
gotham,5,false_positive_0p005,0.005,02:42:db:ec:8b:00,0.0,0.0302756911854404,1.0,0.0,390.589763879776,390.589763879776,390.589763879776,0.0
gotham,5,false_positive_0p005,0.005,02:42:de:15:12:00,0.0,0.010092708040097898,1.0,0.0,346.72848105430603,346.72848105430603,346.72848105430603,0.0
gotham,5,false_positive_0p005,0.005,02:42:de:51:81:00,0.0,0.010090975369746617,1.0,0.0,0.0,0.0,0.0,0.0
gotham,5,false_positive_0p005,0.005,02:42:e8:56:10:00,0.0,0.03027693018760263,1.0,0.0,0.0,0.0,0.0,0.0
gotham,5,false_positive_0p005,0.005,02:42:e8:8a:b5:00,0.0,0.010076654152554727,1.0,0.0,0.0,0.0,0.0,0.0
gotham,5,false_positive_0p005,0.005,02:42:e9:4b:52:00,0.0,0.02019964467943793,1.0,0.0,0.0,0.0,0.0,0.0
gotham,5,false_positive_0p005,0.005,02:42:ea:da:fe:00,0.47266710573349535,0.47266710573349535,0.0,1.0,0.0,0.0,0.0,0.00045433535345596534
gotham,5,false_positive_0p005,0.005,02:42:eb:2e:72:00,0.0,0.010092108271219322,1.0,0.0,0.0,0.0,0.0,0.0
gotham,5,false_positive_0p005,0.005,02:42:f5:dd:2d:00,0.0,0.020203711995265737,1.0,0.0,0.0,0.0,0.0,0.0
gotham,5,false_positive_0p005,0.005,02:42:f7:f5:f7:00,0.011316609703460361,0.06789965822076217,1.0,0.0,0.0,0.0,0.0,3.4313291080118337e-6
gotham,5,false_positive_0p005,0.005,0c:03:36:87:00:00,0.12129981697476015,0.19332158330352398,1.0,0.0,0.0,0.0,0.0,4.111644053429668e-6
gotham,5,false_positive_0p005,0.005,0c:6e:9c:16:00:00,0.0,0.10939481280890005,1.0,0.0,0.0,0.0,0.0,0.0
gotham,5,false_positive_0p005,0.005,0c:bc:fa:c1:00:00,0.4715302658874246,1.112811427494322,1.0,0.0,0.0,0.0,0.0,8.564327779037153e-6
gotham,5,false_positive_0p005,0.005,0c:c5:dc:e9:00:00,91.4026648081261,91.4026648081261,0.0,1.0,0.0,0.0,0.0,0.0022404615788417324
gotham,5,false_positive_0p010,0.01,02:42:08:99:2d:00,0.0,0.020201063460795195,1.0,0.0,0.0,0.0,0.0,0.0
gotham,5,false_positive_0p010,0.01,02:42:0b:0b:d7:00,0.9431769588034294,0.9431769588034294,0.0,1.0,0.0,0.0,0.0,0.000528215849956438
gotham,5,false_positive_0p010,0.01,02:42:20:eb:85:00,0.0,0.030273489000429102,1.0,0.0,0.0,0.0,0.0,0.0
gotham,5,false_positive_0p010,0.01,02:42:2a:62:80:00,0.0,0.03030423915118545,1.0,0.0,0.0,0.0,0.0,0.0
gotham,5,false_positive_0p010,0.01,02:42:2b:40:e0:00,0.0,0.02019988328924068,1.0,0.0,0.0,0.0,0.0,0.0
gotham,5,false_positive_0p010,0.01,02:42:2c:ff:d9:00,0.0,0.030302178269802867,1.0,0.0,0.0,0.0,0.0,0.0
gotham,5,false_positive_0p010,0.01,02:42:2e:0b:c2:00,0.4722114769482718,0.4722114769482718,0.0,1.0,0.0,0.0,0.0,0.0003768983594120433
gotham,5,false_positive_0p010,0.01,02:42:2e:ae:e1:00,0.0,0.10617039994019889,1.0,0.0,0.0,0.0,0.0,0.0
gotham,5,false_positive_0p010,0.01,02:42:32:85:24:00,0.0,0.06060891977135001,1.0,0.0,0.0,0.0,0.0,0.0
gotham,5,false_positive_0p010,0.01,02:42:34:89:3a:00,0.0,0.01009105833192443,1.0,0.0,0.0,0.0,0.0,0.0
gotham,5,false_positive_0p010,0.01,02:42:37:46:7f:00,0.0,0.010099650758740718,1.0,0.0,0.0,0.0,0.0,0.0
gotham,5,false_positive_0p010,0.01,02:42:37:ed:4f:00,0.0,0.050501567735698284,1.0,0.0,0.0,0.0,0.0,0.0
gotham,5,false_positive_0p010,0.01,02:42:39:ca:09:00,0.0,0.0201579362773077,1.0,0.0,0.0,0.0,0.0,0.0
gotham,5,false_positive_0p010,0.01,02:42:3a:fa:55:00,0.007544462061530021,0.44889549266103623,1.0,0.0,0.0,0.0,0.0,0.002439629730861368
gotham,5,false_positive_0p010,0.01,02:42:3c:e7:b0:00,0.9436681273780575,0.9436681273780575,0.0,1.0,0.0,0.0,0.0,0.0003226660760334652
gotham,5,false_positive_0p010,0.01,02:42:45:1f:36:00,0.4721016399632665,0.4721016399632665,0.0,1.0,0.0,0.0,0.0,0.0005080739129271323
gotham,5,false_positive_0p010,0.01,02:42:45:f3:74:00,0.0,0.030276766517921824,1.0,0.0,0.0,0.0,0.0,0.0
gotham,5,false_positive_0p010,0.01,02:42:48:92:a3:00,0.4723601027276375,0.4723601027276375,0.0,1.0,0.0,0.0,0.0,0.00029241661730589096
gotham,5,false_positive_0p010,0.01,02:42:51:3c:2f:00,0.0,0.07064611991264069,1.0,0.0,0.0,0.0,0.0,0.0
gotham,5,false_positive_0p010,0.01,02:42:51:78:60:00,0.0,0.07544555826981525,1.0,0.0,0.0,0.0,0.0,0.0
gotham,5,false_positive_0p010,0.01,02:42:52:d7:fa:00,0.0,0.04904034700790266,1.0,0.0,0.0,0.0,0.0,0.0
gotham,5,false_positive_0p010,0.01,02:42:56:ac:61:00,0.4727209963464493,0.4727209963464493,0.0,1.0,0.0,0.0,0.0,0.0003240271568081031
gotham,5,false_positive_0p010,0.01,02:42:57:79:b7:00,0.0,0.03030211519649032,1.0,0.0,0.0,0.0,0.0,0.0
gotham,5,false_positive_0p010,0.01,02:42:60:71:51:00,0.0,0.02018393027139078,1.0,0.0,352.7835602760315,352.7835602760315,352.7835602760315,0.0
gotham,5,false_positive_0p010,0.01,02:42:75:96:a3:00,0.47162574362095583,0.47162574362095583,0.0,1.0,0.0,0.0,0.0,0.0003616296170851401
gotham,5,false_positive_0p010,0.01,02:42:76:0d:7f:00,0.0,0.02015337148938808,1.0,0.0,0.0,0.0,0.0,0.0
gotham,5,false_positive_0p010,0.01,02:42:78:54:1c:00,0.0,0.02018482022906774,1.0,0.0,0.0,0.0,0.0,0.0
gotham,5,false_positive_0p010,0.01,02:42:7a:77:08:00,0.4716366960738025,0.4716366960738025,0.0,1.0,0.0,0.0,0.0,0.0004306379630358381
gotham,5,false_positive_0p010,0.01,02:42:82:75:d1:00,0.0,0.03033048061502582,1.0,0.0,0.0,0.0,0.0,0.0
gotham,5,false_positive_0p010,0.01,02:42:85:03:66:00,0.47223014817394293,0.47223014817394293,0.0,1.0,0.0,0.0,0.0,0.000282659379511764
gotham,5,false_positive_0p010,0.01,02:42:8d:87:6d:00,0.0,0.06055587001226832,1.0,0.0,0.0,0.0,0.0,0.0
gotham,5,false_positive_0p010,0.01,02:42:8e:5a:86:00,0.4722763480760347,0.4722763480760347,0.0,1.0,0.0,0.0,0.0,0.0005052428289176852
gotham,5,false_positive_0p010,0.01,02:42:90:66:25:00,0.4716380602476021,0.4716380602476021,0.0,1.0,0.0,0.0,0.0,0.0004701343465528174
gotham,5,false_positive_0p010,0.01,02:42:98:66:68:00,0.9432467179828534,0.9432467179828534,0.0,1.0,0.0,0.0,0.0,0.0003943990259603304
gotham,5,false_positive_0p010,0.01,02:42:a0:64:db:00,0.47207176476928514,0.47207176476928514,0.0,1.0,0.0,0.0,0.0,0.0006318031449649918
gotham,5,false_positive_0p010,0.01,02:42:a9:11:53:00,0.010090381503765962,0.07063267052636174,1.0,0.0,0.0,0.0,0.0,0.02132359611313465
gotham,5,false_positive_0p010,0.01,02:42:ae:88:72:00,0.0,0.04040034390543522,1.0,0.0,0.0,0.0,0.0,0.0
gotham,5,false_positive_0p010,0.01,02:42:bd:f8:c5:00,0.0,0.03027359470004522,1.0,0.0,0.0,0.0,0.0,0.0
gotham,5,false_positive_0p010,0.01,02:42:c0:ac:38:00,0.010099658171170109,0.020199316342340217,1.0,0.0,0.0,0.0,0.0,0.021324423817499542
gotham,5,false_positive_0p010,0.01,02:42:c1:b7:72:00,0.0,0.03028018574222315,1.0,0.0,0.0,0.0,0.0,0.0
gotham,5,false_positive_0p010,0.01,02:42:c2:48:f9:00,0.47159946927451907,0.47159946927451907,0.0,1.0,0.0,0.0,0.0,0.0004472011127805924
gotham,5,false_positive_0p010,0.01,02:42:c2:7a:05:00,0.0,0.060551996633086934,1.0,0.0,0.0,0.0,0.0,0.0
gotham,5,false_positive_0p010,0.01,02:42:c3:13:3c:00,0.0,0.02019978837296154,1.0,0.0,0.0,0.0,0.0,0.0
gotham,5,false_positive_0p010,0.01,02:42:c3:fb:f3:00,0.0,0.020158700453125306,1.0,0.0,442.93945693969727,442.93945693969727,442.93945693969727,0.0
gotham,5,false_positive_0p010,0.01,02:42:c5:6f:4c:00,0.0,0.010100451407491592,1.0,0.0,0.0,0.0,0.0,0.0
gotham,5,false_positive_0p010,0.01,02:42:c5:c1:72:00,0.0,0.040400843911856194,1.0,0.0,0.0,0.0,0.0,0.0
gotham,5,false_positive_0p010,0.01,02:42:cb:b5:ff:00,0.0,0.09078997108702894,1.0,0.0,0.0,0.0,0.0,0.0
gotham,5,false_positive_0p010,0.01,02:42:cc:db:31:00,0.0,0.09057185958285921,1.0,0.0,0.0,0.0,0.0,0.0
gotham,5,false_positive_0p010,0.01,02:42:cd:90:eb:00,0.0,0.040400834754454246,1.0,0.0,0.0,0.0,0.0,0.0
gotham,5,false_positive_0p010,0.01,02:42:d0:94:31:00,0.472227726621155,0.472227726621155,0.0,1.0,0.0,0.0,0.0,0.0005270067762034319
gotham,5,false_positive_0p010,0.01,02:42:da:1c:50:00,0.0,0.08761908051719852,1.0,0.0,0.0,0.0,0.0,0.0
gotham,5,false_positive_0p010,0.01,02:42:db:ec:8b:00,0.0,0.0302756911854404,1.0,0.0,390.589763879776,390.589763879776,390.589763879776,0.0
gotham,5,false_positive_0p010,0.01,02:42:de:15:12:00,0.0,0.010092708040097898,1.0,0.0,346.72848105430603,346.72848105430603,346.72848105430603,0.0
gotham,5,false_positive_0p010,0.01,02:42:de:51:81:00,0.0,0.010090975369746617,1.0,0.0,0.0,0.0,0.0,0.0
gotham,5,false_positive_0p010,0.01,02:42:e8:56:10:00,0.0,0.03027693018760263,1.0,0.0,0.0,0.0,0.0,0.0
gotham,5,false_positive_0p010,0.01,02:42:e8:8a:b5:00,0.0,0.010076654152554727,1.0,0.0,0.0,0.0,0.0,0.0
gotham,5,false_positive_0p010,0.01,02:42:e9:4b:52:00,0.0,0.02019964467943793,1.0,0.0,0.0,0.0,0.0,0.0
gotham,5,false_positive_0p010,0.01,02:42:ea:da:fe:00,0.47266710573349535,0.47266710573349535,0.0,1.0,0.0,0.0,0.0,0.00045433535345596534
gotham,5,false_positive_0p010,0.01,02:42:eb:2e:72:00,0.0,0.010092108271219322,1.0,0.0,0.0,0.0,0.0,0.0
gotham,5,false_positive_0p010,0.01,02:42:f3:95:27:00,0.9432226460090997,0.9432226460090997,0.0,1.0,0.0,0.0,0.0,0.00035337270624117624
gotham,5,false_positive_0p010,0.01,02:42:f5:dd:2d:00,0.0,0.020203711995265737,1.0,0.0,0.0,0.0,0.0,0.0
gotham,5,false_positive_0p010,0.01,02:42:f7:8a:5d:00,0.0,0.03024553579957143,1.0,0.0,0.0,0.0,0.0,0.0
gotham,5,false_positive_0p010,0.01,02:42:f7:f5:f7:00,0.011316609703460361,0.06789965822076217,1.0,0.0,0.0,0.0,0.0,3.4313291080118337e-6
gotham,5,false_positive_0p010,0.01,02:42:fe:ae:87:00,0.4716271420990515,0.4716271420990515,0.0,1.0,0.0,0.0,0.0,0.0004588069063765712
gotham,5,false_positive_0p010,0.01,0c:03:36:87:00:00,0.2425996339495203,0.3146214002782841,1.0,0.0,0.0,0.0,0.0,4.020580503548843e-6
gotham,5,false_positive_0p010,0.01,0c:6e:9c:16:00:00,0.0,0.10939481280890005,1.0,0.0,0.0,0.0,0.0,0.0
gotham,5,false_positive_0p010,0.01,0c:bc:fa:c1:00:00,1.3844128606454784,1.8106762210077103,1.0,0.0,0.0,0.0,0.0,0.000012164805063285382
gotham,5,false_positive_0p010,0.01,0c:c5:dc:e9:00:00,17.432466999487968,17.432466999487968,0.0,1.0,0.0,0.0,0.0,0.0250671208813913
gotham,5,false_positive_0p020,0.02,02:42:08:99:2d:00,0.0,0.020201063460795195,1.0,0.0,0.0,0.0,0.0,0.0
gotham,5,false_positive_0p020,0.02,02:42:0b:0b:d7:00,0.9431769588034294,0.9431769588034294,0.0,1.0,0.0,0.0,0.0,0.000528215849956438
gotham,5,false_positive_0p020,0.02,02:42:12:96:2f:00,0.47160474165300087,0.47160474165300087,0.0,1.0,0.0,0.0,0.0,0.0005086348742302126
gotham,5,false_positive_0p020,0.02,02:42:20:eb:85:00,0.0,0.030273489000429102,1.0,0.0,0.0,0.0,0.0,0.0
gotham,5,false_positive_0p020,0.02,02:42:2a:62:80:00,0.0,0.03030423915118545,1.0,0.0,0.0,0.0,0.0,0.0
gotham,5,false_positive_0p020,0.02,02:42:2b:40:e0:00,0.0,0.02019988328924068,1.0,0.0,0.0,0.0,0.0,0.0
gotham,5,false_positive_0p020,0.02,02:42:2c:ff:d9:00,0.0,0.030302178269802867,1.0,0.0,0.0,0.0,0.0,0.0
gotham,5,false_positive_0p020,0.02,02:42:2e:0b:c2:00,0.4722114769482718,0.4722114769482718,0.0,1.0,0.0,0.0,0.0,0.0003768983594120433
gotham,5,false_positive_0p020,0.02,02:42:2e:ae:e1:00,0.0,0.10617039994019889,1.0,0.0,0.0,0.0,0.0,0.0
gotham,5,false_positive_0p020,0.02,02:42:32:85:24:00,0.0,0.06060891977135001,1.0,0.0,0.0,0.0,0.0,0.0
gotham,5,false_positive_0p020,0.02,02:42:34:89:3a:00,0.0,0.01009105833192443,1.0,0.0,0.0,0.0,0.0,0.0
gotham,5,false_positive_0p020,0.02,02:42:37:46:7f:00,0.0,0.010099650758740718,1.0,0.0,0.0,0.0,0.0,0.0
gotham,5,false_positive_0p020,0.02,02:42:37:ed:4f:00,0.0,0.050501567735698284,1.0,0.0,0.0,0.0,0.0,0.0
gotham,5,false_positive_0p020,0.02,02:42:39:ca:09:00,0.0,0.0201579362773077,1.0,0.0,0.0,0.0,0.0,0.0
gotham,5,false_positive_0p020,0.02,02:42:3a:fa:55:00,0.007544462061530021,0.44889549266103623,1.0,0.0,0.0,0.0,0.0,0.002439672063705848
gotham,5,false_positive_0p020,0.02,02:42:3c:e7:b0:00,2.359170318445144,2.359170318445144,0.0,1.0,0.0,0.0,0.0,0.00036947909150943363
gotham,5,false_positive_0p020,0.02,02:42:45:1f:36:00,0.4721016399632665,0.4721016399632665,0.0,1.0,0.0,0.0,0.0,0.0005080739129271323
gotham,5,false_positive_0p020,0.02,02:42:45:f3:74:00,0.0,0.030276766517921824,1.0,0.0,0.0,0.0,0.0,0.0
gotham,5,false_positive_0p020,0.02,02:42:48:92:a3:00,2.3618005136381877,2.3618005136381877,0.0,1.0,0.0,0.0,0.0,0.00038296048859152987
gotham,5,false_positive_0p020,0.02,02:42:51:3c:2f:00,0.0,0.07064611991264069,1.0,0.0,0.0,0.0,0.0,0.0
gotham,5,false_positive_0p020,0.02,02:42:51:78:60:00,0.0,0.07544555826981525,1.0,0.0,0.0,0.0,0.0,0.0
gotham,5,false_positive_0p020,0.02,02:42:52:d7:fa:00,0.0,0.04904034700790266,1.0,0.0,0.0,0.0,0.0,0.0
gotham,5,false_positive_0p020,0.02,02:42:56:ac:61:00,1.418162989039348,1.418162989039348,0.0,1.0,0.0,0.0,0.0,0.0006493008882736237
gotham,5,false_positive_0p020,0.02,02:42:57:79:b7:00,0.0,0.03030211519649032,1.0,0.0,0.0,0.0,0.0,0.0
gotham,5,false_positive_0p020,0.02,02:42:60:71:51:00,0.0,0.02018393027139078,1.0,0.0,352.7835602760315,352.7835602760315,352.7835602760315,0.0
gotham,5,false_positive_0p020,0.02,02:42:61:b7:bc:00,0.47160590549370973,0.47160590549370973,0.0,1.0,0.0,0.0,0.0,0.00045433598098613016
gotham,5,false_positive_0p020,0.02,02:42:63:6b:70:00,0.9443988676570881,0.9443988676570881,0.0,1.0,0.0,0.0,0.0,0.000438859711560542
gotham,5,false_positive_0p020,0.02,02:42:75:96:a3:00,0.9432514872419117,0.9432514872419117,0.0,1.0,0.0,0.0,0.0,0.0003397551637654104
gotham,5,false_positive_0p020,0.02,02:42:76:0d:7f:00,0.01007668574469404,0.03023005723408212,1.0,0.0,0.0,0.0,0.0,0.000013462216900866174
gotham,5,false_positive_0p020,0.02,02:42:78:54:1c:00,0.0,0.02018482022906774,1.0,0.0,0.0,0.0,0.0,0.0
gotham,5,false_positive_0p020,0.02,02:42:7a:77:08:00,0.943273392147605,0.943273392147605,0.0,1.0,0.0,0.0,0.0,0.00042575899915840677
gotham,5,false_positive_0p020,0.02,02:42:82:75:d1:00,0.0,0.03033048061502582,1.0,0.0,0.0,0.0,0.0,0.0
gotham,5,false_positive_0p020,0.02,02:42:85:03:66:00,0.47223014817394293,0.47223014817394293,0.0,1.0,0.0,0.0,0.0,0.000282659379511764
gotham,5,false_positive_0p020,0.02,02:42:8d:87:6d:00,0.0,0.06055587001226832,1.0,0.0,0.0,0.0,0.0,0.0
gotham,5,false_positive_0p020,0.02,02:42:8e:5a:86:00,0.9445526961520694,0.9445526961520694,0.0,1.0,0.0,0.0,0.0,0.0005404380408332082
gotham,5,false_positive_0p020,0.02,02:42:90:66:25:00,1.4149141807428063,1.4149141807428063,0.0,1.0,0.0,0.0,0.0,0.0005406753549025242
gotham,5,false_positive_0p020,0.02,02:42:98:66:68:00,0.9432467179828534,0.9432467179828534,0.0,1.0,0.0,0.0,0.0,0.0003943990259603304
gotham,5,false_positive_0p020,0.02,02:42:a0:64:db:00,0.9441435295385703,0.9441435295385703,0.0,1.0,0.0,0.0,0.0,0.000698114097252032
gotham,5,false_positive_0p020,0.02,02:42:a9:11:53:00,0.010090381503765962,0.07063267052636174,1.0,0.0,0.0,0.0,0.0,0.02132359611313465
gotham,5,false_positive_0p020,0.02,02:42:ae:88:72:00,0.0,0.04040034390543522,1.0,0.0,0.0,0.0,0.0,0.0
gotham,5,false_positive_0p020,0.02,02:42:bd:f8:c5:00,0.0,0.03027359470004522,1.0,0.0,0.0,0.0,0.0,0.0
gotham,5,false_positive_0p020,0.02,02:42:c0:ac:38:00,0.010099658171170109,0.020199316342340217,1.0,0.0,0.0,0.0,0.0,0.021327110948953308
gotham,5,false_positive_0p020,0.02,02:42:c1:b7:72:00,0.0,0.03028018574222315,1.0,0.0,0.0,0.0,0.0,0.0
gotham,5,false_positive_0p020,0.02,02:42:c2:48:f9:00,0.9431989385490381,0.9431989385490381,0.0,1.0,0.0,0.0,0.0,0.0004780451099995493
gotham,5,false_positive_0p020,0.02,02:42:c2:7a:05:00,0.0,0.060551996633086934,1.0,0.0,0.0,0.0,0.0,0.0
gotham,5,false_positive_0p020,0.02,02:42:c3:13:3c:00,0.0,0.02019978837296154,1.0,0.0,0.0,0.0,0.0,0.0
gotham,5,false_positive_0p020,0.02,02:42:c3:fb:f3:00,0.0,0.020158700453125306,1.0,0.0,442.93945693969727,442.93945693969727,442.93945693969727,0.0
gotham,5,false_positive_0p020,0.02,02:42:c5:6f:4c:00,0.0,0.010100451407491592,1.0,0.0,0.0,0.0,0.0,0.0
gotham,5,false_positive_0p020,0.02,02:42:c5:c1:72:00,0.0,0.040400843911856194,1.0,0.0,0.0,0.0,0.0,0.0
gotham,5,false_positive_0p020,0.02,02:42:c8:50:67:00,0.47196678022587635,0.47196678022587635,0.0,1.0,0.0,0.0,0.0,0.0003126933378976137
gotham,5,false_positive_0p020,0.02,02:42:cb:b5:ff:00,0.0,0.09078997108702894,1.0,0.0,0.0,0.0,0.0,0.0
gotham,5,false_positive_0p020,0.02,02:42:cc:db:31:00,0.0,0.09057185958285921,1.0,0.0,0.0,0.0,0.0,0.0
gotham,5,false_positive_0p020,0.02,02:42:cd:90:eb:00,0.0,0.040400834754454246,1.0,0.0,0.0,0.0,0.0,0.0
gotham,5,false_positive_0p020,0.02,02:42:d0:94:31:00,0.94445545324231,0.94445545324231,0.0,1.0,0.0,0.0,0.0,0.0005463477918112431
gotham,5,false_positive_0p020,0.02,02:42:d4:9f:bb:00,0.9448183574431586,0.9448183574431586,0.0,1.0,0.0,0.0,0.0,0.00043546296594412754
gotham,5,false_positive_0p020,0.02,02:42:da:1c:50:00,0.0,0.09142860575707673,1.0,0.0,0.0,0.0,0.0,0.0
gotham,5,false_positive_0p020,0.02,02:42:db:ec:8b:00,0.010091897061813467,0.040367588247253866,1.0,0.0,390.589763879776,390.589763879776,390.589763879776,0.000013069152900120448
gotham,5,false_positive_0p020,0.02,02:42:de:09:03:00,0.4721112301476989,0.4721112301476989,0.0,1.0,0.0,0.0,0.0,0.0006100485098350645
gotham,5,false_positive_0p020,0.02,02:42:de:15:12:00,0.0,0.010092708040097898,1.0,0.0,346.72848105430603,346.72848105430603,346.72848105430603,0.0
gotham,5,false_positive_0p020,0.02,02:42:de:51:81:00,0.0,0.010090975369746617,1.0,0.0,0.0,0.0,0.0,0.0
gotham,5,false_positive_0p020,0.02,02:42:e8:56:10:00,0.0,0.03027693018760263,1.0,0.0,0.0,0.0,0.0,0.0
gotham,5,false_positive_0p020,0.02,02:42:e8:8a:b5:00,0.010076654152554727,0.020153308305109453,1.0,0.0,0.0,0.0,0.0,0.000010499338969284428
gotham,5,false_positive_0p020,0.02,02:42:e9:4b:52:00,0.0,0.02019964467943793,1.0,0.0,0.0,0.0,0.0,0.0
gotham,5,false_positive_0p020,0.02,02:42:ea:da:fe:00,1.418001317200486,1.418001317200486,0.0,1.0,0.0,0.0,0.0,0.0004538579645628553
gotham,5,false_positive_0p020,0.02,02:42:eb:2e:72:00,0.0,0.010092108271219322,1.0,0.0,0.0,0.0,0.0,0.0
gotham,5,false_positive_0p020,0.02,02:42:f3:0f:05:00,0.47161455691965065,0.47161455691965065,0.0,1.0,0.0,0.0,0.0,0.0005287477824034314
gotham,5,false_positive_0p020,0.02,02:42:f3:95:27:00,0.9432226460090997,0.9432226460090997,0.0,1.0,0.0,0.0,0.0,0.00035420492508033525
gotham,5,false_positive_0p020,0.02,02:42:f5:dd:2d:00,0.0,0.020203711995265737,1.0,0.0,0.0,0.0,0.0,0.0
gotham,5,false_positive_0p020,0.02,02:42:f7:8a:5d:00,0.0,0.03024553579957143,1.0,0.0,0.0,0.0,0.0,0.0
gotham,5,false_positive_0p020,0.02,02:42:f7:f5:f7:00,0.011316609703460361,0.06789965822076217,1.0,0.0,0.0,0.0,0.0,3.4313291080118337e-6
gotham,5,false_positive_0p020,0.02,02:42:fe:ae:87:00,0.943254284198103,0.943254284198103,0.0,1.0,0.0,0.0,0.0,0.0005415144143655551
gotham,5,false_positive_0p020,0.02,0c:03:36:87:00:00,0.4662461714967343,0.5382679378254982,1.0,0.0,0.0,0.0,0.0,5.032391324758421e-6
gotham,5,false_positive_0p020,0.02,0c:6e:9c:16:00:00,0.0,0.10939481280890005,1.0,0.0,0.0,0.0,0.0,0.0
gotham,5,false_positive_0p020,0.02,0c:bc:fa:c1:00:00,1.3580071657557828,1.7804982839909151,1.0,0.0,0.0,0.0,0.0,0.000018742149781956916
gotham,5,false_positive_0p020,0.02,0c:c5:dc:e9:00:00,0.47114775674291803,0.47114775674291803,0.0,1.0,0.0,0.0,0.0,0.9991224245952565
gotham,6,false_positive_0p001,0.001,02:42:37:46:7f:00,0.0,0.010099650758740718,1.0,0.0,0.0,0.0,0.0,0.0
gotham,6,false_positive_0p001,0.001,02:42:3a:fa:55:00,0.022633386184590064,0.45643995472256627,1.0,0.0,0.0,0.0,0.0,0.0008054103215666943
gotham,6,false_positive_0p001,0.001,02:42:45:f3:74:00,0.0,0.030276766517921824,1.0,0.0,0.0,0.0,0.0,0.0
gotham,6,false_positive_0p001,0.001,02:42:51:3c:2f:00,0.0,0.07064611991264069,1.0,0.0,0.0,0.0,0.0,0.0
gotham,6,false_positive_0p001,0.001,02:42:51:78:60:00,0.0,0.07167328035632449,1.0,0.0,0.0,0.0,0.0,0.0
gotham,6,false_positive_0p001,0.001,02:42:52:d7:fa:00,0.0,0.04904034700790266,1.0,0.0,0.0,0.0,0.0,0.0
gotham,6,false_positive_0p001,0.001,02:42:76:0d:7f:00,0.0,0.02015337148938808,1.0,0.0,0.0,0.0,0.0,0.0
gotham,6,false_positive_0p001,0.001,02:42:78:54:1c:00,0.0,0.02018482022906774,1.0,0.0,0.0,0.0,0.0,0.0
gotham,6,false_positive_0p001,0.001,02:42:8d:87:6d:00,0.0,0.06055587001226832,1.0,0.0,0.0,0.0,0.0,0.0
gotham,6,false_positive_0p001,0.001,02:42:a9:11:53:00,0.7466882312786812,0.807230520301277,1.0,0.0,0.0,0.0,0.0,9.784386998475163e-6
gotham,6,false_positive_0p001,0.001,02:42:c0:ac:38:00,1.959333685207001,1.969433343378171,1.0,0.0,0.0,0.0,0.0,9.817131147623307e-6
gotham,6,false_positive_0p001,0.001,02:42:c1:b7:72:00,0.0,0.03028018574222315,1.0,0.0,0.0,0.0,0.0,0.0
gotham,6,false_positive_0p001,0.001,02:42:c2:7a:05:00,0.0,0.060551996633086934,1.0,0.0,0.0,0.0,0.0,0.0
gotham,6,false_positive_0p001,0.001,02:42:cc:db:31:00,0.0,0.09057185958285921,1.0,0.0,0.0,0.0,0.0,0.0
gotham,6,false_positive_0p001,0.001,02:42:da:1c:50:00,0.0,0.08000003003744213,1.0,0.0,0.0,0.0,0.0,0.0
gotham,6,false_positive_0p001,0.001,02:42:e8:56:10:00,0.0,0.03027693018760263,1.0,0.0,0.0,0.0,0.0,0.0
gotham,6,false_positive_0p001,0.001,02:42:e8:8a:b5:00,0.0,0.010076654152554727,1.0,0.0,0.0,0.0,0.0,0.0
gotham,6,false_positive_0p001,0.001,02:42:eb:2e:72:00,0.0,0.010092108271219322,1.0,0.0,0.0,0.0,0.0,0.0
gotham,6,false_positive_0p001,0.001,02:42:f7:f5:f7:00,0.09430508086216968,0.10562169056563005,1.0,0.0,0.0,0.0,0.0,5.413437644708885e-6
gotham,6,false_positive_0p001,0.001,0c:03:36:87:00:00,0.022743715682767528,0.10234672057245388,1.0,0.0,0.0,0.0,0.0,3.0962661888376386e-6
gotham,6,false_positive_0p001,0.001,0c:6e:9c:16:00:00,0.0,0.10939481280890005,1.0,0.0,0.0,0.0,0.0,0.0
gotham,6,false_positive_0p001,0.001,0c:bc:fa:c1:00:00,0.041494663398093365,0.35836300207444266,1.0,0.0,0.0,0.0,0.0,6.109783248823443e-6
gotham,6,false_positive_0p001,0.001,0c:c5:dc:e9:00:00,16.019023729259214,16.019023729259214,0.0,1.0,0.0,0.0,0.0,0.0005072505517744939
gotham,6,false_positive_0p0025,0.0025,02:42:08:99:2d:00,0.0,0.020201063460795195,1.0,0.0,0.0,0.0,0.0,0.0
gotham,6,false_positive_0p0025,0.0025,02:42:20:eb:85:00,0.0,0.030273489000429102,1.0,0.0,0.0,0.0,0.0,0.0
gotham,6,false_positive_0p0025,0.0025,02:42:2a:62:80:00,0.0,0.03030423915118545,1.0,0.0,0.0,0.0,0.0,0.0
gotham,6,false_positive_0p0025,0.0025,02:42:2b:40:e0:00,0.0,0.02019988328924068,1.0,0.0,0.0,0.0,0.0,0.0
gotham,6,false_positive_0p0025,0.0025,02:42:2e:ae:e1:00,0.0,0.10237859994233464,1.0,0.0,0.0,0.0,0.0,0.0
gotham,6,false_positive_0p0025,0.0025,02:42:32:85:24:00,0.0,0.06060891977135001,1.0,0.0,0.0,0.0,0.0,0.0
gotham,6,false_positive_0p0025,0.0025,02:42:34:89:3a:00,0.0,0.01009105833192443,1.0,0.0,0.0,0.0,0.0,0.0
gotham,6,false_positive_0p0025,0.0025,02:42:37:46:7f:00,0.0,0.010099650758740718,1.0,0.0,0.0,0.0,0.0,0.0
gotham,6,false_positive_0p0025,0.0025,02:42:3a:fa:55:00,0.007544462061530021,0.44889549266103623,1.0,0.0,0.0,0.0,0.0,0.0024393389579321625
gotham,6,false_positive_0p0025,0.0025,02:42:45:f3:74:00,0.0,0.030276766517921824,1.0,0.0,0.0,0.0,0.0,0.0
gotham,6,false_positive_0p0025,0.0025,02:42:51:3c:2f:00,0.0,0.07064611991264069,1.0,0.0,0.0,0.0,0.0,0.0
gotham,6,false_positive_0p0025,0.0025,02:42:51:78:60:00,0.0,0.07167328035632449,1.0,0.0,0.0,0.0,0.0,0.0
gotham,6,false_positive_0p0025,0.0025,02:42:52:d7:fa:00,0.0,0.04904034700790266,1.0,0.0,0.0,0.0,0.0,0.0
gotham,6,false_positive_0p0025,0.0025,02:42:76:0d:7f:00,0.0,0.02015337148938808,1.0,0.0,0.0,0.0,0.0,0.0
gotham,6,false_positive_0p0025,0.0025,02:42:78:54:1c:00,0.0,0.02018482022906774,1.0,0.0,0.0,0.0,0.0,0.0
gotham,6,false_positive_0p0025,0.0025,02:42:82:75:d1:00,0.0,0.03033048061502582,1.0,0.0,0.0,0.0,0.0,0.0
gotham,6,false_positive_0p0025,0.0025,02:42:8d:87:6d:00,0.0,0.06055587001226832,1.0,0.0,0.0,0.0,0.0,0.0
gotham,6,false_positive_0p0025,0.0025,02:42:a9:11:53:00,2.14925126030215,2.2097935493247456,1.0,0.0,0.0,0.0,0.0,0.00005191633207680161
gotham,6,false_positive_0p0025,0.0025,02:42:bd:f8:c5:00,0.0,0.03027359470004522,1.0,0.0,0.0,0.0,0.0,0.0
gotham,6,false_positive_0p0025,0.0025,02:42:c0:ac:38:00,2.161326848630403,2.171426506801573,1.0,0.0,0.0,0.0,0.0,0.00006839736513705524
gotham,6,false_positive_0p0025,0.0025,02:42:c1:b7:72:00,0.0,0.03028018574222315,1.0,0.0,0.0,0.0,0.0,0.0
gotham,6,false_positive_0p0025,0.0025,02:42:c2:7a:05:00,0.0,0.060551996633086934,1.0,0.0,0.0,0.0,0.0,0.0
gotham,6,false_positive_0p0025,0.0025,02:42:c3:13:3c:00,0.0,0.02019978837296154,1.0,0.0,0.0,0.0,0.0,0.0
gotham,6,false_positive_0p0025,0.0025,02:42:c5:c1:72:00,0.0,0.040400843911856194,1.0,0.0,0.0,0.0,0.0,0.0
gotham,6,false_positive_0p0025,0.0025,02:42:cc:db:31:00,0.0,0.09057185958285921,1.0,0.0,0.0,0.0,0.0,0.0
gotham,6,false_positive_0p0025,0.0025,02:42:cd:90:eb:00,0.0,0.040400834754454246,1.0,0.0,0.0,0.0,0.0,0.0
gotham,6,false_positive_0p0025,0.0025,02:42:da:1c:50:00,0.0,0.08000003003744213,1.0,0.0,0.0,0.0,0.0,0.0
gotham,6,false_positive_0p0025,0.0025,02:42:de:51:81:00,0.0,0.010090975369746617,1.0,0.0,0.0,0.0,0.0,0.0
gotham,6,false_positive_0p0025,0.0025,02:42:e8:56:10:00,0.0,0.03027693018760263,1.0,0.0,0.0,0.0,0.0,0.0
gotham,6,false_positive_0p0025,0.0025,02:42:e8:8a:b5:00,0.0,0.010076654152554727,1.0,0.0,0.0,0.0,0.0,0.0
gotham,6,false_positive_0p0025,0.0025,02:42:e9:4b:52:00,0.0,0.02019964467943793,1.0,0.0,0.0,0.0,0.0,0.0
gotham,6,false_positive_0p0025,0.0025,02:42:eb:2e:72:00,0.0,0.010092108271219322,1.0,0.0,0.0,0.0,0.0,0.0
gotham,6,false_positive_0p0025,0.0025,02:42:f5:dd:2d:00,0.0,0.020203711995265737,1.0,0.0,0.0,0.0,0.0,0.0
gotham,6,false_positive_0p0025,0.0025,02:42:f7:f5:f7:00,0.09430508086216968,0.10562169056563005,1.0,0.0,0.0,0.0,0.0,5.413437644708885e-6
gotham,6,false_positive_0p0025,0.0025,0c:03:36:87:00:00,0.060649908487380076,0.1402529133770664,1.0,0.0,0.0,0.0,0.0,3.3592974385937527e-6
gotham,6,false_positive_0p0025,0.0025,0c:6e:9c:16:00:00,0.0,0.10939481280890005,1.0,0.0,0.0,0.0,0.0,0.0
gotham,6,false_positive_0p0025,0.0025,0c:bc:fa:c1:00:00,0.04526690552519276,0.49416371865002096,1.0,0.0,0.0,0.0,0.0,6.67077362805744e-6
gotham,6,false_positive_0p0025,0.0025,0c:c5:dc:e9:00:00,68.31642472772312,68.31642472772312,0.0,1.0,0.0,0.0,0.0,0.0008163946523590095
gotham,6,false_positive_0p005,0.005,02:42:08:99:2d:00,0.0,0.020201063460795195,1.0,0.0,0.0,0.0,0.0,0.0
gotham,6,false_positive_0p005,0.005,02:42:20:eb:85:00,0.0,0.030273489000429102,1.0,0.0,0.0,0.0,0.0,0.0
gotham,6,false_positive_0p005,0.005,02:42:2a:62:80:00,0.0,0.03030423915118545,1.0,0.0,0.0,0.0,0.0,0.0
gotham,6,false_positive_0p005,0.005,02:42:2b:40:e0:00,0.0,0.02019988328924068,1.0,0.0,0.0,0.0,0.0,0.0
gotham,6,false_positive_0p005,0.005,02:42:2e:ae:e1:00,0.0,0.10237859994233464,1.0,0.0,0.0,0.0,0.0,0.0
gotham,6,false_positive_0p005,0.005,02:42:32:85:24:00,0.0,0.06060891977135001,1.0,0.0,0.0,0.0,0.0,0.0
gotham,6,false_positive_0p005,0.005,02:42:34:89:3a:00,0.0,0.01009105833192443,1.0,0.0,0.0,0.0,0.0,0.0
gotham,6,false_positive_0p005,0.005,02:42:37:46:7f:00,0.0,0.010099650758740718,1.0,0.0,0.0,0.0,0.0,0.0
gotham,6,false_positive_0p005,0.005,02:42:3a:fa:55:00,0.007544462061530021,0.44889549266103623,1.0,0.0,0.0,0.0,0.0,0.002439629730861368
gotham,6,false_positive_0p005,0.005,02:42:45:f3:74:00,0.0,0.030276766517921824,1.0,0.0,0.0,0.0,0.0,0.0
gotham,6,false_positive_0p005,0.005,02:42:51:3c:2f:00,0.0,0.07064611991264069,1.0,0.0,0.0,0.0,0.0,0.0
gotham,6,false_positive_0p005,0.005,02:42:51:78:60:00,0.0,0.07167328035632449,1.0,0.0,0.0,0.0,0.0,0.0
gotham,6,false_positive_0p005,0.005,02:42:52:d7:fa:00,0.0,0.04904034700790266,1.0,0.0,0.0,0.0,0.0,0.0
gotham,6,false_positive_0p005,0.005,02:42:76:0d:7f:00,0.0,0.02015337148938808,1.0,0.0,0.0,0.0,0.0,0.0
gotham,6,false_positive_0p005,0.005,02:42:78:54:1c:00,0.0,0.02018482022906774,1.0,0.0,0.0,0.0,0.0,0.0
gotham,6,false_positive_0p005,0.005,02:42:82:75:d1:00,0.0,0.03033048061502582,1.0,0.0,0.0,0.0,0.0,0.0
gotham,6,false_positive_0p005,0.005,02:42:8d:87:6d:00,0.0,0.06055587001226832,1.0,0.0,0.0,0.0,0.0,0.0
gotham,6,false_positive_0p005,0.005,02:42:a9:11:53:00,0.010090381503765962,0.07063267052636174,1.0,0.0,0.0,0.0,0.0,0.021317607990232402
gotham,6,false_positive_0p005,0.005,02:42:bd:f8:c5:00,0.0,0.03027359470004522,1.0,0.0,0.0,0.0,0.0,0.0
gotham,6,false_positive_0p005,0.005,02:42:c0:ac:38:00,0.010099658171170109,0.020199316342340217,1.0,0.0,0.0,0.0,0.0,0.021324423817499542
gotham,6,false_positive_0p005,0.005,02:42:c1:b7:72:00,0.0,0.03028018574222315,1.0,0.0,0.0,0.0,0.0,0.0
gotham,6,false_positive_0p005,0.005,02:42:c2:7a:05:00,0.0,0.060551996633086934,1.0,0.0,0.0,0.0,0.0,0.0
gotham,6,false_positive_0p005,0.005,02:42:c3:13:3c:00,0.0,0.02019978837296154,1.0,0.0,0.0,0.0,0.0,0.0
gotham,6,false_positive_0p005,0.005,02:42:c5:c1:72:00,0.0,0.040400843911856194,1.0,0.0,0.0,0.0,0.0,0.0
gotham,6,false_positive_0p005,0.005,02:42:cc:db:31:00,0.0,0.09057185958285921,1.0,0.0,0.0,0.0,0.0,0.0
gotham,6,false_positive_0p005,0.005,02:42:cd:90:eb:00,0.0,0.040400834754454246,1.0,0.0,0.0,0.0,0.0,0.0
gotham,6,false_positive_0p005,0.005,02:42:da:1c:50:00,0.0,0.08000003003744213,1.0,0.0,0.0,0.0,0.0,0.0
gotham,6,false_positive_0p005,0.005,02:42:de:51:81:00,0.0,0.010090975369746617,1.0,0.0,0.0,0.0,0.0,0.0
gotham,6,false_positive_0p005,0.005,02:42:e8:56:10:00,0.0,0.03027693018760263,1.0,0.0,0.0,0.0,0.0,0.0
gotham,6,false_positive_0p005,0.005,02:42:e8:8a:b5:00,0.0,0.010076654152554727,1.0,0.0,0.0,0.0,0.0,0.0
gotham,6,false_positive_0p005,0.005,02:42:e9:4b:52:00,0.0,0.02019964467943793,1.0,0.0,0.0,0.0,0.0,0.0
gotham,6,false_positive_0p005,0.005,02:42:eb:2e:72:00,0.0,0.010092108271219322,1.0,0.0,0.0,0.0,0.0,0.0
gotham,6,false_positive_0p005,0.005,02:42:f5:dd:2d:00,0.0,0.020203711995265737,1.0,0.0,0.0,0.0,0.0,0.0
gotham,6,false_positive_0p005,0.005,02:42:f7:f5:f7:00,0.09430508086216968,0.10562169056563005,1.0,0.0,0.0,0.0,0.0,5.413437644708885e-6
gotham,6,false_positive_0p005,0.005,0c:03:36:87:00:00,0.06444052776784133,0.14404353265752767,1.0,0.0,0.0,0.0,0.0,3.3565424266606907e-6
gotham,6,false_positive_0p005,0.005,0c:6e:9c:16:00:00,0.0,0.10939481280890005,1.0,0.0,0.0,0.0,0.0,0.0
gotham,6,false_positive_0p005,0.005,0c:bc:fa:c1:00:00,0.4715302658874246,1.1090391853672226,1.0,0.0,0.0,0.0,0.0,8.564327779037153e-6
gotham,6,false_positive_0p005,0.005,0c:c5:dc:e9:00:00,91.4026648081261,91.4026648081261,0.0,1.0,0.0,0.0,0.0,0.0022404615788417324
gotham,6,false_positive_0p010,0.01,02:42:08:99:2d:00,0.0,0.020201063460795195,1.0,0.0,0.0,0.0,0.0,0.0
gotham,6,false_positive_0p010,0.01,02:42:0b:0b:d7:00,0.4715884794017147,0.4715884794017147,0.0,1.0,0.0,0.0,0.0,0.0004952684981242669
gotham,6,false_positive_0p010,0.01,02:42:20:eb:85:00,0.0,0.030273489000429102,1.0,0.0,0.0,0.0,0.0,0.0
gotham,6,false_positive_0p010,0.01,02:42:2a:62:80:00,0.0,0.03030423915118545,1.0,0.0,0.0,0.0,0.0,0.0
gotham,6,false_positive_0p010,0.01,02:42:2b:40:e0:00,0.0,0.02019988328924068,1.0,0.0,0.0,0.0,0.0,0.0
gotham,6,false_positive_0p010,0.01,02:42:2c:ff:d9:00,0.0,0.030302178269802867,1.0,0.0,0.0,0.0,0.0,0.0
gotham,6,false_positive_0p010,0.01,02:42:2e:ae:e1:00,0.003791799997864246,0.10237859994233464,1.0,0.0,0.0,0.0,0.0,4.661339727968366e-6
gotham,6,false_positive_0p010,0.01,02:42:32:85:24:00,0.0,0.06060891977135001,1.0,0.0,0.0,0.0,0.0,0.0
gotham,6,false_positive_0p010,0.01,02:42:34:89:3a:00,0.0,0.01009105833192443,1.0,0.0,0.0,0.0,0.0,0.0
gotham,6,false_positive_0p010,0.01,02:42:37:46:7f:00,0.0,0.010099650758740718,1.0,0.0,0.0,0.0,0.0,0.0
gotham,6,false_positive_0p010,0.01,02:42:37:ed:4f:00,0.0,0.050501567735698284,1.0,0.0,0.0,0.0,0.0,0.0
gotham,6,false_positive_0p010,0.01,02:42:39:ca:09:00,0.0,0.0201579362773077,1.0,0.0,0.0,0.0,0.0,0.0
gotham,6,false_positive_0p010,0.01,02:42:3a:fa:55:00,0.007544462061530021,0.44889549266103623,1.0,0.0,0.0,0.0,0.0,0.002439629730861368
gotham,6,false_positive_0p010,0.01,02:42:45:f3:74:00,0.0,0.030276766517921824,1.0,0.0,0.0,0.0,0.0,0.0
gotham,6,false_positive_0p010,0.01,02:42:51:3c:2f:00,0.0,0.07064611991264069,1.0,0.0,0.0,0.0,0.0,0.0
gotham,6,false_positive_0p010,0.01,02:42:51:78:60:00,0.0,0.07167328035632449,1.0,0.0,0.0,0.0,0.0,0.0
gotham,6,false_positive_0p010,0.01,02:42:52:d7:fa:00,0.0,0.04904034700790266,1.0,0.0,0.0,0.0,0.0,0.0
gotham,6,false_positive_0p010,0.01,02:42:57:79:b7:00,0.0,0.03030211519649032,1.0,0.0,0.0,0.0,0.0,0.0
gotham,6,false_positive_0p010,0.01,02:42:76:0d:7f:00,0.0,0.02015337148938808,1.0,0.0,0.0,0.0,0.0,0.0
gotham,6,false_positive_0p010,0.01,02:42:78:54:1c:00,0.0,0.02018482022906774,1.0,0.0,0.0,0.0,0.0,0.0
gotham,6,false_positive_0p010,0.01,02:42:82:75:d1:00,0.0,0.03033048061502582,1.0,0.0,0.0,0.0,0.0,0.0
gotham,6,false_positive_0p010,0.01,02:42:8d:87:6d:00,0.0,0.06055587001226832,1.0,0.0,0.0,0.0,0.0,0.0
gotham,6,false_positive_0p010,0.01,02:42:90:66:25:00,0.4716380602476021,0.4716380602476021,0.0,1.0,0.0,0.0,0.0,0.00046887662376880615
gotham,6,false_positive_0p010,0.01,02:42:98:66:68:00,0.4716233589914267,0.4716233589914267,0.0,1.0,0.0,0.0,0.0,0.0002744633137749252
gotham,6,false_positive_0p010,0.01,02:42:a9:11:53:00,0.010090381503765962,0.07063267052636174,1.0,0.0,0.0,0.0,0.0,0.02132359611313465
gotham,6,false_positive_0p010,0.01,02:42:ae:88:72:00,0.0,0.04040034390543522,1.0,0.0,0.0,0.0,0.0,0.0
gotham,6,false_positive_0p010,0.01,02:42:bd:f8:c5:00,0.0,0.03027359470004522,1.0,0.0,0.0,0.0,0.0,0.0
gotham,6,false_positive_0p010,0.01,02:42:c0:ac:38:00,0.010099658171170109,0.020199316342340217,1.0,0.0,0.0,0.0,0.0,0.021324423817499542
gotham,6,false_positive_0p010,0.01,02:42:c1:b7:72:00,0.0,0.03028018574222315,1.0,0.0,0.0,0.0,0.0,0.0
gotham,6,false_positive_0p010,0.01,02:42:c2:7a:05:00,0.0,0.060551996633086934,1.0,0.0,0.0,0.0,0.0,0.0
gotham,6,false_positive_0p010,0.01,02:42:c3:13:3c:00,0.0,0.02019978837296154,1.0,0.0,0.0,0.0,0.0,0.0
gotham,6,false_positive_0p010,0.01,02:42:c5:6f:4c:00,0.0,0.010100451407491592,1.0,0.0,0.0,0.0,0.0,0.0
gotham,6,false_positive_0p010,0.01,02:42:c5:c1:72:00,0.0,0.040400843911856194,1.0,0.0,0.0,0.0,0.0,0.0
gotham,6,false_positive_0p010,0.01,02:42:cb:b5:ff:00,0.0,0.09078997108702894,1.0,0.0,0.0,0.0,0.0,0.0
gotham,6,false_positive_0p010,0.01,02:42:cc:db:31:00,0.0,0.09057185958285921,1.0,0.0,0.0,0.0,0.0,0.0
gotham,6,false_positive_0p010,0.01,02:42:cd:90:eb:00,0.0,0.040400834754454246,1.0,0.0,0.0,0.0,0.0,0.0
gotham,6,false_positive_0p010,0.01,02:42:da:1c:50:00,0.0,0.08000003003744213,1.0,0.0,0.0,0.0,0.0,0.0
gotham,6,false_positive_0p010,0.01,02:42:de:51:81:00,0.0,0.010090975369746617,1.0,0.0,0.0,0.0,0.0,0.0
gotham,6,false_positive_0p010,0.01,02:42:e8:56:10:00,0.0,0.03027693018760263,1.0,0.0,0.0,0.0,0.0,0.0
gotham,6,false_positive_0p010,0.01,02:42:e8:8a:b5:00,0.0,0.010076654152554727,1.0,0.0,0.0,0.0,0.0,0.0
gotham,6,false_positive_0p010,0.01,02:42:e9:4b:52:00,0.0,0.02019964467943793,1.0,0.0,0.0,0.0,0.0,0.0
gotham,6,false_positive_0p010,0.01,02:42:eb:2e:72:00,0.0,0.010092108271219322,1.0,0.0,0.0,0.0,0.0,0.0
gotham,6,false_positive_0p010,0.01,02:42:f5:dd:2d:00,0.0,0.020203711995265737,1.0,0.0,0.0,0.0,0.0,0.0
gotham,6,false_positive_0p010,0.01,02:42:f7:8a:5d:00,0.0,0.03024553579957143,1.0,0.0,0.0,0.0,0.0,0.0
gotham,6,false_positive_0p010,0.01,02:42:f7:f5:f7:00,0.09430508086216968,0.10562169056563005,1.0,0.0,0.0,0.0,0.0,5.413437644708885e-6
gotham,6,false_positive_0p010,0.01,0c:03:36:87:00:00,0.18574034474260148,0.26534334963228784,1.0,0.0,0.0,0.0,0.0,6.056090531381172e-6
gotham,6,false_positive_0p010,0.01,0c:6e:9c:16:00:00,0.0,0.10939481280890005,1.0,0.0,0.0,0.0,0.0,0.0
gotham,6,false_positive_0p010,0.01,0c:bc:fa:c1:00:00,1.3844128606454784,1.8106762210077103,1.0,0.0,0.0,0.0,0.0,0.000012164769257200627
gotham,6,false_positive_0p010,0.01,0c:c5:dc:e9:00:00,17.432466999487968,17.432466999487968,0.0,1.0,0.0,0.0,0.0,0.0250671208813913
gotham,6,false_positive_0p020,0.02,02:42:08:99:2d:00,0.0,0.020201063460795195,1.0,0.0,0.0,0.0,0.0,0.0
gotham,6,false_positive_0p020,0.02,02:42:0b:0b:d7:00,0.9431769588034294,0.9431769588034294,0.0,1.0,0.0,0.0,0.0,0.000528215849956438
gotham,6,false_positive_0p020,0.02,02:42:20:eb:85:00,0.0,0.030273489000429102,1.0,0.0,0.0,0.0,0.0,0.0
gotham,6,false_positive_0p020,0.02,02:42:2a:62:80:00,0.0,0.03030423915118545,1.0,0.0,0.0,0.0,0.0,0.0
gotham,6,false_positive_0p020,0.02,02:42:2b:40:e0:00,0.0,0.02019988328924068,1.0,0.0,0.0,0.0,0.0,0.0
gotham,6,false_positive_0p020,0.02,02:42:2c:ff:d9:00,0.0,0.030302178269802867,1.0,0.0,0.0,0.0,0.0,0.0
gotham,6,false_positive_0p020,0.02,02:42:2e:0b:c2:00,1.8888459077930873,1.8888459077930873,0.0,1.0,0.0,0.0,0.0,0.0005197067247509509
gotham,6,false_positive_0p020,0.02,02:42:2e:ae:e1:00,0.003791799997864246,0.10617039994019889,1.0,0.0,0.0,0.0,0.0,4.661339727968366e-6
gotham,6,false_positive_0p020,0.02,02:42:32:85:24:00,0.0,0.06060891977135001,1.0,0.0,0.0,0.0,0.0,0.0
gotham,6,false_positive_0p020,0.02,02:42:34:89:3a:00,0.0,0.01009105833192443,1.0,0.0,0.0,0.0,0.0,0.0
gotham,6,false_positive_0p020,0.02,02:42:37:46:7f:00,0.0,0.010099650758740718,1.0,0.0,0.0,0.0,0.0,0.0
gotham,6,false_positive_0p020,0.02,02:42:37:ed:4f:00,0.0,0.050501567735698284,1.0,0.0,0.0,0.0,0.0,0.0
gotham,6,false_positive_0p020,0.02,02:42:39:ca:09:00,0.0,0.0201579362773077,1.0,0.0,0.0,0.0,0.0,0.0
gotham,6,false_positive_0p020,0.02,02:42:3a:fa:55:00,0.007544462061530021,0.44889549266103623,1.0,0.0,0.0,0.0,0.0,0.002439672063705848
gotham,6,false_positive_0p020,0.02,02:42:3c:e7:b0:00,0.9436681273780575,0.9436681273780575,0.0,1.0,0.0,0.0,0.0,0.0006294934802253945
gotham,6,false_positive_0p020,0.02,02:42:45:1f:36:00,2.3605081998163326,2.3605081998163326,0.0,1.0,0.0,0.0,0.0,0.0004158744654308051
gotham,6,false_positive_0p020,0.02,02:42:45:f3:74:00,0.0,0.030276766517921824,1.0,0.0,0.0,0.0,0.0,0.0
gotham,6,false_positive_0p020,0.02,02:42:48:92:a3:00,4.251240924548737,4.251240924548737,0.0,1.0,0.0,0.0,0.0,0.00038648301702628237
gotham,6,false_positive_0p020,0.02,02:42:51:3c:2f:00,0.0,0.07064611991264069,1.0,0.0,0.0,0.0,0.0,0.0
gotham,6,false_positive_0p020,0.02,02:42:51:78:60:00,0.0,0.07167328035632449,1.0,0.0,0.0,0.0,0.0,0.0
gotham,6,false_positive_0p020,0.02,02:42:52:d7:fa:00,0.0,0.04904034700790266,1.0,0.0,0.0,0.0,0.0,0.0
gotham,6,false_positive_0p020,0.02,02:42:56:ac:61:00,1.8908839853857973,1.8908839853857973,0.0,1.0,0.0,0.0,0.0,0.0004837011027461355
gotham,6,false_positive_0p020,0.02,02:42:57:79:b7:00,0.0,0.03030211519649032,1.0,0.0,0.0,0.0,0.0,0.0
gotham,6,false_positive_0p020,0.02,02:42:63:6b:70:00,2.833196602971264,2.833196602971264,0.0,1.0,0.0,0.0,0.0,0.00047950592545783436
gotham,6,false_positive_0p020,0.02,02:42:73:ad:39:00,1.4165252219966402,1.4165252219966402,0.0,1.0,0.0,0.0,0.0,0.0005424959795277425
gotham,6,false_positive_0p020,0.02,02:42:75:96:a3:00,0.9432514872419117,0.9432514872419117,0.0,1.0,0.0,0.0,0.0,0.0003394061021771074
gotham,6,false_positive_0p020,0.02,02:42:76:0d:7f:00,0.0,0.02015337148938808,1.0,0.0,0.0,0.0,0.0,0.0
gotham,6,false_positive_0p020,0.02,02:42:78:54:1c:00,0.0,0.02018482022906774,1.0,0.0,0.0,0.0,0.0,0.0
gotham,6,false_positive_0p020,0.02,02:42:7a:77:08:00,0.943273392147605,0.943273392147605,0.0,1.0,0.0,0.0,0.0,0.00042498840957426226
gotham,6,false_positive_0p020,0.02,02:42:82:75:d1:00,0.0,0.03033048061502582,1.0,0.0,0.0,0.0,0.0,0.0
gotham,6,false_positive_0p020,0.02,02:42:85:03:66:00,2.3611507408697148,2.3611507408697148,0.0,1.0,0.0,0.0,0.0,0.0004554055570517232
gotham,6,false_positive_0p020,0.02,02:42:8d:87:6d:00,0.0,0.06055587001226832,1.0,0.0,0.0,0.0,0.0,0.0
gotham,6,false_positive_0p020,0.02,02:42:8e:5a:86:00,4.250487132684312,4.250487132684312,0.0,1.0,0.0,0.0,0.0,0.0004689920318564722
gotham,6,false_positive_0p020,0.02,02:42:90:66:25:00,1.4149141807428063,1.4149141807428063,0.0,1.0,0.0,0.0,0.0,0.0005398455668868506
gotham,6,false_positive_0p020,0.02,02:42:98:66:68:00,0.9432467179828534,0.9432467179828534,0.0,1.0,0.0,0.0,0.0,0.0003943990259603304
gotham,6,false_positive_0p020,0.02,02:42:a0:64:db:00,0.47207176476928514,0.47207176476928514,0.0,1.0,0.0,0.0,0.0,0.0005730384656184478
gotham,6,false_positive_0p020,0.02,02:42:a9:11:53:00,0.010090381503765962,0.07063267052636174,1.0,0.0,0.0,0.0,0.0,0.02132359611313465
gotham,6,false_positive_0p020,0.02,02:42:ae:88:72:00,0.0,0.04040034390543522,1.0,0.0,0.0,0.0,0.0,0.0
gotham,6,false_positive_0p020,0.02,02:42:bd:f8:c5:00,0.0,0.03027359470004522,1.0,0.0,0.0,0.0,0.0,0.0
gotham,6,false_positive_0p020,0.02,02:42:c0:ac:38:00,0.010099658171170109,0.020199316342340217,1.0,0.0,0.0,0.0,0.0,0.021327110948953308
gotham,6,false_positive_0p020,0.02,02:42:c1:b7:72:00,0.0,0.03028018574222315,1.0,0.0,0.0,0.0,0.0,0.0
gotham,6,false_positive_0p020,0.02,02:42:c2:48:f9:00,0.47159946927451907,0.47159946927451907,0.0,1.0,0.0,0.0,0.0,0.00044821349271809976
gotham,6,false_positive_0p020,0.02,02:42:c2:7a:05:00,0.0,0.060551996633086934,1.0,0.0,0.0,0.0,0.0,0.0
gotham,6,false_positive_0p020,0.02,02:42:c3:13:3c:00,0.0,0.02019978837296154,1.0,0.0,0.0,0.0,0.0,0.0
gotham,6,false_positive_0p020,0.02,02:42:c5:6f:4c:00,0.0,0.010100451407491592,1.0,0.0,0.0,0.0,0.0,0.0
gotham,6,false_positive_0p020,0.02,02:42:c5:c1:72:00,0.0,0.040400843911856194,1.0,0.0,0.0,0.0,0.0,0.0
gotham,6,false_positive_0p020,0.02,02:42:c8:50:67:00,0.9439335604517527,0.9439335604517527,0.0,1.0,0.0,0.0,0.0,0.0003120148238619548
gotham,6,false_positive_0p020,0.02,02:42:cb:b5:ff:00,0.0,0.09078997108702894,1.0,0.0,0.0,0.0,0.0,0.0
gotham,6,false_positive_0p020,0.02,02:42:cc:db:31:00,0.0,0.09057185958285921,1.0,0.0,0.0,0.0,0.0,0.0
gotham,6,false_positive_0p020,0.02,02:42:cd:90:eb:00,0.0,0.040400834754454246,1.0,0.0,0.0,0.0,0.0,0.0
gotham,6,false_positive_0p020,0.02,02:42:d0:94:31:00,2.361138633105775,2.361138633105775,0.0,1.0,0.0,0.0,0.0,0.0005017238516535825
gotham,6,false_positive_0p020,0.02,02:42:d4:9f:bb:00,0.4724091787215793,0.4724091787215793,0.0,1.0,0.0,0.0,0.0,0.00028201529092525626
gotham,6,false_positive_0p020,0.02,02:42:da:1c:50:00,0.0,0.08000003003744213,1.0,0.0,0.0,0.0,0.0,0.0
gotham,6,false_positive_0p020,0.02,02:42:de:09:03:00,0.9442224602953978,0.9442224602953978,0.0,1.0,0.0,0.0,0.0,0.0005300516014504813
gotham,6,false_positive_0p020,0.02,02:42:de:51:81:00,0.0,0.010090975369746617,1.0,0.0,0.0,0.0,0.0,0.0
gotham,6,false_positive_0p020,0.02,02:42:e8:56:10:00,0.0,0.03027693018760263,1.0,0.0,0.0,0.0,0.0,0.0
gotham,6,false_positive_0p020,0.02,02:42:e8:8a:b5:00,0.0,0.010076654152554727,1.0,0.0,0.0,0.0,0.0,0.0
gotham,6,false_positive_0p020,0.02,02:42:e9:4b:52:00,0.0,0.02019964467943793,1.0,0.0,0.0,0.0,0.0,0.0
gotham,6,false_positive_0p020,0.02,02:42:ea:da:fe:00,0.9453342114669907,0.9453342114669907,0.0,1.0,0.0,0.0,0.0,0.0005055574203427674
gotham,6,false_positive_0p020,0.02,02:42:eb:2e:72:00,0.0,0.010092108271219322,1.0,0.0,0.0,0.0,0.0,0.0
gotham,6,false_positive_0p020,0.02,02:42:f3:0f:05:00,0.47161455691965065,0.47161455691965065,0.0,1.0,0.0,0.0,0.0,0.0005294266490014182
gotham,6,false_positive_0p020,0.02,02:42:f3:95:27:00,0.9432226460090997,0.9432226460090997,0.0,1.0,0.0,0.0,0.0,0.00035420492508033525
gotham,6,false_positive_0p020,0.02,02:42:f5:dd:2d:00,0.0,0.020203711995265737,1.0,0.0,0.0,0.0,0.0,0.0
gotham,6,false_positive_0p020,0.02,02:42:f7:8a:5d:00,0.0,0.03024553579957143,1.0,0.0,0.0,0.0,0.0,0.0
gotham,6,false_positive_0p020,0.02,02:42:f7:f5:f7:00,0.09430508086216968,0.10562169056563005,1.0,0.0,0.0,0.0,0.0,5.413437644708885e-6
gotham,6,false_positive_0p020,0.02,02:42:fe:ae:87:00,0.943254284198103,0.943254284198103,0.0,1.0,0.0,0.0,0.0,0.0005420676577744489
gotham,6,false_positive_0p020,0.02,0c:03:36:87:00:00,0.23122777610813652,0.31083078099782285,1.0,0.0,0.0,0.0,0.0,7.412760540054445e-6
gotham,6,false_positive_0p020,0.02,0c:6e:9c:16:00:00,0.0,0.11316704773334489,1.0,0.0,0.0,0.0,0.0,0.0
gotham,6,false_positive_0p020,0.02,0c:bc:fa:c1:00:00,1.3466904393744845,1.769181557609617,1.0,0.0,0.0,0.0,0.0,0.00001906287306593849
gotham,6,false_positive_0p020,0.02,0c:c5:dc:e9:00:00,0.47114775674291803,0.47114775674291803,0.0,1.0,0.0,0.0,0.0,0.9991224245952565
gotham,7,false_positive_0p001,0.001,02:42:37:46:7f:00,0.0,0.010099650758740718,1.0,0.0,0.0,0.0,0.0,0.0
gotham,7,false_positive_0p001,0.001,02:42:3a:fa:55:00,0.022633386184590064,0.45643995472256627,1.0,0.0,0.0,0.0,0.0,0.0008054103215666943
gotham,7,false_positive_0p001,0.001,02:42:45:f3:74:00,0.0,0.030276766517921824,1.0,0.0,0.0,0.0,0.0,0.0
gotham,7,false_positive_0p001,0.001,02:42:51:3c:2f:00,0.0,0.07064611991264069,1.0,0.0,0.0,0.0,0.0,0.0
gotham,7,false_positive_0p001,0.001,02:42:51:78:60:00,0.0,0.06790100244283372,1.0,0.0,0.0,0.0,0.0,0.0
gotham,7,false_positive_0p001,0.001,02:42:52:d7:fa:00,0.0,0.04904034700790266,1.0,0.0,0.0,0.0,0.0,0.0
gotham,7,false_positive_0p001,0.001,02:42:76:0d:7f:00,0.0,0.02015337148938808,1.0,0.0,0.0,0.0,0.0,0.0
gotham,7,false_positive_0p001,0.001,02:42:78:54:1c:00,0.0,0.02018482022906774,1.0,0.0,0.0,0.0,0.0,0.0
gotham,7,false_positive_0p001,0.001,02:42:8d:87:6d:00,0.0,0.06055587001226832,1.0,0.0,0.0,0.0,0.0,0.0
gotham,7,false_positive_0p001,0.001,02:42:a9:11:53:00,0.7466882312786812,0.807230520301277,1.0,0.0,0.0,0.0,0.0,9.784386998475163e-6
gotham,7,false_positive_0p001,0.001,02:42:c0:ac:38:00,1.959333685207001,1.969433343378171,1.0,0.0,0.0,0.0,0.0,9.817131147623307e-6
gotham,7,false_positive_0p001,0.001,02:42:c1:b7:72:00,0.0,0.03028018574222315,1.0,0.0,0.0,0.0,0.0,0.0
gotham,7,false_positive_0p001,0.001,02:42:c2:7a:05:00,0.0,0.060551996633086934,1.0,0.0,0.0,0.0,0.0,0.0
gotham,7,false_positive_0p001,0.001,02:42:cc:db:31:00,0.0,0.09057185958285921,1.0,0.0,0.0,0.0,0.0,0.0
gotham,7,false_positive_0p001,0.001,02:42:da:1c:50:00,0.0,0.08000003003744213,1.0,0.0,0.0,0.0,0.0,0.0
gotham,7,false_positive_0p001,0.001,02:42:e8:56:10:00,0.0,0.03027693018760263,1.0,0.0,0.0,0.0,0.0,0.0
gotham,7,false_positive_0p001,0.001,02:42:e8:8a:b5:00,0.0,0.010076654152554727,1.0,0.0,0.0,0.0,0.0,0.0
gotham,7,false_positive_0p001,0.001,02:42:eb:2e:72:00,0.0,0.010092108271219322,1.0,0.0,0.0,0.0,0.0,0.0
gotham,7,false_positive_0p001,0.001,02:42:f7:f5:f7:00,0.015088812937947149,0.05658304851730181,1.0,0.0,0.0,0.0,0.0,0.00025604583653926434
gotham,7,false_positive_0p001,0.001,0c:03:36:87:00:00,0.0,0.07202176632876384,1.0,0.0,0.0,0.0,0.0,0.0
gotham,7,false_positive_0p001,0.001,0c:6e:9c:16:00:00,0.0,0.10939481280890005,1.0,0.0,0.0,0.0,0.0,0.0
gotham,7,false_positive_0p001,0.001,0c:bc:fa:c1:00:00,0.041494663398093365,0.23010676975306318,1.0,0.0,0.0,0.0,0.0,7.004865395224928e-6
gotham,7,false_positive_0p001,0.001,0c:c5:dc:e9:00:00,1.8845910269716721,1.8845910269716721,0.0,1.0,0.0,0.0,0.0,0.0003790744097917685
gotham,7,false_positive_0p0025,0.0025,02:42:08:99:2d:00,0.0,0.020201063460795195,1.0,0.0,0.0,0.0,0.0,0.0
gotham,7,false_positive_0p0025,0.0025,02:42:20:eb:85:00,0.0,0.030273489000429102,1.0,0.0,0.0,0.0,0.0,0.0
gotham,7,false_positive_0p0025,0.0025,02:42:2a:62:80:00,0.0,0.03030423915118545,1.0,0.0,0.0,0.0,0.0,0.0
gotham,7,false_positive_0p0025,0.0025,02:42:2b:40:e0:00,0.0,0.02019988328924068,1.0,0.0,0.0,0.0,0.0,0.0
gotham,7,false_positive_0p0025,0.0025,02:42:2e:ae:e1:00,0.0,0.10617039994019889,1.0,0.0,0.0,0.0,0.0,0.0
gotham,7,false_positive_0p0025,0.0025,02:42:32:85:24:00,0.0,0.06060891977135001,1.0,0.0,0.0,0.0,0.0,0.0
gotham,7,false_positive_0p0025,0.0025,02:42:34:89:3a:00,0.0,0.01009105833192443,1.0,0.0,0.0,0.0,0.0,0.0
gotham,7,false_positive_0p0025,0.0025,02:42:37:46:7f:00,0.0,0.010099650758740718,1.0,0.0,0.0,0.0,0.0,0.0
gotham,7,false_positive_0p0025,0.0025,02:42:3a:fa:55:00,0.007544462061530021,0.44889549266103623,1.0,0.0,0.0,0.0,0.0,0.0024387566658465075
gotham,7,false_positive_0p0025,0.0025,02:42:45:f3:74:00,0.0,0.030276766517921824,1.0,0.0,0.0,0.0,0.0,0.0
gotham,7,false_positive_0p0025,0.0025,02:42:51:3c:2f:00,0.0,0.07064611991264069,1.0,0.0,0.0,0.0,0.0,0.0
gotham,7,false_positive_0p0025,0.0025,02:42:51:78:60:00,0.0,0.06790100244283372,1.0,0.0,0.0,0.0,0.0,0.0
gotham,7,false_positive_0p0025,0.0025,02:42:52:d7:fa:00,0.0,0.04904034700790266,1.0,0.0,0.0,0.0,0.0,0.0
gotham,7,false_positive_0p0025,0.0025,02:42:76:0d:7f:00,0.0,0.02015337148938808,1.0,0.0,0.0,0.0,0.0,0.0
gotham,7,false_positive_0p0025,0.0025,02:42:78:54:1c:00,0.0,0.02018482022906774,1.0,0.0,0.0,0.0,0.0,0.0
gotham,7,false_positive_0p0025,0.0025,02:42:82:75:d1:00,0.0,0.03033048061502582,1.0,0.0,0.0,0.0,0.0,0.0
gotham,7,false_positive_0p0025,0.0025,02:42:8d:87:6d:00,0.0,0.06055587001226832,1.0,0.0,0.0,0.0,0.0,0.0
gotham,7,false_positive_0p0025,0.0025,02:42:a9:11:53:00,2.14925126030215,2.2097935493247456,1.0,0.0,0.0,0.0,0.0,0.00005191633207680161
gotham,7,false_positive_0p0025,0.0025,02:42:bd:f8:c5:00,0.0,0.03027359470004522,1.0,0.0,0.0,0.0,0.0,0.0
gotham,7,false_positive_0p0025,0.0025,02:42:c0:ac:38:00,2.161326848630403,2.171426506801573,1.0,0.0,0.0,0.0,0.0,0.00006839736513705524
gotham,7,false_positive_0p0025,0.0025,02:42:c1:b7:72:00,0.0,0.03028018574222315,1.0,0.0,0.0,0.0,0.0,0.0
gotham,7,false_positive_0p0025,0.0025,02:42:c2:7a:05:00,0.0,0.060551996633086934,1.0,0.0,0.0,0.0,0.0,0.0
gotham,7,false_positive_0p0025,0.0025,02:42:c3:13:3c:00,0.0,0.02019978837296154,1.0,0.0,0.0,0.0,0.0,0.0
gotham,7,false_positive_0p0025,0.0025,02:42:c5:c1:72:00,0.0,0.040400843911856194,1.0,0.0,0.0,0.0,0.0,0.0
gotham,7,false_positive_0p0025,0.0025,02:42:cc:db:31:00,0.0,0.09057185958285921,1.0,0.0,0.0,0.0,0.0,0.0
gotham,7,false_positive_0p0025,0.0025,02:42:cd:90:eb:00,0.0,0.040400834754454246,1.0,0.0,0.0,0.0,0.0,0.0
gotham,7,false_positive_0p0025,0.0025,02:42:da:1c:50:00,0.0,0.08000003003744213,1.0,0.0,0.0,0.0,0.0,0.0
gotham,7,false_positive_0p0025,0.0025,02:42:de:51:81:00,0.0,0.010090975369746617,1.0,0.0,0.0,0.0,0.0,0.0
gotham,7,false_positive_0p0025,0.0025,02:42:e8:56:10:00,0.0,0.03027693018760263,1.0,0.0,0.0,0.0,0.0,0.0
gotham,7,false_positive_0p0025,0.0025,02:42:e8:8a:b5:00,0.0,0.010076654152554727,1.0,0.0,0.0,0.0,0.0,0.0
gotham,7,false_positive_0p0025,0.0025,02:42:e9:4b:52:00,0.0,0.02019964467943793,1.0,0.0,0.0,0.0,0.0,0.0
gotham,7,false_positive_0p0025,0.0025,02:42:eb:2e:72:00,0.0,0.010092108271219322,1.0,0.0,0.0,0.0,0.0,0.0
gotham,7,false_positive_0p0025,0.0025,02:42:f5:dd:2d:00,0.0,0.020203711995265737,1.0,0.0,0.0,0.0,0.0,0.0
gotham,7,false_positive_0p0025,0.0025,02:42:f7:f5:f7:00,0.015088812937947149,0.05658304851730181,1.0,0.0,0.0,0.0,0.0,0.0002566211323463786
gotham,7,false_positive_0p0025,0.0025,0c:03:36:87:00:00,0.0,0.07202176632876384,1.0,0.0,0.0,0.0,0.0,0.0
gotham,7,false_positive_0p0025,0.0025,0c:6e:9c:16:00:00,0.0,0.10939481280890005,1.0,0.0,0.0,0.0,0.0,0.0
gotham,7,false_positive_0p0025,0.0025,0c:bc:fa:c1:00:00,0.04526690552519276,0.49416371865002096,1.0,0.0,0.0,0.0,0.0,6.67077362805744e-6
gotham,7,false_positive_0p0025,0.0025,0c:c5:dc:e9:00:00,10.836398405087115,10.836398405087115,0.0,1.0,0.0,0.0,0.0,0.0004767231920633643
gotham,7,false_positive_0p005,0.005,02:42:08:99:2d:00,0.0,0.020201063460795195,1.0,0.0,0.0,0.0,0.0,0.0
gotham,7,false_positive_0p005,0.005,02:42:20:eb:85:00,0.0,0.030273489000429102,1.0,0.0,0.0,0.0,0.0,0.0
gotham,7,false_positive_0p005,0.005,02:42:2a:62:80:00,0.0,0.03030423915118545,1.0,0.0,0.0,0.0,0.0,0.0
gotham,7,false_positive_0p005,0.005,02:42:2b:40:e0:00,0.0,0.02019988328924068,1.0,0.0,0.0,0.0,0.0,0.0
gotham,7,false_positive_0p005,0.005,02:42:2e:ae:e1:00,0.0,0.10617039994019889,1.0,0.0,0.0,0.0,0.0,0.0
gotham,7,false_positive_0p005,0.005,02:42:32:85:24:00,0.0,0.06060891977135001,1.0,0.0,0.0,0.0,0.0,0.0
gotham,7,false_positive_0p005,0.005,02:42:34:89:3a:00,0.0,0.01009105833192443,1.0,0.0,0.0,0.0,0.0,0.0
gotham,7,false_positive_0p005,0.005,02:42:37:46:7f:00,0.0,0.010099650758740718,1.0,0.0,0.0,0.0,0.0,0.0
gotham,7,false_positive_0p005,0.005,02:42:3a:fa:55:00,0.007544462061530021,0.44889549266103623,1.0,0.0,0.0,0.0,0.0,0.002439360216914561
gotham,7,false_positive_0p005,0.005,02:42:45:f3:74:00,0.0,0.030276766517921824,1.0,0.0,0.0,0.0,0.0,0.0
gotham,7,false_positive_0p005,0.005,02:42:51:3c:2f:00,0.0,0.07064611991264069,1.0,0.0,0.0,0.0,0.0,0.0
gotham,7,false_positive_0p005,0.005,02:42:51:78:60:00,0.0,0.06790100244283372,1.0,0.0,0.0,0.0,0.0,0.0
gotham,7,false_positive_0p005,0.005,02:42:52:d7:fa:00,0.0,0.04904034700790266,1.0,0.0,0.0,0.0,0.0,0.0
gotham,7,false_positive_0p005,0.005,02:42:76:0d:7f:00,0.0,0.02015337148938808,1.0,0.0,0.0,0.0,0.0,0.0
gotham,7,false_positive_0p005,0.005,02:42:78:54:1c:00,0.0,0.02018482022906774,1.0,0.0,0.0,0.0,0.0,0.0
gotham,7,false_positive_0p005,0.005,02:42:82:75:d1:00,0.0,0.03033048061502582,1.0,0.0,0.0,0.0,0.0,0.0
gotham,7,false_positive_0p005,0.005,02:42:8d:87:6d:00,0.0,0.06055587001226832,1.0,0.0,0.0,0.0,0.0,0.0
gotham,7,false_positive_0p005,0.005,02:42:a9:11:53:00,0.010090381503765962,0.07063267052636174,1.0,0.0,0.0,0.0,0.0,0.021317607990232402
gotham,7,false_positive_0p005,0.005,02:42:bd:f8:c5:00,0.0,0.03027359470004522,1.0,0.0,0.0,0.0,0.0,0.0
gotham,7,false_positive_0p005,0.005,02:42:c0:ac:38:00,0.010099658171170109,0.020199316342340217,1.0,0.0,0.0,0.0,0.0,0.021324423817499542
gotham,7,false_positive_0p005,0.005,02:42:c1:b7:72:00,0.0,0.03028018574222315,1.0,0.0,0.0,0.0,0.0,0.0
gotham,7,false_positive_0p005,0.005,02:42:c2:7a:05:00,0.0,0.060551996633086934,1.0,0.0,0.0,0.0,0.0,0.0
gotham,7,false_positive_0p005,0.005,02:42:c3:13:3c:00,0.0,0.02019978837296154,1.0,0.0,0.0,0.0,0.0,0.0
gotham,7,false_positive_0p005,0.005,02:42:c5:c1:72:00,0.0,0.040400843911856194,1.0,0.0,0.0,0.0,0.0,0.0
gotham,7,false_positive_0p005,0.005,02:42:cc:db:31:00,0.0,0.09057185958285921,1.0,0.0,0.0,0.0,0.0,0.0
gotham,7,false_positive_0p005,0.005,02:42:cd:90:eb:00,0.0,0.040400834754454246,1.0,0.0,0.0,0.0,0.0,0.0
gotham,7,false_positive_0p005,0.005,02:42:da:1c:50:00,0.0,0.08000003003744213,1.0,0.0,0.0,0.0,0.0,0.0
gotham,7,false_positive_0p005,0.005,02:42:de:51:81:00,0.0,0.010090975369746617,1.0,0.0,0.0,0.0,0.0,0.0
gotham,7,false_positive_0p005,0.005,02:42:e8:56:10:00,0.0,0.03027693018760263,1.0,0.0,0.0,0.0,0.0,0.0
gotham,7,false_positive_0p005,0.005,02:42:e8:8a:b5:00,0.0,0.010076654152554727,1.0,0.0,0.0,0.0,0.0,0.0
gotham,7,false_positive_0p005,0.005,02:42:e9:4b:52:00,0.0,0.02019964467943793,1.0,0.0,0.0,0.0,0.0,0.0
gotham,7,false_positive_0p005,0.005,02:42:eb:2e:72:00,0.0,0.010092108271219322,1.0,0.0,0.0,0.0,0.0,0.0
gotham,7,false_positive_0p005,0.005,02:42:f5:dd:2d:00,0.0,0.020203711995265737,1.0,0.0,0.0,0.0,0.0,0.0
gotham,7,false_positive_0p005,0.005,02:42:f7:f5:f7:00,0.015088812937947149,0.05658304851730181,1.0,0.0,0.0,0.0,0.0,0.0002566555956371064
gotham,7,false_positive_0p005,0.005,0c:03:36:87:00:00,0.0,0.07202176632876384,1.0,0.0,0.0,0.0,0.0,0.0
gotham,7,false_positive_0p005,0.005,0c:6e:9c:16:00:00,0.0,0.10939481280890005,1.0,0.0,0.0,0.0,0.0,0.0
gotham,7,false_positive_0p005,0.005,0c:bc:fa:c1:00:00,0.4715302658874246,1.112811427494322,1.0,0.0,0.0,0.0,0.0,8.564327779037153e-6
gotham,7,false_positive_0p005,0.005,0c:c5:dc:e9:00:00,39.1052638096622,39.1052638096622,0.0,1.0,0.0,0.0,0.0,0.0006231104553833734
gotham,7,false_positive_0p010,0.01,02:42:08:99:2d:00,0.0,0.020201063460795195,1.0,0.0,0.0,0.0,0.0,0.0
gotham,7,false_positive_0p010,0.01,02:42:20:eb:85:00,0.0,0.030273489000429102,1.0,0.0,0.0,0.0,0.0,0.0
gotham,7,false_positive_0p010,0.01,02:42:2a:62:80:00,0.0,0.03030423915118545,1.0,0.0,0.0,0.0,0.0,0.0
gotham,7,false_positive_0p010,0.01,02:42:2b:40:e0:00,0.0,0.02019988328924068,1.0,0.0,0.0,0.0,0.0,0.0
gotham,7,false_positive_0p010,0.01,02:42:2c:ff:d9:00,0.0,0.030302178269802867,1.0,0.0,0.0,0.0,0.0,0.0
gotham,7,false_positive_0p010,0.01,02:42:2e:ae:e1:00,0.003791799997864246,0.10996219993806314,1.0,0.0,0.0,0.0,0.0,4.661339727968366e-6
gotham,7,false_positive_0p010,0.01,02:42:32:85:24:00,0.0,0.06060891977135001,1.0,0.0,0.0,0.0,0.0,0.0
gotham,7,false_positive_0p010,0.01,02:42:34:89:3a:00,0.0,0.01009105833192443,1.0,0.0,0.0,0.0,0.0,0.0
gotham,7,false_positive_0p010,0.01,02:42:37:46:7f:00,0.0,0.010099650758740718,1.0,0.0,0.0,0.0,0.0,0.0
gotham,7,false_positive_0p010,0.01,02:42:37:ed:4f:00,0.0,0.050501567735698284,1.0,0.0,0.0,0.0,0.0,0.0
gotham,7,false_positive_0p010,0.01,02:42:39:ca:09:00,0.0,0.0201579362773077,1.0,0.0,0.0,0.0,0.0,0.0
gotham,7,false_positive_0p010,0.01,02:42:3a:fa:55:00,0.007544462061530021,0.44889549266103623,1.0,0.0,0.0,0.0,0.0,0.002439360216914561
gotham,7,false_positive_0p010,0.01,02:42:45:f3:74:00,0.0,0.030276766517921824,1.0,0.0,0.0,0.0,0.0,0.0
gotham,7,false_positive_0p010,0.01,02:42:51:3c:2f:00,0.0,0.07064611991264069,1.0,0.0,0.0,0.0,0.0,0.0
gotham,7,false_positive_0p010,0.01,02:42:51:78:60:00,0.0,0.06790100244283372,1.0,0.0,0.0,0.0,0.0,0.0
gotham,7,false_positive_0p010,0.01,02:42:52:d7:fa:00,0.0,0.04904034700790266,1.0,0.0,0.0,0.0,0.0,0.0
gotham,7,false_positive_0p010,0.01,02:42:57:79:b7:00,0.0,0.03030211519649032,1.0,0.0,0.0,0.0,0.0,0.0
gotham,7,false_positive_0p010,0.01,02:42:76:0d:7f:00,0.0,0.02015337148938808,1.0,0.0,0.0,0.0,0.0,0.0
gotham,7,false_positive_0p010,0.01,02:42:78:54:1c:00,0.0,0.02018482022906774,1.0,0.0,0.0,0.0,0.0,0.0
gotham,7,false_positive_0p010,0.01,02:42:82:75:d1:00,0.0,0.03033048061502582,1.0,0.0,0.0,0.0,0.0,0.0
gotham,7,false_positive_0p010,0.01,02:42:8d:87:6d:00,0.0,0.06055587001226832,1.0,0.0,0.0,0.0,0.0,0.0
gotham,7,false_positive_0p010,0.01,02:42:a9:11:53:00,0.010090381503765962,0.07063267052636174,1.0,0.0,0.0,0.0,0.0,0.02132359611313465
gotham,7,false_positive_0p010,0.01,02:42:ae:88:72:00,0.0,0.04040034390543522,1.0,0.0,0.0,0.0,0.0,0.0
gotham,7,false_positive_0p010,0.01,02:42:bd:f8:c5:00,0.0,0.03027359470004522,1.0,0.0,0.0,0.0,0.0,0.0
gotham,7,false_positive_0p010,0.01,02:42:c0:ac:38:00,0.010099658171170109,0.020199316342340217,1.0,0.0,0.0,0.0,0.0,0.021324423817499542
gotham,7,false_positive_0p010,0.01,02:42:c1:b7:72:00,0.0,0.03028018574222315,1.0,0.0,0.0,0.0,0.0,0.0
gotham,7,false_positive_0p010,0.01,02:42:c2:7a:05:00,0.0,0.060551996633086934,1.0,0.0,0.0,0.0,0.0,0.0
gotham,7,false_positive_0p010,0.01,02:42:c3:13:3c:00,0.0,0.02019978837296154,1.0,0.0,0.0,0.0,0.0,0.0
gotham,7,false_positive_0p010,0.01,02:42:c5:6f:4c:00,0.0,0.010100451407491592,1.0,0.0,0.0,0.0,0.0,0.0
gotham,7,false_positive_0p010,0.01,02:42:c5:c1:72:00,0.0,0.040400843911856194,1.0,0.0,0.0,0.0,0.0,0.0
gotham,7,false_positive_0p010,0.01,02:42:cb:b5:ff:00,0.0,0.09078997108702894,1.0,0.0,0.0,0.0,0.0,0.0
gotham,7,false_positive_0p010,0.01,02:42:cc:db:31:00,0.0,0.09057185958285921,1.0,0.0,0.0,0.0,0.0,0.0
gotham,7,false_positive_0p010,0.01,02:42:cd:90:eb:00,0.0,0.040400834754454246,1.0,0.0,0.0,0.0,0.0,0.0
gotham,7,false_positive_0p010,0.01,02:42:da:1c:50:00,0.0,0.08000003003744213,1.0,0.0,0.0,0.0,0.0,0.0
gotham,7,false_positive_0p010,0.01,02:42:de:51:81:00,0.0,0.010090975369746617,1.0,0.0,0.0,0.0,0.0,0.0
gotham,7,false_positive_0p010,0.01,02:42:e8:56:10:00,0.0,0.03027693018760263,1.0,0.0,0.0,0.0,0.0,0.0
gotham,7,false_positive_0p010,0.01,02:42:e8:8a:b5:00,0.0,0.010076654152554727,1.0,0.0,0.0,0.0,0.0,0.0
gotham,7,false_positive_0p010,0.01,02:42:e9:4b:52:00,0.0,0.02019964467943793,1.0,0.0,0.0,0.0,0.0,0.0
gotham,7,false_positive_0p010,0.01,02:42:eb:2e:72:00,0.0,0.010092108271219322,1.0,0.0,0.0,0.0,0.0,0.0
gotham,7,false_positive_0p010,0.01,02:42:f5:dd:2d:00,0.0,0.020203711995265737,1.0,0.0,0.0,0.0,0.0,0.0
gotham,7,false_positive_0p010,0.01,02:42:f7:8a:5d:00,0.0,0.03024553579957143,1.0,0.0,0.0,0.0,0.0,0.0
gotham,7,false_positive_0p010,0.01,02:42:f7:f5:f7:00,0.015088812937947149,0.05658304851730181,1.0,0.0,0.0,0.0,0.0,0.0002566555956371064
gotham,7,false_positive_0p010,0.01,0c:03:36:87:00:00,0.0,0.07202176632876384,1.0,0.0,0.0,0.0,0.0,0.0
gotham,7,false_positive_0p010,0.01,0c:6e:9c:16:00:00,0.0,0.10939481280890005,1.0,0.0,0.0,0.0,0.0,0.0
gotham,7,false_positive_0p010,0.01,0c:bc:fa:c1:00:00,1.380640618518379,1.8031317367535116,1.0,0.0,0.0,0.0,0.0,0.000012134357359516972
gotham,7,false_positive_0p010,0.01,0c:c5:dc:e9:00:00,89.0469260244115,89.0469260244115,0.0,1.0,0.0,0.0,0.0,0.001180055966900683
gotham,7,false_positive_0p020,0.02,02:42:08:99:2d:00,0.0,0.020201063460795195,1.0,0.0,0.0,0.0,0.0,0.0
gotham,7,false_positive_0p020,0.02,02:42:0b:0b:d7:00,0.9431769588034294,0.9431769588034294,0.0,1.0,0.0,0.0,0.0,0.0005266896791966936
gotham,7,false_positive_0p020,0.02,02:42:12:96:2f:00,0.47160474165300087,0.47160474165300087,0.0,1.0,0.0,0.0,0.0,0.0005061545874900057
gotham,7,false_positive_0p020,0.02,02:42:20:eb:85:00,0.0,0.030273489000429102,1.0,0.0,0.0,0.0,0.0,0.0
gotham,7,false_positive_0p020,0.02,02:42:2a:62:80:00,0.0,0.03030423915118545,1.0,0.0,0.0,0.0,0.0,0.0
gotham,7,false_positive_0p020,0.02,02:42:2b:40:e0:00,0.0,0.02019988328924068,1.0,0.0,0.0,0.0,0.0,0.0
gotham,7,false_positive_0p020,0.02,02:42:2c:ff:d9:00,0.0,0.030302178269802867,1.0,0.0,0.0,0.0,0.0,0.0
gotham,7,false_positive_0p020,0.02,02:42:2e:0b:c2:00,0.9444229538965436,0.9444229538965436,0.0,1.0,0.0,0.0,0.0,0.000526892522965778
gotham,7,false_positive_0p020,0.02,02:42:2e:ae:e1:00,0.003791799997864246,0.10617039994019889,1.0,0.0,0.0,0.0,0.0,4.661339727968366e-6
gotham,7,false_positive_0p020,0.02,02:42:32:85:24:00,0.0,0.06060891977135001,1.0,0.0,0.0,0.0,0.0,0.0
gotham,7,false_positive_0p020,0.02,02:42:34:89:3a:00,0.0,0.01009105833192443,1.0,0.0,0.0,0.0,0.0,0.0
gotham,7,false_positive_0p020,0.02,02:42:37:46:7f:00,0.0,0.010099650758740718,1.0,0.0,0.0,0.0,0.0,0.0
gotham,7,false_positive_0p020,0.02,02:42:37:ed:4f:00,0.0,0.050501567735698284,1.0,0.0,0.0,0.0,0.0,0.0
gotham,7,false_positive_0p020,0.02,02:42:39:ca:09:00,0.0,0.0201579362773077,1.0,0.0,0.0,0.0,0.0,0.0
gotham,7,false_positive_0p020,0.02,02:42:3a:fa:55:00,0.007544462061530021,0.44889549266103623,1.0,0.0,0.0,0.0,0.0,0.002439360216914561
gotham,7,false_positive_0p020,0.02,02:42:3c:e7:b0:00,0.9436681273780575,0.9436681273780575,0.0,1.0,0.0,0.0,0.0,0.000269933900892589
gotham,7,false_positive_0p020,0.02,02:42:45:1f:36:00,1.4163049198897995,1.4163049198897995,0.0,1.0,0.0,0.0,0.0,0.0004494703388674603
gotham,7,false_positive_0p020,0.02,02:42:45:f3:74:00,0.0,0.030276766517921824,1.0,0.0,0.0,0.0,0.0,0.0
gotham,7,false_positive_0p020,0.02,02:42:48:92:a3:00,4.251240924548737,4.251240924548737,0.0,1.0,0.0,0.0,0.0,0.0004641124066598956
gotham,7,false_positive_0p020,0.02,02:42:51:3c:2f:00,0.0,0.07064611991264069,1.0,0.0,0.0,0.0,0.0,0.0
gotham,7,false_positive_0p020,0.02,02:42:51:78:60:00,0.0,0.06790100244283372,1.0,0.0,0.0,0.0,0.0,0.0
gotham,7,false_positive_0p020,0.02,02:42:52:d7:fa:00,0.0,0.04904034700790266,1.0,0.0,0.0,0.0,0.0,0.0
gotham,7,false_positive_0p020,0.02,02:42:56:ac:61:00,3.7817679707715945,3.7817679707715945,0.0,1.0,0.0,0.0,0.0,0.0004657682539275534
gotham,7,false_positive_0p020,0.02,02:42:57:79:b7:00,0.0,0.03030211519649032,1.0,0.0,0.0,0.0,0.0,0.0
gotham,7,false_positive_0p020,0.02,02:42:63:6b:70:00,1.416598301485632,1.416598301485632,0.0,1.0,0.0,0.0,0.0,0.0010335335668763457
gotham,7,false_positive_0p020,0.02,02:42:73:ad:39:00,1.8887002959955204,1.8887002959955204,0.0,1.0,0.0,0.0,0.0,0.0005025973742384149
gotham,7,false_positive_0p020,0.02,02:42:75:96:a3:00,0.9432514872419117,0.9432514872419117,0.0,1.0,0.0,0.0,0.0,0.00033911318467228836
gotham,7,false_positive_0p020,0.02,02:42:76:0d:7f:00,0.0,0.02015337148938808,1.0,0.0,0.0,0.0,0.0,0.0
gotham,7,false_positive_0p020,0.02,02:42:78:54:1c:00,0.0,0.02018482022906774,1.0,0.0,0.0,0.0,0.0,0.0
gotham,7,false_positive_0p020,0.02,02:42:82:75:d1:00,0.0,0.03033048061502582,1.0,0.0,0.0,0.0,0.0,0.0
gotham,7,false_positive_0p020,0.02,02:42:85:03:66:00,1.8889205926957717,1.8889205926957717,0.0,1.0,0.0,0.0,0.0,0.0004561664938484346
gotham,7,false_positive_0p020,0.02,02:42:8d:87:6d:00,0.0,0.06055587001226832,1.0,0.0,0.0,0.0,0.0,0.0
gotham,7,false_positive_0p020,0.02,02:42:8e:5a:86:00,5.195039828836381,5.195039828836381,0.0,1.0,0.0,0.0,0.0,0.00044800808762156285
gotham,7,false_positive_0p020,0.02,02:42:90:66:25:00,0.9432761204952042,0.9432761204952042,0.0,1.0,0.0,0.0,0.0,0.0005748047691070427
gotham,7,false_positive_0p020,0.02,02:42:a9:11:53:00,0.010090381503765962,0.07063267052636174,1.0,0.0,0.0,0.0,0.0,0.02132359611313465
gotham,7,false_positive_0p020,0.02,02:42:ae:88:72:00,0.0,0.04040034390543522,1.0,0.0,0.0,0.0,0.0,0.0
gotham,7,false_positive_0p020,0.02,02:42:bd:f8:c5:00,0.0,0.03027359470004522,1.0,0.0,0.0,0.0,0.0,0.0
gotham,7,false_positive_0p020,0.02,02:42:c0:ac:38:00,0.010099658171170109,0.020199316342340217,1.0,0.0,0.0,0.0,0.0,0.021327110948953308
gotham,7,false_positive_0p020,0.02,02:42:c1:b7:72:00,0.0,0.03028018574222315,1.0,0.0,0.0,0.0,0.0,0.0
gotham,7,false_positive_0p020,0.02,02:42:c2:48:f9:00,0.47159946927451907,0.47159946927451907,0.0,1.0,0.0,0.0,0.0,0.000510375288712501
gotham,7,false_positive_0p020,0.02,02:42:c2:7a:05:00,0.0,0.060551996633086934,1.0,0.0,0.0,0.0,0.0,0.0
gotham,7,false_positive_0p020,0.02,02:42:c3:13:3c:00,0.0,0.02019978837296154,1.0,0.0,0.0,0.0,0.0,0.0
gotham,7,false_positive_0p020,0.02,02:42:c5:6f:4c:00,0.0,0.010100451407491592,1.0,0.0,0.0,0.0,0.0,0.0
gotham,7,false_positive_0p020,0.02,02:42:c5:c1:72:00,0.0,0.040400843911856194,1.0,0.0,0.0,0.0,0.0,0.0
gotham,7,false_positive_0p020,0.02,02:42:c8:50:67:00,0.9439335604517527,0.9439335604517527,0.0,1.0,0.0,0.0,0.0,0.0005390490428485891
gotham,7,false_positive_0p020,0.02,02:42:cb:b5:ff:00,0.0,0.09078997108702894,1.0,0.0,0.0,0.0,0.0,0.0
gotham,7,false_positive_0p020,0.02,02:42:cc:db:31:00,0.0,0.09057185958285921,1.0,0.0,0.0,0.0,0.0,0.0
gotham,7,false_positive_0p020,0.02,02:42:cd:90:eb:00,0.0,0.040400834754454246,1.0,0.0,0.0,0.0,0.0,0.0
gotham,7,false_positive_0p020,0.02,02:42:d0:94:31:00,4.250049539590395,4.250049539590395,0.0,1.0,0.0,0.0,0.0,0.0005939692559595038
gotham,7,false_positive_0p020,0.02,02:42:d4:9f:bb:00,0.4724091787215793,0.4724091787215793,0.0,1.0,0.0,0.0,0.0,0.00027291801237442026
gotham,7,false_positive_0p020,0.02,02:42:da:1c:50:00,0.0,0.08761908051719852,1.0,0.0,0.0,0.0,0.0,0.0
gotham,7,false_positive_0p020,0.02,02:42:de:09:03:00,0.4721112301476989,0.4721112301476989,0.0,1.0,0.0,0.0,0.0,0.0005061349745100532
gotham,7,false_positive_0p020,0.02,02:42:de:51:81:00,0.0,0.010090975369746617,1.0,0.0,0.0,0.0,0.0,0.0
gotham,7,false_positive_0p020,0.02,02:42:e8:56:10:00,0.0,0.03027693018760263,1.0,0.0,0.0,0.0,0.0,0.0
gotham,7,false_positive_0p020,0.02,02:42:e8:8a:b5:00,0.0,0.010076654152554727,1.0,0.0,0.0,0.0,0.0,0.0
gotham,7,false_positive_0p020,0.02,02:42:e9:4b:52:00,0.0,0.02019964467943793,1.0,0.0,0.0,0.0,0.0,0.0
gotham,7,false_positive_0p020,0.02,02:42:eb:2e:72:00,0.0,0.010092108271219322,1.0,0.0,0.0,0.0,0.0,0.0
gotham,7,false_positive_0p020,0.02,02:42:f5:dd:2d:00,0.0,0.020203711995265737,1.0,0.0,0.0,0.0,0.0,0.0
gotham,7,false_positive_0p020,0.02,02:42:f7:8a:5d:00,0.0,0.03024553579957143,1.0,0.0,0.0,0.0,0.0,0.0
gotham,7,false_positive_0p020,0.02,02:42:f7:f5:f7:00,0.015088812937947149,0.05658304851730181,1.0,0.0,0.0,0.0,0.0,0.0002566555956371064
gotham,7,false_positive_0p020,0.02,0c:03:36:87:00:00,0.36389945092428044,0.4359212172530443,1.0,0.0,0.0,0.0,0.0,4.448117009965392e-6
gotham,7,false_positive_0p020,0.02,0c:6e:9c:16:00:00,0.0,0.10939481280890005,1.0,0.0,0.0,0.0,0.0,0.0
gotham,7,false_positive_0p020,0.02,0c:bc:fa:c1:00:00,1.380640618518379,1.8031317367535116,1.0,0.0,0.0,0.0,0.0,0.000012418919208987532
gotham,7,false_positive_0p020,0.02,0c:c5:dc:e9:00:00,65.96068594400853,65.96068594400853,0.0,1.0,0.0,0.0,0.0,0.0046887977610768836
gotham,8,false_positive_0p001,0.001,02:42:37:46:7f:00,0.0,0.010099650758740718,1.0,0.0,0.0,0.0,0.0,0.0
gotham,8,false_positive_0p001,0.001,02:42:3a:fa:55:00,0.022633386184590064,0.45643995472256627,1.0,0.0,0.0,0.0,0.0,0.0008054103215666943
gotham,8,false_positive_0p001,0.001,02:42:45:f3:74:00,0.0,0.030276766517921824,1.0,0.0,0.0,0.0,0.0,0.0
gotham,8,false_positive_0p001,0.001,02:42:51:3c:2f:00,0.0,0.07064611991264069,1.0,0.0,0.0,0.0,0.0,0.0
gotham,8,false_positive_0p001,0.001,02:42:51:78:60:00,0.0,0.06790100244283372,1.0,0.0,0.0,0.0,0.0,0.0
gotham,8,false_positive_0p001,0.001,02:42:52:d7:fa:00,0.0,0.04904034700790266,1.0,0.0,0.0,0.0,0.0,0.0
gotham,8,false_positive_0p001,0.001,02:42:76:0d:7f:00,0.0,0.02015337148938808,1.0,0.0,0.0,0.0,0.0,0.0
gotham,8,false_positive_0p001,0.001,02:42:78:54:1c:00,0.0,0.02018482022906774,1.0,0.0,0.0,0.0,0.0,0.0
gotham,8,false_positive_0p001,0.001,02:42:8d:87:6d:00,0.0,0.06055587001226832,1.0,0.0,0.0,0.0,0.0,0.0
gotham,8,false_positive_0p001,0.001,02:42:a9:11:53:00,0.7466882312786812,0.807230520301277,1.0,0.0,0.0,0.0,0.0,9.784386998475163e-6
gotham,8,false_positive_0p001,0.001,02:42:c0:ac:38:00,1.959333685207001,1.969433343378171,1.0,0.0,0.0,0.0,0.0,9.817131147623307e-6
gotham,8,false_positive_0p001,0.001,02:42:c1:b7:72:00,0.0,0.03028018574222315,1.0,0.0,0.0,0.0,0.0,0.0
gotham,8,false_positive_0p001,0.001,02:42:c2:7a:05:00,0.0,0.060551996633086934,1.0,0.0,0.0,0.0,0.0,0.0
gotham,8,false_positive_0p001,0.001,02:42:cc:db:31:00,0.0,0.09057185958285921,1.0,0.0,0.0,0.0,0.0,0.0
gotham,8,false_positive_0p001,0.001,02:42:da:1c:50:00,0.0,0.08000003003744213,1.0,0.0,0.0,0.0,0.0,0.0
gotham,8,false_positive_0p001,0.001,02:42:e8:56:10:00,0.0,0.03027693018760263,1.0,0.0,0.0,0.0,0.0,0.0
gotham,8,false_positive_0p001,0.001,02:42:e8:8a:b5:00,0.0,0.010076654152554727,1.0,0.0,0.0,0.0,0.0,0.0
gotham,8,false_positive_0p001,0.001,02:42:eb:2e:72:00,0.0,0.010092108271219322,1.0,0.0,0.0,0.0,0.0,0.0
gotham,8,false_positive_0p001,0.001,02:42:f5:dd:2d:00,0.0,0.020203711995265737,1.0,0.0,0.0,0.0,0.0,0.0
gotham,8,false_positive_0p001,0.001,02:42:f7:f5:f7:00,0.015088812937947149,0.05658304851730181,1.0,0.0,0.0,0.0,0.0,0.0002559745837920156
gotham,8,false_positive_0p001,0.001,0c:03:36:87:00:00,0.0,0.07202176632876384,1.0,0.0,0.0,0.0,0.0,0.0
gotham,8,false_positive_0p001,0.001,0c:6e:9c:16:00:00,0.0,0.10939481280890005,1.0,0.0,0.0,0.0,0.0,0.0
gotham,8,false_positive_0p001,0.001,0c:bc:fa:c1:00:00,0.041494663398093365,0.2866904016595541,1.0,0.0,0.0,0.0,0.0,7.004865395224928e-6
gotham,8,false_positive_0p001,0.001,0c:c5:dc:e9:00:00,16.019023729259214,16.019023729259214,0.0,1.0,0.0,0.0,0.0,0.0005072505517744939
gotham,8,false_positive_0p0025,0.0025,02:42:08:99:2d:00,0.0,0.020201063460795195,1.0,0.0,0.0,0.0,0.0,0.0
gotham,8,false_positive_0p0025,0.0025,02:42:20:eb:85:00,0.0,0.030273489000429102,1.0,0.0,0.0,0.0,0.0,0.0
gotham,8,false_positive_0p0025,0.0025,02:42:2a:62:80:00,0.0,0.03030423915118545,1.0,0.0,0.0,0.0,0.0,0.0
gotham,8,false_positive_0p0025,0.0025,02:42:2b:40:e0:00,0.0,0.02019988328924068,1.0,0.0,0.0,0.0,0.0,0.0
gotham,8,false_positive_0p0025,0.0025,02:42:2e:ae:e1:00,0.0,0.10996219993806314,1.0,0.0,0.0,0.0,0.0,0.0
gotham,8,false_positive_0p0025,0.0025,02:42:32:85:24:00,0.0,0.06060891977135001,1.0,0.0,0.0,0.0,0.0,0.0
gotham,8,false_positive_0p0025,0.0025,02:42:34:89:3a:00,0.0,0.01009105833192443,1.0,0.0,0.0,0.0,0.0,0.0
gotham,8,false_positive_0p0025,0.0025,02:42:37:46:7f:00,0.0,0.010099650758740718,1.0,0.0,0.0,0.0,0.0,0.0
gotham,8,false_positive_0p0025,0.0025,02:42:3a:fa:55:00,0.007544462061530021,0.44889549266103623,1.0,0.0,0.0,0.0,0.0,0.0024393389579321625
gotham,8,false_positive_0p0025,0.0025,02:42:45:f3:74:00,0.0,0.030276766517921824,1.0,0.0,0.0,0.0,0.0,0.0
gotham,8,false_positive_0p0025,0.0025,02:42:51:3c:2f:00,0.0,0.07064611991264069,1.0,0.0,0.0,0.0,0.0,0.0
gotham,8,false_positive_0p0025,0.0025,02:42:51:78:60:00,0.0,0.06790100244283372,1.0,0.0,0.0,0.0,0.0,0.0
gotham,8,false_positive_0p0025,0.0025,02:42:52:d7:fa:00,0.0,0.04904034700790266,1.0,0.0,0.0,0.0,0.0,0.0
gotham,8,false_positive_0p0025,0.0025,02:42:76:0d:7f:00,0.0,0.02015337148938808,1.0,0.0,0.0,0.0,0.0,0.0
gotham,8,false_positive_0p0025,0.0025,02:42:78:54:1c:00,0.0,0.02018482022906774,1.0,0.0,0.0,0.0,0.0,0.0
gotham,8,false_positive_0p0025,0.0025,02:42:82:75:d1:00,0.0,0.03033048061502582,1.0,0.0,0.0,0.0,0.0,0.0
gotham,8,false_positive_0p0025,0.0025,02:42:8d:87:6d:00,0.0,0.06055587001226832,1.0,0.0,0.0,0.0,0.0,0.0
gotham,8,false_positive_0p0025,0.0025,02:42:a9:11:53:00,2.14925126030215,2.2097935493247456,1.0,0.0,0.0,0.0,0.0,0.00005191633207680161
gotham,8,false_positive_0p0025,0.0025,02:42:bd:f8:c5:00,0.0,0.03027359470004522,1.0,0.0,0.0,0.0,0.0,0.0
gotham,8,false_positive_0p0025,0.0025,02:42:c0:ac:38:00,2.161326848630403,2.171426506801573,1.0,0.0,0.0,0.0,0.0,0.00006839736513705524
gotham,8,false_positive_0p0025,0.0025,02:42:c1:b7:72:00,0.0,0.03028018574222315,1.0,0.0,0.0,0.0,0.0,0.0
gotham,8,false_positive_0p0025,0.0025,02:42:c2:7a:05:00,0.0,0.060551996633086934,1.0,0.0,0.0,0.0,0.0,0.0
gotham,8,false_positive_0p0025,0.0025,02:42:c3:13:3c:00,0.0,0.02019978837296154,1.0,0.0,0.0,0.0,0.0,0.0
gotham,8,false_positive_0p0025,0.0025,02:42:c5:c1:72:00,0.0,0.040400843911856194,1.0,0.0,0.0,0.0,0.0,0.0
gotham,8,false_positive_0p0025,0.0025,02:42:cc:db:31:00,0.0,0.09057185958285921,1.0,0.0,0.0,0.0,0.0,0.0
gotham,8,false_positive_0p0025,0.0025,02:42:cd:90:eb:00,0.0,0.040400834754454246,1.0,0.0,0.0,0.0,0.0,0.0
gotham,8,false_positive_0p0025,0.0025,02:42:da:1c:50:00,0.0,0.08380955527732033,1.0,0.0,0.0,0.0,0.0,0.0
gotham,8,false_positive_0p0025,0.0025,02:42:de:51:81:00,0.0,0.010090975369746617,1.0,0.0,0.0,0.0,0.0,0.0
gotham,8,false_positive_0p0025,0.0025,02:42:e8:56:10:00,0.0,0.03027693018760263,1.0,0.0,0.0,0.0,0.0,0.0
gotham,8,false_positive_0p0025,0.0025,02:42:e8:8a:b5:00,0.0,0.010076654152554727,1.0,0.0,0.0,0.0,0.0,0.0
gotham,8,false_positive_0p0025,0.0025,02:42:e9:4b:52:00,0.0,0.02019964467943793,1.0,0.0,0.0,0.0,0.0,0.0
gotham,8,false_positive_0p0025,0.0025,02:42:eb:2e:72:00,0.0,0.010092108271219322,1.0,0.0,0.0,0.0,0.0,0.0
gotham,8,false_positive_0p0025,0.0025,02:42:f5:dd:2d:00,0.0,0.020203711995265737,1.0,0.0,0.0,0.0,0.0,0.0
gotham,8,false_positive_0p0025,0.0025,02:42:f7:f5:f7:00,0.015088812937947149,0.05658304851730181,1.0,0.0,0.0,0.0,0.0,0.0002566211323463786
gotham,8,false_positive_0p0025,0.0025,0c:03:36:87:00:00,0.0,0.07202176632876384,1.0,0.0,0.0,0.0,0.0,0.0
gotham,8,false_positive_0p0025,0.0025,0c:6e:9c:16:00:00,0.0,0.10939481280890005,1.0,0.0,0.0,0.0,0.0,0.0
gotham,8,false_positive_0p0025,0.0025,0c:bc:fa:c1:00:00,0.04526690552519276,0.49416371865002096,1.0,0.0,0.0,0.0,0.0,6.67077362805744e-6
gotham,8,false_positive_0p0025,0.0025,0c:c5:dc:e9:00:00,68.31642472772312,68.31642472772312,0.0,1.0,0.0,0.0,0.0,0.0008163946523590095
gotham,8,false_positive_0p005,0.005,02:42:08:99:2d:00,0.0,0.020201063460795195,1.0,0.0,0.0,0.0,0.0,0.0
gotham,8,false_positive_0p005,0.005,02:42:20:eb:85:00,0.0,0.030273489000429102,1.0,0.0,0.0,0.0,0.0,0.0
gotham,8,false_positive_0p005,0.005,02:42:2a:62:80:00,0.0,0.03030423915118545,1.0,0.0,0.0,0.0,0.0,0.0
gotham,8,false_positive_0p005,0.005,02:42:2b:40:e0:00,0.0,0.02019988328924068,1.0,0.0,0.0,0.0,0.0,0.0
gotham,8,false_positive_0p005,0.005,02:42:2e:ae:e1:00,0.0,0.10996219993806314,1.0,0.0,0.0,0.0,0.0,0.0
gotham,8,false_positive_0p005,0.005,02:42:32:85:24:00,0.0,0.06060891977135001,1.0,0.0,0.0,0.0,0.0,0.0
gotham,8,false_positive_0p005,0.005,02:42:34:89:3a:00,0.0,0.01009105833192443,1.0,0.0,0.0,0.0,0.0,0.0
gotham,8,false_positive_0p005,0.005,02:42:37:46:7f:00,0.0,0.010099650758740718,1.0,0.0,0.0,0.0,0.0,0.0
gotham,8,false_positive_0p005,0.005,02:42:3a:fa:55:00,0.007544462061530021,0.44889549266103623,1.0,0.0,0.0,0.0,0.0,0.002439629730861368
gotham,8,false_positive_0p005,0.005,02:42:45:f3:74:00,0.0,0.030276766517921824,1.0,0.0,0.0,0.0,0.0,0.0
gotham,8,false_positive_0p005,0.005,02:42:51:3c:2f:00,0.0,0.07064611991264069,1.0,0.0,0.0,0.0,0.0,0.0
gotham,8,false_positive_0p005,0.005,02:42:51:78:60:00,0.0,0.06790100244283372,1.0,0.0,0.0,0.0,0.0,0.0
gotham,8,false_positive_0p005,0.005,02:42:52:d7:fa:00,0.0,0.04904034700790266,1.0,0.0,0.0,0.0,0.0,0.0
gotham,8,false_positive_0p005,0.005,02:42:76:0d:7f:00,0.0,0.02015337148938808,1.0,0.0,0.0,0.0,0.0,0.0
gotham,8,false_positive_0p005,0.005,02:42:78:54:1c:00,0.0,0.02018482022906774,1.0,0.0,0.0,0.0,0.0,0.0
gotham,8,false_positive_0p005,0.005,02:42:82:75:d1:00,0.0,0.03033048061502582,1.0,0.0,0.0,0.0,0.0,0.0
gotham,8,false_positive_0p005,0.005,02:42:8d:87:6d:00,0.0,0.06055587001226832,1.0,0.0,0.0,0.0,0.0,0.0
gotham,8,false_positive_0p005,0.005,02:42:a9:11:53:00,0.9585862428577664,1.0191285318803622,1.0,0.0,0.0,0.0,0.0,0.00018833506745398172
gotham,8,false_positive_0p005,0.005,02:42:bd:f8:c5:00,0.0,0.03027359470004522,1.0,0.0,0.0,0.0,0.0,0.0
gotham,8,false_positive_0p005,0.005,02:42:c0:ac:38:00,0.010099658171170109,0.020199316342340217,1.0,0.0,0.0,0.0,0.0,0.021324423817499542
gotham,8,false_positive_0p005,0.005,02:42:c1:b7:72:00,0.0,0.03028018574222315,1.0,0.0,0.0,0.0,0.0,0.0
gotham,8,false_positive_0p005,0.005,02:42:c2:7a:05:00,0.0,0.060551996633086934,1.0,0.0,0.0,0.0,0.0,0.0
gotham,8,false_positive_0p005,0.005,02:42:c3:13:3c:00,0.0,0.02019978837296154,1.0,0.0,0.0,0.0,0.0,0.0
gotham,8,false_positive_0p005,0.005,02:42:c5:c1:72:00,0.0,0.040400843911856194,1.0,0.0,0.0,0.0,0.0,0.0
gotham,8,false_positive_0p005,0.005,02:42:cc:db:31:00,0.0,0.09057185958285921,1.0,0.0,0.0,0.0,0.0,0.0
gotham,8,false_positive_0p005,0.005,02:42:cd:90:eb:00,0.0,0.040400834754454246,1.0,0.0,0.0,0.0,0.0,0.0
gotham,8,false_positive_0p005,0.005,02:42:da:1c:50:00,0.0,0.08380955527732033,1.0,0.0,0.0,0.0,0.0,0.0
gotham,8,false_positive_0p005,0.005,02:42:de:51:81:00,0.0,0.010090975369746617,1.0,0.0,0.0,0.0,0.0,0.0
gotham,8,false_positive_0p005,0.005,02:42:e8:56:10:00,0.0,0.03027693018760263,1.0,0.0,0.0,0.0,0.0,0.0
gotham,8,false_positive_0p005,0.005,02:42:e8:8a:b5:00,0.0,0.010076654152554727,1.0,0.0,0.0,0.0,0.0,0.0
gotham,8,false_positive_0p005,0.005,02:42:e9:4b:52:00,0.0,0.02019964467943793,1.0,0.0,0.0,0.0,0.0,0.0
gotham,8,false_positive_0p005,0.005,02:42:eb:2e:72:00,0.0,0.010092108271219322,1.0,0.0,0.0,0.0,0.0,0.0
gotham,8,false_positive_0p005,0.005,02:42:f5:dd:2d:00,0.0,0.020203711995265737,1.0,0.0,0.0,0.0,0.0,0.0
gotham,8,false_positive_0p005,0.005,02:42:f7:f5:f7:00,0.015088812937947149,0.05658304851730181,1.0,0.0,0.0,0.0,0.0,0.0002566555956371064
gotham,8,false_positive_0p005,0.005,0c:03:36:87:00:00,0.0,0.07202176632876384,1.0,0.0,0.0,0.0,0.0,0.0
gotham,8,false_positive_0p005,0.005,0c:6e:9c:16:00:00,0.0,0.10939481280890005,1.0,0.0,0.0,0.0,0.0,0.0
gotham,8,false_positive_0p005,0.005,0c:bc:fa:c1:00:00,0.4715302658874246,1.112811427494322,1.0,0.0,0.0,0.0,0.0,8.564327779037153e-6
gotham,8,false_positive_0p005,0.005,0c:c5:dc:e9:00:00,91.4026648081261,91.4026648081261,0.0,1.0,0.0,0.0,0.0,0.0022404615788417324
gotham,8,false_positive_0p010,0.01,02:42:08:99:2d:00,0.0,0.020201063460795195,1.0,0.0,0.0,0.0,0.0,0.0
gotham,8,false_positive_0p010,0.01,02:42:20:eb:85:00,0.0,0.030273489000429102,1.0,0.0,0.0,0.0,0.0,0.0
gotham,8,false_positive_0p010,0.01,02:42:2a:62:80:00,0.0,0.03030423915118545,1.0,0.0,0.0,0.0,0.0,0.0
gotham,8,false_positive_0p010,0.01,02:42:2b:40:e0:00,0.0,0.02019988328924068,1.0,0.0,0.0,0.0,0.0,0.0
gotham,8,false_positive_0p010,0.01,02:42:2c:ff:d9:00,0.0,0.030302178269802867,1.0,0.0,0.0,0.0,0.0,0.0
gotham,8,false_positive_0p010,0.01,02:42:2e:ae:e1:00,0.003791799997864246,0.10996219993806314,1.0,0.0,0.0,0.0,0.0,4.661339727968366e-6
gotham,8,false_positive_0p010,0.01,02:42:32:85:24:00,0.0,0.06060891977135001,1.0,0.0,0.0,0.0,0.0,0.0
gotham,8,false_positive_0p010,0.01,02:42:34:89:3a:00,0.0,0.01009105833192443,1.0,0.0,0.0,0.0,0.0,0.0
gotham,8,false_positive_0p010,0.01,02:42:37:46:7f:00,0.0,0.010099650758740718,1.0,0.0,0.0,0.0,0.0,0.0
gotham,8,false_positive_0p010,0.01,02:42:37:ed:4f:00,0.0,0.050501567735698284,1.0,0.0,0.0,0.0,0.0,0.0
gotham,8,false_positive_0p010,0.01,02:42:39:ca:09:00,0.0,0.0201579362773077,1.0,0.0,0.0,0.0,0.0,0.0
gotham,8,false_positive_0p010,0.01,02:42:3a:fa:55:00,0.007544462061530021,0.44889549266103623,1.0,0.0,0.0,0.0,0.0,0.002439629730861368
gotham,8,false_positive_0p010,0.01,02:42:45:f3:74:00,0.0,0.030276766517921824,1.0,0.0,0.0,0.0,0.0,0.0
gotham,8,false_positive_0p010,0.01,02:42:51:3c:2f:00,0.0,0.07064611991264069,1.0,0.0,0.0,0.0,0.0,0.0
gotham,8,false_positive_0p010,0.01,02:42:51:78:60:00,0.0,0.06790100244283372,1.0,0.0,0.0,0.0,0.0,0.0
gotham,8,false_positive_0p010,0.01,02:42:52:d7:fa:00,0.0,0.04904034700790266,1.0,0.0,0.0,0.0,0.0,0.0
gotham,8,false_positive_0p010,0.01,02:42:57:79:b7:00,0.0,0.03030211519649032,1.0,0.0,0.0,0.0,0.0,0.0
gotham,8,false_positive_0p010,0.01,02:42:76:0d:7f:00,0.0,0.02015337148938808,1.0,0.0,0.0,0.0,0.0,0.0
gotham,8,false_positive_0p010,0.01,02:42:78:54:1c:00,0.0,0.02018482022906774,1.0,0.0,0.0,0.0,0.0,0.0
gotham,8,false_positive_0p010,0.01,02:42:82:75:d1:00,0.0,0.03033048061502582,1.0,0.0,0.0,0.0,0.0,0.0
gotham,8,false_positive_0p010,0.01,02:42:8d:87:6d:00,0.0,0.06055587001226832,1.0,0.0,0.0,0.0,0.0,0.0
gotham,8,false_positive_0p010,0.01,02:42:a9:11:53:00,0.010090381503765962,0.07063267052636174,1.0,0.0,0.0,0.0,0.0,0.02132359611313465
gotham,8,false_positive_0p010,0.01,02:42:ae:88:72:00,0.0,0.04040034390543522,1.0,0.0,0.0,0.0,0.0,0.0
gotham,8,false_positive_0p010,0.01,02:42:bd:f8:c5:00,0.0,0.03027359470004522,1.0,0.0,0.0,0.0,0.0,0.0
gotham,8,false_positive_0p010,0.01,02:42:c0:ac:38:00,0.010099658171170109,0.020199316342340217,1.0,0.0,0.0,0.0,0.0,0.021324423817499542
gotham,8,false_positive_0p010,0.01,02:42:c1:b7:72:00,0.0,0.03028018574222315,1.0,0.0,0.0,0.0,0.0,0.0
gotham,8,false_positive_0p010,0.01,02:42:c2:7a:05:00,0.0,0.060551996633086934,1.0,0.0,0.0,0.0,0.0,0.0
gotham,8,false_positive_0p010,0.01,02:42:c3:13:3c:00,0.0,0.02019978837296154,1.0,0.0,0.0,0.0,0.0,0.0
gotham,8,false_positive_0p010,0.01,02:42:c5:6f:4c:00,0.0,0.010100451407491592,1.0,0.0,0.0,0.0,0.0,0.0
gotham,8,false_positive_0p010,0.01,02:42:c5:c1:72:00,0.0,0.040400843911856194,1.0,0.0,0.0,0.0,0.0,0.0
gotham,8,false_positive_0p010,0.01,02:42:cb:b5:ff:00,0.0,0.09078997108702894,1.0,0.0,0.0,0.0,0.0,0.0
gotham,8,false_positive_0p010,0.01,02:42:cc:db:31:00,0.0,0.09057185958285921,1.0,0.0,0.0,0.0,0.0,0.0
gotham,8,false_positive_0p010,0.01,02:42:cd:90:eb:00,0.0,0.040400834754454246,1.0,0.0,0.0,0.0,0.0,0.0
gotham,8,false_positive_0p010,0.01,02:42:da:1c:50:00,0.0,0.08380955527732033,1.0,0.0,0.0,0.0,0.0,0.0
gotham,8,false_positive_0p010,0.01,02:42:de:51:81:00,0.0,0.010090975369746617,1.0,0.0,0.0,0.0,0.0,0.0
gotham,8,false_positive_0p010,0.01,02:42:e8:56:10:00,0.0,0.03027693018760263,1.0,0.0,0.0,0.0,0.0,0.0
gotham,8,false_positive_0p010,0.01,02:42:e8:8a:b5:00,0.0,0.010076654152554727,1.0,0.0,0.0,0.0,0.0,0.0
gotham,8,false_positive_0p010,0.01,02:42:e9:4b:52:00,0.0,0.02019964467943793,1.0,0.0,0.0,0.0,0.0,0.0
gotham,8,false_positive_0p010,0.01,02:42:eb:2e:72:00,0.0,0.010092108271219322,1.0,0.0,0.0,0.0,0.0,0.0
gotham,8,false_positive_0p010,0.01,02:42:f5:dd:2d:00,0.0,0.020203711995265737,1.0,0.0,0.0,0.0,0.0,0.0
gotham,8,false_positive_0p010,0.01,02:42:f7:8a:5d:00,0.0,0.03024553579957143,1.0,0.0,0.0,0.0,0.0,0.0
gotham,8,false_positive_0p010,0.01,02:42:f7:f5:f7:00,0.015088812937947149,0.05658304851730181,1.0,0.0,0.0,0.0,0.0,0.0002566555956371064
gotham,8,false_positive_0p010,0.01,0c:03:36:87:00:00,0.2425996339495203,0.3146214002782841,1.0,0.0,0.0,0.0,0.0,4.628948744593923e-6
gotham,8,false_positive_0p010,0.01,0c:6e:9c:16:00:00,0.0,0.10939481280890005,1.0,0.0,0.0,0.0,0.0,0.0
gotham,8,false_positive_0p010,0.01,0c:bc:fa:c1:00:00,1.3844128606454784,1.8106762210077103,1.0,0.0,0.0,0.0,0.0,0.000012164802359449476
gotham,8,false_positive_0p010,0.01,0c:c5:dc:e9:00:00,17.432466999487968,17.432466999487968,0.0,1.0,0.0,0.0,0.0,0.0250671208813913
gotham,8,false_positive_0p020,0.02,02:42:08:99:2d:00,0.0,0.020201063460795195,1.0,0.0,0.0,0.0,0.0,0.0
gotham,8,false_positive_0p020,0.02,02:42:0b:0b:d7:00,0.9431769588034294,0.9431769588034294,0.0,1.0,0.0,0.0,0.0,0.000528215849956438
gotham,8,false_positive_0p020,0.02,02:42:20:eb:85:00,0.0,0.030273489000429102,1.0,0.0,0.0,0.0,0.0,0.0
gotham,8,false_positive_0p020,0.02,02:42:2a:62:80:00,0.0,0.03030423915118545,1.0,0.0,0.0,0.0,0.0,0.0
gotham,8,false_positive_0p020,0.02,02:42:2b:40:e0:00,0.0,0.02019988328924068,1.0,0.0,0.0,0.0,0.0,0.0
gotham,8,false_positive_0p020,0.02,02:42:2c:ff:d9:00,0.0,0.030302178269802867,1.0,0.0,0.0,0.0,0.0,0.0
gotham,8,false_positive_0p020,0.02,02:42:2e:ae:e1:00,0.003791799997864246,0.10996219993806314,1.0,0.0,0.0,0.0,0.0,4.661339727968366e-6
gotham,8,false_positive_0p020,0.02,02:42:32:85:24:00,0.0,0.06060891977135001,1.0,0.0,0.0,0.0,0.0,0.0
gotham,8,false_positive_0p020,0.02,02:42:34:89:3a:00,0.0,0.01009105833192443,1.0,0.0,0.0,0.0,0.0,0.0
gotham,8,false_positive_0p020,0.02,02:42:37:46:7f:00,0.0,0.010099650758740718,1.0,0.0,0.0,0.0,0.0,0.0
gotham,8,false_positive_0p020,0.02,02:42:37:ed:4f:00,0.0,0.050501567735698284,1.0,0.0,0.0,0.0,0.0,0.0
gotham,8,false_positive_0p020,0.02,02:42:39:ca:09:00,0.0,0.0201579362773077,1.0,0.0,0.0,0.0,0.0,0.0
gotham,8,false_positive_0p020,0.02,02:42:3a:fa:55:00,0.007544462061530021,0.44889549266103623,1.0,0.0,0.0,0.0,0.0,0.002439629730861368
gotham,8,false_positive_0p020,0.02,02:42:45:f3:74:00,0.0,0.030276766517921824,1.0,0.0,0.0,0.0,0.0,0.0
gotham,8,false_positive_0p020,0.02,02:42:48:92:a3:00,6.613041438186925,6.613041438186925,0.0,1.0,0.0,0.0,0.0,0.00041429790128143755
gotham,8,false_positive_0p020,0.02,02:42:51:3c:2f:00,0.0,0.07064611991264069,1.0,0.0,0.0,0.0,0.0,0.0
gotham,8,false_positive_0p020,0.02,02:42:51:78:60:00,0.0,0.07167328035632449,1.0,0.0,0.0,0.0,0.0,0.0
gotham,8,false_positive_0p020,0.02,02:42:52:d7:fa:00,0.0,0.04904034700790266,1.0,0.0,0.0,0.0,0.0,0.0
gotham,8,false_positive_0p020,0.02,02:42:56:ac:61:00,5.199930959810943,5.199930959810943,0.0,1.0,0.0,0.0,0.0,0.0004921595406988908
gotham,8,false_positive_0p020,0.02,02:42:57:79:b7:00,0.0,0.03030211519649032,1.0,0.0,0.0,0.0,0.0,0.0
gotham,8,false_positive_0p020,0.02,02:42:61:b7:bc:00,0.47160590549370973,0.47160590549370973,0.0,1.0,0.0,0.0,0.0,0.0004536818635556316
gotham,8,false_positive_0p020,0.02,02:42:63:6b:70:00,5.666393205942528,5.666393205942528,0.0,1.0,0.0,0.0,0.0,0.0004164302952863024
gotham,8,false_positive_0p020,0.02,02:42:75:96:a3:00,0.47162574362095583,0.47162574362095583,0.0,1.0,0.0,0.0,0.0,0.000362534762784879
gotham,8,false_positive_0p020,0.02,02:42:76:0d:7f:00,0.0,0.02015337148938808,1.0,0.0,0.0,0.0,0.0,0.0
gotham,8,false_positive_0p020,0.02,02:42:78:54:1c:00,0.0,0.02018482022906774,1.0,0.0,0.0,0.0,0.0,0.0
gotham,8,false_positive_0p020,0.02,02:42:7a:77:08:00,0.943273392147605,0.943273392147605,0.0,1.0,0.0,0.0,0.0,0.00042498840957426226
gotham,8,false_positive_0p020,0.02,02:42:82:75:d1:00,0.0,0.03033048061502582,1.0,0.0,0.0,0.0,0.0,0.0
gotham,8,false_positive_0p020,0.02,02:42:8d:87:6d:00,0.0,0.06055587001226832,1.0,0.0,0.0,0.0,0.0,0.0
gotham,8,false_positive_0p020,0.02,02:42:8e:5a:86:00,5.667316176912416,5.667316176912416,0.0,1.0,0.0,0.0,0.0,0.00044774245195157084
gotham,8,false_positive_0p020,0.02,02:42:90:66:25:00,1.4149141807428063,1.4149141807428063,0.0,1.0,0.0,0.0,0.0,0.0005395550260311424
gotham,8,false_positive_0p020,0.02,02:42:98:66:68:00,0.9432467179828534,0.9432467179828534,0.0,1.0,0.0,0.0,0.0,0.0003943990259603304
gotham,8,false_positive_0p020,0.02,02:42:a9:11:53:00,0.010090381503765962,0.07063267052636174,1.0,0.0,0.0,0.0,0.0,0.02132359611313465
gotham,8,false_positive_0p020,0.02,02:42:ae:88:72:00,0.0,0.04040034390543522,1.0,0.0,0.0,0.0,0.0,0.0
gotham,8,false_positive_0p020,0.02,02:42:bd:f8:c5:00,0.0,0.03027359470004522,1.0,0.0,0.0,0.0,0.0,0.0
gotham,8,false_positive_0p020,0.02,02:42:c0:ac:38:00,0.010099658171170109,0.020199316342340217,1.0,0.0,0.0,0.0,0.0,0.021327110948953308
gotham,8,false_positive_0p020,0.02,02:42:c1:b7:72:00,0.0,0.03028018574222315,1.0,0.0,0.0,0.0,0.0,0.0
gotham,8,false_positive_0p020,0.02,02:42:c2:48:f9:00,0.47159946927451907,0.47159946927451907,0.0,1.0,0.0,0.0,0.0,0.00044821349271809976
gotham,8,false_positive_0p020,0.02,02:42:c2:7a:05:00,0.0,0.060551996633086934,1.0,0.0,0.0,0.0,0.0,0.0
gotham,8,false_positive_0p020,0.02,02:42:c3:13:3c:00,0.0,0.02019978837296154,1.0,0.0,0.0,0.0,0.0,0.0
gotham,8,false_positive_0p020,0.02,02:42:c5:6f:4c:00,0.0,0.010100451407491592,1.0,0.0,0.0,0.0,0.0,0.0
gotham,8,false_positive_0p020,0.02,02:42:c5:c1:72:00,0.0,0.040400843911856194,1.0,0.0,0.0,0.0,0.0,0.0
gotham,8,false_positive_0p020,0.02,02:42:cb:b5:ff:00,0.0,0.09078997108702894,1.0,0.0,0.0,0.0,0.0,0.0
gotham,8,false_positive_0p020,0.02,02:42:cc:db:31:00,0.0,0.09057185958285921,1.0,0.0,0.0,0.0,0.0,0.0
gotham,8,false_positive_0p020,0.02,02:42:cd:90:eb:00,0.0,0.040400834754454246,1.0,0.0,0.0,0.0,0.0,0.0
gotham,8,false_positive_0p020,0.02,02:42:d0:94:31:00,6.61118817269617,6.61118817269617,0.0,1.0,0.0,0.0,0.0,0.0004939609738591965
gotham,8,false_positive_0p020,0.02,02:42:da:1c:50:00,0.0,0.08380955527732033,1.0,0.0,0.0,0.0,0.0,0.0
gotham,8,false_positive_0p020,0.02,02:42:de:51:81:00,0.0,0.010090975369746617,1.0,0.0,0.0,0.0,0.0,0.0
gotham,8,false_positive_0p020,0.02,02:42:e8:56:10:00,0.0,0.03027693018760263,1.0,0.0,0.0,0.0,0.0,0.0
gotham,8,false_positive_0p020,0.02,02:42:e8:8a:b5:00,0.0,0.010076654152554727,1.0,0.0,0.0,0.0,0.0,0.0
gotham,8,false_positive_0p020,0.02,02:42:e9:4b:52:00,0.0,0.02019964467943793,1.0,0.0,0.0,0.0,0.0,0.0
gotham,8,false_positive_0p020,0.02,02:42:eb:2e:72:00,0.0,0.010092108271219322,1.0,0.0,0.0,0.0,0.0,0.0
gotham,8,false_positive_0p020,0.02,02:42:f3:0f:05:00,0.47161455691965065,0.47161455691965065,0.0,1.0,0.0,0.0,0.0,0.0005294266490014182
gotham,8,false_positive_0p020,0.02,02:42:f3:95:27:00,0.9432226460090997,0.9432226460090997,0.0,1.0,0.0,0.0,0.0,0.00035420492508033525
gotham,8,false_positive_0p020,0.02,02:42:f5:dd:2d:00,0.0,0.020203711995265737,1.0,0.0,0.0,0.0,0.0,0.0
gotham,8,false_positive_0p020,0.02,02:42:f7:8a:5d:00,0.0,0.03024553579957143,1.0,0.0,0.0,0.0,0.0,0.0
gotham,8,false_positive_0p020,0.02,02:42:f7:f5:f7:00,0.015088812937947149,0.05658304851730181,1.0,0.0,0.0,0.0,0.0,0.0002566555956371064
gotham,8,false_positive_0p020,0.02,02:42:fe:ae:87:00,0.943254284198103,0.943254284198103,0.0,1.0,0.0,0.0,0.0,0.0005420676577744489
gotham,8,false_positive_0p020,0.02,0c:03:36:87:00:00,0.3790619280461255,0.4510836943748893,1.0,0.0,0.0,0.0,0.0,5.018756147151298e-6
gotham,8,false_positive_0p020,0.02,0c:6e:9c:16:00:00,0.0,0.10939481280890005,1.0,0.0,0.0,0.0,0.0,0.0
gotham,8,false_positive_0p020,0.02,0c:bc:fa:c1:00:00,1.3730961342641803,1.7955872524993128,1.0,0.0,0.0,0.0,0.0,0.000012490597276582982
gotham,8,false_positive_0p020,0.02,0c:c5:dc:e9:00:00,0.47114775674291803,0.47114775674291803,0.0,1.0,0.0,0.0,0.0,0.9991224245952565
gotham,9,false_positive_0p001,0.001,02:42:3a:fa:55:00,0.007544462061530021,0.6676848924454069,1.0,0.0,0.0,0.0,0.0,5.313093257187373e-6
gotham,9,false_positive_0p001,0.001,02:42:45:f3:74:00,0.0,0.030276766517921824,1.0,0.0,0.0,0.0,0.0,0.0
gotham,9,false_positive_0p001,0.001,02:42:51:3c:2f:00,0.0,0.07064611991264069,1.0,0.0,0.0,0.0,0.0,0.0
gotham,9,false_positive_0p001,0.001,02:42:51:78:60:00,0.0,0.06790100244283372,1.0,0.0,0.0,0.0,0.0,0.0
gotham,9,false_positive_0p001,0.001,02:42:52:d7:fa:00,0.0,0.04904034700790266,1.0,0.0,0.0,0.0,0.0,0.0
gotham,9,false_positive_0p001,0.001,02:42:60:71:51:00,0.0,0.02018393027139078,1.0,0.0,352.7835602760315,352.7835602760315,352.7835602760315,0.0
gotham,9,false_positive_0p001,0.001,02:42:76:0d:7f:00,0.0,0.02015337148938808,1.0,0.0,0.0,0.0,0.0,0.0
gotham,9,false_positive_0p001,0.001,02:42:78:54:1c:00,0.0,0.02018482022906774,1.0,0.0,0.0,0.0,0.0,0.0
gotham,9,false_positive_0p001,0.001,02:42:8d:87:6d:00,0.0,0.06055587001226832,1.0,0.0,0.0,0.0,0.0,0.0
gotham,9,false_positive_0p001,0.001,02:42:a9:11:53:00,0.7668689942862131,0.827411283308809,1.0,0.0,0.0,0.0,0.0,9.779280673885742e-6
gotham,9,false_positive_0p001,0.001,02:42:c0:ac:38:00,1.959333685207001,1.969433343378171,1.0,0.0,0.0,0.0,0.0,9.817131147623307e-6
gotham,9,false_positive_0p001,0.001,02:42:c1:b7:72:00,0.0,0.03028018574222315,1.0,0.0,0.0,0.0,0.0,0.0
gotham,9,false_positive_0p001,0.001,02:42:c2:7a:05:00,0.0,0.060551996633086934,1.0,0.0,0.0,0.0,0.0,0.0
gotham,9,false_positive_0p001,0.001,02:42:c3:fb:f3:00,0.0,0.020158700453125306,1.0,0.0,442.93945693969727,442.93945693969727,442.93945693969727,0.0
gotham,9,false_positive_0p001,0.001,02:42:cc:db:31:00,0.0,0.09057185958285921,1.0,0.0,0.0,0.0,0.0,0.0
gotham,9,false_positive_0p001,0.001,02:42:da:1c:50:00,0.0,0.08000003003744213,1.0,0.0,0.0,0.0,0.0,0.0
gotham,9,false_positive_0p001,0.001,02:42:db:ec:8b:00,0.0,0.0302756911854404,1.0,0.0,390.589763879776,390.589763879776,390.589763879776,0.0
gotham,9,false_positive_0p001,0.001,02:42:de:15:12:00,0.0,0.010092708040097898,1.0,0.0,346.72848105430603,346.72848105430603,346.72848105430603,0.0
gotham,9,false_positive_0p001,0.001,02:42:e8:56:10:00,0.0,0.03027693018760263,1.0,0.0,0.0,0.0,0.0,0.0
gotham,9,false_positive_0p001,0.001,02:42:e8:8a:b5:00,0.0,0.010076654152554727,1.0,0.0,0.0,0.0,0.0,0.0
gotham,9,false_positive_0p001,0.001,02:42:eb:2e:72:00,0.0,0.010092108271219322,1.0,0.0,0.0,0.0,0.0,0.0
gotham,9,false_positive_0p001,0.001,02:42:f7:f5:f7:00,0.011316609703460361,0.06789965822076217,1.0,0.0,0.0,0.0,0.0,3.4313291080118337e-6
gotham,9,false_positive_0p001,0.001,0c:03:36:87:00:00,0.0,0.07202176632876384,1.0,0.0,0.0,0.0,0.0,0.0
gotham,9,false_positive_0p001,0.001,0c:6e:9c:16:00:00,0.0,0.10939481280890005,1.0,0.0,0.0,0.0,0.0,0.0
gotham,9,false_positive_0p001,0.001,0c:bc:fa:c1:00:00,0.041494663398093365,0.36590748632864145,1.0,0.0,0.0,0.0,0.0,7.0102781647934204e-6
gotham,9,false_positive_0p001,0.001,0c:c5:dc:e9:00:00,16.019023729259214,16.019023729259214,0.0,1.0,0.0,0.0,0.0,0.0005072505517744939
gotham,9,false_positive_0p0025,0.0025,02:42:08:99:2d:00,0.0,0.020201063460795195,1.0,0.0,0.0,0.0,0.0,0.0
gotham,9,false_positive_0p0025,0.0025,02:42:20:eb:85:00,0.0,0.030273489000429102,1.0,0.0,0.0,0.0,0.0,0.0
gotham,9,false_positive_0p0025,0.0025,02:42:2a:62:80:00,0.0,0.03030423915118545,1.0,0.0,0.0,0.0,0.0,0.0
gotham,9,false_positive_0p0025,0.0025,02:42:2b:40:e0:00,0.0,0.02019988328924068,1.0,0.0,0.0,0.0,0.0,0.0
gotham,9,false_positive_0p0025,0.0025,02:42:2e:ae:e1:00,0.0,0.10617039994019889,1.0,0.0,0.0,0.0,0.0,0.0
gotham,9,false_positive_0p0025,0.0025,02:42:32:85:24:00,0.0,0.06060891977135001,1.0,0.0,0.0,0.0,0.0,0.0
gotham,9,false_positive_0p0025,0.0025,02:42:34:89:3a:00,0.0,0.01009105833192443,1.0,0.0,0.0,0.0,0.0,0.0
gotham,9,false_positive_0p0025,0.0025,02:42:3a:fa:55:00,0.007544462061530021,0.6676848924454069,1.0,0.0,0.0,0.0,0.0,5.313093257187373e-6
gotham,9,false_positive_0p0025,0.0025,02:42:45:f3:74:00,0.0,0.030276766517921824,1.0,0.0,0.0,0.0,0.0,0.0
gotham,9,false_positive_0p0025,0.0025,02:42:51:3c:2f:00,0.0,0.07064611991264069,1.0,0.0,0.0,0.0,0.0,0.0
gotham,9,false_positive_0p0025,0.0025,02:42:51:78:60:00,0.0,0.06790100244283372,1.0,0.0,0.0,0.0,0.0,0.0
gotham,9,false_positive_0p0025,0.0025,02:42:52:d7:fa:00,0.0,0.04904034700790266,1.0,0.0,0.0,0.0,0.0,0.0
gotham,9,false_positive_0p0025,0.0025,02:42:60:71:51:00,0.0,0.02018393027139078,1.0,0.0,352.7835602760315,352.7835602760315,352.7835602760315,0.0
gotham,9,false_positive_0p0025,0.0025,02:42:76:0d:7f:00,0.0,0.02015337148938808,1.0,0.0,0.0,0.0,0.0,0.0
gotham,9,false_positive_0p0025,0.0025,02:42:78:54:1c:00,0.0,0.02018482022906774,1.0,0.0,0.0,0.0,0.0,0.0
gotham,9,false_positive_0p0025,0.0025,02:42:82:75:d1:00,0.0,0.03033048061502582,1.0,0.0,0.0,0.0,0.0,0.0
gotham,9,false_positive_0p0025,0.0025,02:42:8d:87:6d:00,0.0,0.06055587001226832,1.0,0.0,0.0,0.0,0.0,0.0
gotham,9,false_positive_0p0025,0.0025,02:42:a9:11:53:00,0.8576824278201068,0.9182247168427026,1.0,0.0,0.0,0.0,0.0,0.00022102726446048655
gotham,9,false_positive_0p0025,0.0025,02:42:bd:f8:c5:00,0.0,0.03027359470004522,1.0,0.0,0.0,0.0,0.0,0.0
gotham,9,false_positive_0p0025,0.0025,02:42:c0:ac:38:00,2.161326848630403,2.171426506801573,1.0,0.0,0.0,0.0,0.0,0.00006839736513705524
gotham,9,false_positive_0p0025,0.0025,02:42:c1:b7:72:00,0.0,0.03028018574222315,1.0,0.0,0.0,0.0,0.0,0.0
gotham,9,false_positive_0p0025,0.0025,02:42:c2:7a:05:00,0.0,0.060551996633086934,1.0,0.0,0.0,0.0,0.0,0.0
gotham,9,false_positive_0p0025,0.0025,02:42:c3:13:3c:00,0.0,0.02019978837296154,1.0,0.0,0.0,0.0,0.0,0.0
gotham,9,false_positive_0p0025,0.0025,02:42:c3:fb:f3:00,0.0,0.020158700453125306,1.0,0.0,442.93945693969727,442.93945693969727,442.93945693969727,0.0
gotham,9,false_positive_0p0025,0.0025,02:42:c5:c1:72:00,0.0,0.040400843911856194,1.0,0.0,0.0,0.0,0.0,0.0
gotham,9,false_positive_0p0025,0.0025,02:42:cc:db:31:00,0.0,0.09057185958285921,1.0,0.0,0.0,0.0,0.0,0.0
gotham,9,false_positive_0p0025,0.0025,02:42:cd:90:eb:00,0.0,0.040400834754454246,1.0,0.0,0.0,0.0,0.0,0.0
gotham,9,false_positive_0p0025,0.0025,02:42:da:1c:50:00,0.0,0.08000003003744213,1.0,0.0,0.0,0.0,0.0,0.0
gotham,9,false_positive_0p0025,0.0025,02:42:db:ec:8b:00,0.0,0.0302756911854404,1.0,0.0,390.589763879776,390.589763879776,390.589763879776,0.0
gotham,9,false_positive_0p0025,0.0025,02:42:de:15:12:00,0.0,0.010092708040097898,1.0,0.0,346.72848105430603,346.72848105430603,346.72848105430603,0.0
gotham,9,false_positive_0p0025,0.0025,02:42:de:51:81:00,0.0,0.010090975369746617,1.0,0.0,0.0,0.0,0.0,0.0
gotham,9,false_positive_0p0025,0.0025,02:42:e8:56:10:00,0.0,0.03027693018760263,1.0,0.0,0.0,0.0,0.0,0.0
gotham,9,false_positive_0p0025,0.0025,02:42:e8:8a:b5:00,0.0,0.010076654152554727,1.0,0.0,0.0,0.0,0.0,0.0
gotham,9,false_positive_0p0025,0.0025,02:42:e9:4b:52:00,0.0,0.02019964467943793,1.0,0.0,0.0,0.0,0.0,0.0
gotham,9,false_positive_0p0025,0.0025,02:42:eb:2e:72:00,0.0,0.010092108271219322,1.0,0.0,0.0,0.0,0.0,0.0
gotham,9,false_positive_0p0025,0.0025,02:42:f7:f5:f7:00,0.011316609703460361,0.06789965822076217,1.0,0.0,0.0,0.0,0.0,3.4313291080118337e-6
gotham,9,false_positive_0p0025,0.0025,0c:03:36:87:00:00,0.0,0.07202176632876384,1.0,0.0,0.0,0.0,0.0,0.0
gotham,9,false_positive_0p0025,0.0025,0c:6e:9c:16:00:00,0.0,0.10939481280890005,1.0,0.0,0.0,0.0,0.0,0.0
gotham,9,false_positive_0p0025,0.0025,0c:bc:fa:c1:00:00,0.04526690552519276,0.49416371865002096,1.0,0.0,0.0,0.0,0.0,6.67077362805744e-6
gotham,9,false_positive_0p0025,0.0025,0c:c5:dc:e9:00:00,68.31642472772312,68.31642472772312,0.0,1.0,0.0,0.0,0.0,0.0008163946523590095
gotham,9,false_positive_0p005,0.005,02:42:08:99:2d:00,0.0,0.020201063460795195,1.0,0.0,0.0,0.0,0.0,0.0
gotham,9,false_positive_0p005,0.005,02:42:20:eb:85:00,0.0,0.030273489000429102,1.0,0.0,0.0,0.0,0.0,0.0
gotham,9,false_positive_0p005,0.005,02:42:2a:62:80:00,0.0,0.03030423915118545,1.0,0.0,0.0,0.0,0.0,0.0
gotham,9,false_positive_0p005,0.005,02:42:2b:40:e0:00,0.0,0.02019988328924068,1.0,0.0,0.0,0.0,0.0,0.0
gotham,9,false_positive_0p005,0.005,02:42:2e:ae:e1:00,0.0,0.10617039994019889,1.0,0.0,0.0,0.0,0.0,0.0
gotham,9,false_positive_0p005,0.005,02:42:32:85:24:00,0.0,0.06060891977135001,1.0,0.0,0.0,0.0,0.0,0.0
gotham,9,false_positive_0p005,0.005,02:42:34:89:3a:00,0.0,0.01009105833192443,1.0,0.0,0.0,0.0,0.0,0.0
gotham,9,false_positive_0p005,0.005,02:42:3a:fa:55:00,0.007544462061530021,0.6676848924454069,1.0,0.0,0.0,0.0,0.0,5.313093257187373e-6
gotham,9,false_positive_0p005,0.005,02:42:45:f3:74:00,0.0,0.030276766517921824,1.0,0.0,0.0,0.0,0.0,0.0
gotham,9,false_positive_0p005,0.005,02:42:51:3c:2f:00,0.0,0.07064611991264069,1.0,0.0,0.0,0.0,0.0,0.0
gotham,9,false_positive_0p005,0.005,02:42:51:78:60:00,0.0,0.06790100244283372,1.0,0.0,0.0,0.0,0.0,0.0
gotham,9,false_positive_0p005,0.005,02:42:52:d7:fa:00,0.0,0.04904034700790266,1.0,0.0,0.0,0.0,0.0,0.0
gotham,9,false_positive_0p005,0.005,02:42:60:71:51:00,0.0,0.02018393027139078,1.0,0.0,352.7835602760315,352.7835602760315,352.7835602760315,0.0
gotham,9,false_positive_0p005,0.005,02:42:76:0d:7f:00,0.0,0.02015337148938808,1.0,0.0,0.0,0.0,0.0,0.0
gotham,9,false_positive_0p005,0.005,02:42:78:54:1c:00,0.0,0.02018482022906774,1.0,0.0,0.0,0.0,0.0,0.0
gotham,9,false_positive_0p005,0.005,02:42:82:75:d1:00,0.0,0.03033048061502582,1.0,0.0,0.0,0.0,0.0,0.0
gotham,9,false_positive_0p005,0.005,02:42:8d:87:6d:00,0.0,0.06055587001226832,1.0,0.0,0.0,0.0,0.0,0.0
gotham,9,false_positive_0p005,0.005,02:42:a9:11:53:00,0.010090381503765962,0.07063267052636174,1.0,0.0,0.0,0.0,0.0,0.021305643000591953
gotham,9,false_positive_0p005,0.005,02:42:bd:f8:c5:00,0.0,0.03027359470004522,1.0,0.0,0.0,0.0,0.0,0.0
gotham,9,false_positive_0p005,0.005,02:42:c0:ac:38:00,0.010099658171170109,0.020199316342340217,1.0,0.0,0.0,0.0,0.0,0.021324423817499542
gotham,9,false_positive_0p005,0.005,02:42:c1:b7:72:00,0.0,0.03028018574222315,1.0,0.0,0.0,0.0,0.0,0.0
gotham,9,false_positive_0p005,0.005,02:42:c2:48:f9:00,0.47159946927451907,0.47159946927451907,0.0,1.0,0.0,0.0,0.0,0.0005095863794497905
gotham,9,false_positive_0p005,0.005,02:42:c2:7a:05:00,0.0,0.060551996633086934,1.0,0.0,0.0,0.0,0.0,0.0
gotham,9,false_positive_0p005,0.005,02:42:c3:13:3c:00,0.0,0.02019978837296154,1.0,0.0,0.0,0.0,0.0,0.0
gotham,9,false_positive_0p005,0.005,02:42:c3:fb:f3:00,0.0,0.020158700453125306,1.0,0.0,442.93945693969727,442.93945693969727,442.93945693969727,0.0
gotham,9,false_positive_0p005,0.005,02:42:c5:c1:72:00,0.0,0.040400843911856194,1.0,0.0,0.0,0.0,0.0,0.0
gotham,9,false_positive_0p005,0.005,02:42:cc:db:31:00,0.0,0.09057185958285921,1.0,0.0,0.0,0.0,0.0,0.0
gotham,9,false_positive_0p005,0.005,02:42:cd:90:eb:00,0.0,0.040400834754454246,1.0,0.0,0.0,0.0,0.0,0.0
gotham,9,false_positive_0p005,0.005,02:42:da:1c:50:00,0.0,0.08000003003744213,1.0,0.0,0.0,0.0,0.0,0.0
gotham,9,false_positive_0p005,0.005,02:42:db:ec:8b:00,0.0,0.0302756911854404,1.0,0.0,390.589763879776,390.589763879776,390.589763879776,0.0
gotham,9,false_positive_0p005,0.005,02:42:de:15:12:00,0.0,0.010092708040097898,1.0,0.0,346.72848105430603,346.72848105430603,346.72848105430603,0.0
gotham,9,false_positive_0p005,0.005,02:42:de:51:81:00,0.0,0.010090975369746617,1.0,0.0,0.0,0.0,0.0,0.0
gotham,9,false_positive_0p005,0.005,02:42:e8:56:10:00,0.0,0.03027693018760263,1.0,0.0,0.0,0.0,0.0,0.0
gotham,9,false_positive_0p005,0.005,02:42:e8:8a:b5:00,0.0,0.010076654152554727,1.0,0.0,0.0,0.0,0.0,0.0
gotham,9,false_positive_0p005,0.005,02:42:e9:4b:52:00,0.0,0.02019964467943793,1.0,0.0,0.0,0.0,0.0,0.0
gotham,9,false_positive_0p005,0.005,02:42:eb:2e:72:00,0.0,0.010092108271219322,1.0,0.0,0.0,0.0,0.0,0.0
gotham,9,false_positive_0p005,0.005,02:42:f7:f5:f7:00,0.011316609703460361,0.06789965822076217,1.0,0.0,0.0,0.0,0.0,3.4313291080118337e-6
gotham,9,false_positive_0p005,0.005,0c:03:36:87:00:00,0.0,0.07202176632876384,1.0,0.0,0.0,0.0,0.0,0.0
gotham,9,false_positive_0p005,0.005,0c:6e:9c:16:00:00,0.0,0.10939481280890005,1.0,0.0,0.0,0.0,0.0,0.0
gotham,9,false_positive_0p005,0.005,0c:bc:fa:c1:00:00,0.4715302658874246,1.112811427494322,1.0,0.0,0.0,0.0,0.0,8.564327779037153e-6
gotham,9,false_positive_0p005,0.005,0c:c5:dc:e9:00:00,91.4026648081261,91.4026648081261,0.0,1.0,0.0,0.0,0.0,0.0022404615788417324
gotham,9,false_positive_0p010,0.01,02:42:08:99:2d:00,0.0,0.020201063460795195,1.0,0.0,0.0,0.0,0.0,0.0
gotham,9,false_positive_0p010,0.01,02:42:0b:0b:d7:00,0.4715884794017147,0.4715884794017147,0.0,1.0,0.0,0.0,0.0,0.0004931205436813436
gotham,9,false_positive_0p010,0.01,02:42:12:96:2f:00,0.47160474165300087,0.47160474165300087,0.0,1.0,0.0,0.0,0.0,0.0005061545874900057
gotham,9,false_positive_0p010,0.01,02:42:20:eb:85:00,0.0,0.030273489000429102,1.0,0.0,0.0,0.0,0.0,0.0
gotham,9,false_positive_0p010,0.01,02:42:2a:62:80:00,0.0,0.03030423915118545,1.0,0.0,0.0,0.0,0.0,0.0
gotham,9,false_positive_0p010,0.01,02:42:2b:40:e0:00,0.0,0.02019988328924068,1.0,0.0,0.0,0.0,0.0,0.0
gotham,9,false_positive_0p010,0.01,02:42:2c:ff:d9:00,0.0,0.030302178269802867,1.0,0.0,0.0,0.0,0.0,0.0
gotham,9,false_positive_0p010,0.01,02:42:2e:ae:e1:00,0.003791799997864246,0.10617039994019889,1.0,0.0,0.0,0.0,0.0,5.265852993727694e-6
gotham,9,false_positive_0p010,0.01,02:42:32:85:24:00,0.0,0.06060891977135001,1.0,0.0,0.0,0.0,0.0,0.0
gotham,9,false_positive_0p010,0.01,02:42:34:89:3a:00,0.0,0.01009105833192443,1.0,0.0,0.0,0.0,0.0,0.0
gotham,9,false_positive_0p010,0.01,02:42:37:ed:4f:00,0.0,0.050501567735698284,1.0,0.0,0.0,0.0,0.0,0.0
gotham,9,false_positive_0p010,0.01,02:42:39:ca:09:00,0.0,0.0201579362773077,1.0,0.0,0.0,0.0,0.0,0.0
gotham,9,false_positive_0p010,0.01,02:42:3a:fa:55:00,0.007544462061530021,0.6676848924454069,1.0,0.0,0.0,0.0,0.0,5.313093257187373e-6
gotham,9,false_positive_0p010,0.01,02:42:45:f3:74:00,0.0,0.030276766517921824,1.0,0.0,0.0,0.0,0.0,0.0
gotham,9,false_positive_0p010,0.01,02:42:51:3c:2f:00,0.0,0.07064611991264069,1.0,0.0,0.0,0.0,0.0,0.0
gotham,9,false_positive_0p010,0.01,02:42:51:78:60:00,0.0,0.06790100244283372,1.0,0.0,0.0,0.0,0.0,0.0
gotham,9,false_positive_0p010,0.01,02:42:52:d7:fa:00,0.0,0.04904034700790266,1.0,0.0,0.0,0.0,0.0,0.0
gotham,9,false_positive_0p010,0.01,02:42:57:79:b7:00,0.0,0.03030211519649032,1.0,0.0,0.0,0.0,0.0,0.0
gotham,9,false_positive_0p010,0.01,02:42:60:71:51:00,0.0,0.02018393027139078,1.0,0.0,352.7835602760315,352.7835602760315,352.7835602760315,0.0
gotham,9,false_positive_0p010,0.01,02:42:61:b7:bc:00,0.47160590549370973,0.47160590549370973,0.0,1.0,0.0,0.0,0.0,0.00045552075090882986
gotham,9,false_positive_0p010,0.01,02:42:75:96:a3:00,0.47162574362095583,0.47162574362095583,0.0,1.0,0.0,0.0,0.0,0.00036034565889889604
gotham,9,false_positive_0p010,0.01,02:42:76:0d:7f:00,0.0,0.02015337148938808,1.0,0.0,0.0,0.0,0.0,0.0
gotham,9,false_positive_0p010,0.01,02:42:78:54:1c:00,0.0,0.02018482022906774,1.0,0.0,0.0,0.0,0.0,0.0
gotham,9,false_positive_0p010,0.01,02:42:82:75:d1:00,0.0,0.03033048061502582,1.0,0.0,0.0,0.0,0.0,0.0
gotham,9,false_positive_0p010,0.01,02:42:8d:87:6d:00,0.0,0.06055587001226832,1.0,0.0,0.0,0.0,0.0,0.0
gotham,9,false_positive_0p010,0.01,02:42:90:66:25:00,0.9432761204952042,0.9432761204952042,0.0,1.0,0.0,0.0,0.0,0.0005743689578234806
gotham,9,false_positive_0p010,0.01,02:42:a9:11:53:00,0.010090381503765962,0.07063267052636174,1.0,0.0,0.0,0.0,0.0,0.02132286227592607
gotham,9,false_positive_0p010,0.01,02:42:ae:88:72:00,0.0,0.04040034390543522,1.0,0.0,0.0,0.0,0.0,0.0
gotham,9,false_positive_0p010,0.01,02:42:bd:f8:c5:00,0.0,0.03027359470004522,1.0,0.0,0.0,0.0,0.0,0.0
gotham,9,false_positive_0p010,0.01,02:42:c0:ac:38:00,0.010099658171170109,0.020199316342340217,1.0,0.0,0.0,0.0,0.0,0.021324423817499542
gotham,9,false_positive_0p010,0.01,02:42:c1:b7:72:00,0.0,0.03028018574222315,1.0,0.0,0.0,0.0,0.0,0.0
gotham,9,false_positive_0p010,0.01,02:42:c2:48:f9:00,0.47159946927451907,0.47159946927451907,0.0,1.0,0.0,0.0,0.0,0.0005095863794497905
gotham,9,false_positive_0p010,0.01,02:42:c2:7a:05:00,0.0,0.060551996633086934,1.0,0.0,0.0,0.0,0.0,0.0
gotham,9,false_positive_0p010,0.01,02:42:c3:13:3c:00,0.0,0.02019978837296154,1.0,0.0,0.0,0.0,0.0,0.0
gotham,9,false_positive_0p010,0.01,02:42:c3:fb:f3:00,0.0,0.020158700453125306,1.0,0.0,442.93945693969727,442.93945693969727,442.93945693969727,0.0
gotham,9,false_positive_0p010,0.01,02:42:c5:6f:4c:00,0.0,0.010100451407491592,1.0,0.0,0.0,0.0,0.0,0.0
gotham,9,false_positive_0p010,0.01,02:42:c5:c1:72:00,0.0,0.040400843911856194,1.0,0.0,0.0,0.0,0.0,0.0
gotham,9,false_positive_0p010,0.01,02:42:cb:b5:ff:00,0.0,0.09078997108702894,1.0,0.0,0.0,0.0,0.0,0.0
gotham,9,false_positive_0p010,0.01,02:42:cc:db:31:00,0.0,0.09057185958285921,1.0,0.0,0.0,0.0,0.0,0.0
gotham,9,false_positive_0p010,0.01,02:42:cd:90:eb:00,0.0,0.040400834754454246,1.0,0.0,0.0,0.0,0.0,0.0
gotham,9,false_positive_0p010,0.01,02:42:da:1c:50:00,0.0,0.08000003003744213,1.0,0.0,0.0,0.0,0.0,0.0
gotham,9,false_positive_0p010,0.01,02:42:db:ec:8b:00,0.0,0.0302756911854404,1.0,0.0,390.589763879776,390.589763879776,390.589763879776,0.0
gotham,9,false_positive_0p010,0.01,02:42:de:15:12:00,0.0,0.010092708040097898,1.0,0.0,346.72848105430603,346.72848105430603,346.72848105430603,0.0
gotham,9,false_positive_0p010,0.01,02:42:de:51:81:00,0.0,0.010090975369746617,1.0,0.0,0.0,0.0,0.0,0.0
gotham,9,false_positive_0p010,0.01,02:42:e8:56:10:00,0.0,0.03027693018760263,1.0,0.0,0.0,0.0,0.0,0.0
gotham,9,false_positive_0p010,0.01,02:42:e8:8a:b5:00,0.0,0.010076654152554727,1.0,0.0,0.0,0.0,0.0,0.0
gotham,9,false_positive_0p010,0.01,02:42:e9:4b:52:00,0.0,0.02019964467943793,1.0,0.0,0.0,0.0,0.0,0.0
gotham,9,false_positive_0p010,0.01,02:42:eb:2e:72:00,0.0,0.010092108271219322,1.0,0.0,0.0,0.0,0.0,0.0
gotham,9,false_positive_0p010,0.01,02:42:f7:8a:5d:00,0.0,0.03024553579957143,1.0,0.0,0.0,0.0,0.0,0.0
gotham,9,false_positive_0p010,0.01,02:42:f7:f5:f7:00,0.011316609703460361,0.06789965822076217,1.0,0.0,0.0,0.0,0.0,3.4313291080118337e-6
gotham,9,false_positive_0p010,0.01,0c:03:36:87:00:00,0.0075812385609225095,0.07960300488968634,1.0,0.0,0.0,0.0,0.0,3.669296347666746e-6
gotham,9,false_positive_0p010,0.01,0c:6e:9c:16:00:00,0.0,0.10939481280890005,1.0,0.0,0.0,0.0,0.0,0.0
gotham,9,false_positive_0p010,0.01,0c:bc:fa:c1:00:00,1.3844128606454784,1.8106762210077103,1.0,0.0,0.0,0.0,0.0,0.000012164789711596723
gotham,9,false_positive_0p010,0.01,0c:c5:dc:e9:00:00,17.432466999487968,17.432466999487968,0.0,1.0,0.0,0.0,0.0,0.0250671208813913
gotham,9,false_positive_0p020,0.02,02:42:08:99:2d:00,0.0,0.020201063460795195,1.0,0.0,0.0,0.0,0.0,0.0
gotham,9,false_positive_0p020,0.02,02:42:0b:0b:d7:00,0.9431769588034294,0.9431769588034294,0.0,1.0,0.0,0.0,0.0,0.0005266896791966936
gotham,9,false_positive_0p020,0.02,02:42:12:96:2f:00,0.47160474165300087,0.47160474165300087,0.0,1.0,0.0,0.0,0.0,0.0005077148393928295
gotham,9,false_positive_0p020,0.02,02:42:20:eb:85:00,0.0,0.030273489000429102,1.0,0.0,0.0,0.0,0.0,0.0
gotham,9,false_positive_0p020,0.02,02:42:2a:62:80:00,0.0,0.03030423915118545,1.0,0.0,0.0,0.0,0.0,0.0
gotham,9,false_positive_0p020,0.02,02:42:2b:40:e0:00,0.0,0.02019988328924068,1.0,0.0,0.0,0.0,0.0,0.0
gotham,9,false_positive_0p020,0.02,02:42:2c:ff:d9:00,0.0,0.030302178269802867,1.0,0.0,0.0,0.0,0.0,0.0
gotham,9,false_positive_0p020,0.02,02:42:2e:ae:e1:00,0.003791799997864246,0.10996219993806314,1.0,0.0,0.0,0.0,0.0,5.265852993727694e-6
gotham,9,false_positive_0p020,0.02,02:42:32:85:24:00,0.0,0.06060891977135001,1.0,0.0,0.0,0.0,0.0,0.0
gotham,9,false_positive_0p020,0.02,02:42:34:89:3a:00,0.0,0.01009105833192443,1.0,0.0,0.0,0.0,0.0,0.0
gotham,9,false_positive_0p020,0.02,02:42:37:46:7f:00,0.0,0.010099650758740718,1.0,0.0,0.0,0.0,0.0,0.0
gotham,9,false_positive_0p020,0.02,02:42:37:ed:4f:00,0.0,0.050501567735698284,1.0,0.0,0.0,0.0,0.0,0.0
gotham,9,false_positive_0p020,0.02,02:42:39:ca:09:00,0.0,0.0201579362773077,1.0,0.0,0.0,0.0,0.0,0.0
gotham,9,false_positive_0p020,0.02,02:42:3a:fa:55:00,0.007544462061530021,0.6676848924454069,1.0,0.0,0.0,0.0,0.0,5.313093257187373e-6
gotham,9,false_positive_0p020,0.02,02:42:45:f3:74:00,0.0,0.030276766517921824,1.0,0.0,0.0,0.0,0.0,0.0
gotham,9,false_positive_0p020,0.02,02:42:51:3c:2f:00,0.0,0.07064611991264069,1.0,0.0,0.0,0.0,0.0,0.0
gotham,9,false_positive_0p020,0.02,02:42:51:78:60:00,0.0,0.07167328035632449,1.0,0.0,0.0,0.0,0.0,0.0
gotham,9,false_positive_0p020,0.02,02:42:52:d7:fa:00,0.0,0.04904034700790266,1.0,0.0,0.0,0.0,0.0,0.0
gotham,9,false_positive_0p020,0.02,02:42:57:79:b7:00,0.0,0.03030211519649032,1.0,0.0,0.0,0.0,0.0,0.0
gotham,9,false_positive_0p020,0.02,02:42:60:71:51:00,0.0,0.02018393027139078,1.0,0.0,352.7835602760315,352.7835602760315,352.7835602760315,0.0
gotham,9,false_positive_0p020,0.02,02:42:61:b7:bc:00,0.47160590549370973,0.47160590549370973,0.0,1.0,0.0,0.0,0.0,0.00045552075090882986
gotham,9,false_positive_0p020,0.02,02:42:75:96:a3:00,0.9432514872419117,0.9432514872419117,0.0,1.0,0.0,0.0,0.0,0.00034020773661527987
gotham,9,false_positive_0p020,0.02,02:42:76:0d:7f:00,0.0,0.02015337148938808,1.0,0.0,0.0,0.0,0.0,0.0
gotham,9,false_positive_0p020,0.02,02:42:78:54:1c:00,0.0,0.02018482022906774,1.0,0.0,0.0,0.0,0.0,0.0
gotham,9,false_positive_0p020,0.02,02:42:7a:77:08:00,0.4716366960738025,0.4716366960738025,0.0,1.0,0.0,0.0,0.0,0.00043217914220412715
gotham,9,false_positive_0p020,0.02,02:42:82:75:d1:00,0.0,0.03033048061502582,1.0,0.0,0.0,0.0,0.0,0.0
gotham,9,false_positive_0p020,0.02,02:42:8d:87:6d:00,0.0,0.06055587001226832,1.0,0.0,0.0,0.0,0.0,0.0
gotham,9,false_positive_0p020,0.02,02:42:90:66:25:00,1.4149141807428063,1.4149141807428063,0.0,1.0,0.0,0.0,0.0,0.0005396856939307711
gotham,9,false_positive_0p020,0.02,02:42:98:66:68:00,0.9432467179828534,0.9432467179828534,0.0,1.0,0.0,0.0,0.0,0.0003920377067667717
gotham,9,false_positive_0p020,0.02,02:42:a9:11:53:00,0.010090381503765962,0.07063267052636174,1.0,0.0,0.0,0.0,0.0,0.021324697007277255
gotham,9,false_positive_0p020,0.02,02:42:ae:88:72:00,0.0,0.04040034390543522,1.0,0.0,0.0,0.0,0.0,0.0
gotham,9,false_positive_0p020,0.02,02:42:bd:f8:c5:00,0.0,0.03027359470004522,1.0,0.0,0.0,0.0,0.0,0.0
gotham,9,false_positive_0p020,0.02,02:42:c0:ac:38:00,0.010099658171170109,0.020199316342340217,1.0,0.0,0.0,0.0,0.0,0.021327110948953308
gotham,9,false_positive_0p020,0.02,02:42:c1:b7:72:00,0.0,0.03028018574222315,1.0,0.0,0.0,0.0,0.0,0.0
gotham,9,false_positive_0p020,0.02,02:42:c2:48:f9:00,0.9431989385490381,0.9431989385490381,0.0,1.0,0.0,0.0,0.0,0.0004792943907153004
gotham,9,false_positive_0p020,0.02,02:42:c2:7a:05:00,0.0,0.060551996633086934,1.0,0.0,0.0,0.0,0.0,0.0
gotham,9,false_positive_0p020,0.02,02:42:c3:13:3c:00,0.0,0.02019978837296154,1.0,0.0,0.0,0.0,0.0,0.0
gotham,9,false_positive_0p020,0.02,02:42:c3:fb:f3:00,0.0,0.020158700453125306,1.0,0.0,442.93945693969727,442.93945693969727,442.93945693969727,0.0
gotham,9,false_positive_0p020,0.02,02:42:c5:6f:4c:00,0.0,0.010100451407491592,1.0,0.0,0.0,0.0,0.0,0.0
gotham,9,false_positive_0p020,0.02,02:42:c5:c1:72:00,0.0,0.040400843911856194,1.0,0.0,0.0,0.0,0.0,0.0
gotham,9,false_positive_0p020,0.02,02:42:cb:b5:ff:00,0.0,0.09078997108702894,1.0,0.0,0.0,0.0,0.0,0.0
gotham,9,false_positive_0p020,0.02,02:42:cc:db:31:00,0.0,0.09057185958285921,1.0,0.0,0.0,0.0,0.0,0.0
gotham,9,false_positive_0p020,0.02,02:42:cd:90:eb:00,0.0,0.040400834754454246,1.0,0.0,0.0,0.0,0.0,0.0
gotham,9,false_positive_0p020,0.02,02:42:da:1c:50:00,0.0,0.08000003003744213,1.0,0.0,0.0,0.0,0.0,0.0
gotham,9,false_positive_0p020,0.02,02:42:db:ec:8b:00,0.0,0.0302756911854404,1.0,0.0,390.589763879776,390.589763879776,390.589763879776,0.0
gotham,9,false_positive_0p020,0.02,02:42:de:15:12:00,0.0,0.010092708040097898,1.0,0.0,346.72848105430603,346.72848105430603,346.72848105430603,0.0
gotham,9,false_positive_0p020,0.02,02:42:de:51:81:00,0.0,0.010090975369746617,1.0,0.0,0.0,0.0,0.0,0.0
gotham,9,false_positive_0p020,0.02,02:42:e8:56:10:00,0.0,0.03027693018760263,1.0,0.0,0.0,0.0,0.0,0.0
gotham,9,false_positive_0p020,0.02,02:42:e8:8a:b5:00,0.0,0.010076654152554727,1.0,0.0,0.0,0.0,0.0,0.0
gotham,9,false_positive_0p020,0.02,02:42:e9:4b:52:00,0.0,0.02019964467943793,1.0,0.0,0.0,0.0,0.0,0.0
gotham,9,false_positive_0p020,0.02,02:42:eb:2e:72:00,0.0,0.010092108271219322,1.0,0.0,0.0,0.0,0.0,0.0
gotham,9,false_positive_0p020,0.02,02:42:f3:0f:05:00,0.47161455691965065,0.47161455691965065,0.0,1.0,0.0,0.0,0.0,0.0005294266490014182
gotham,9,false_positive_0p020,0.02,02:42:f3:95:27:00,0.9432226460090997,0.9432226460090997,0.0,1.0,0.0,0.0,0.0,0.0003534684371753862
gotham,9,false_positive_0p020,0.02,02:42:f5:dd:2d:00,0.0,0.020203711995265737,1.0,0.0,0.0,0.0,0.0,0.0
gotham,9,false_positive_0p020,0.02,02:42:f7:8a:5d:00,0.0,0.03024553579957143,1.0,0.0,0.0,0.0,0.0,0.0
gotham,9,false_positive_0p020,0.02,02:42:f7:f5:f7:00,0.011316609703460361,0.06789965822076217,1.0,0.0,0.0,0.0,0.0,3.4313291080118337e-6
gotham,9,false_positive_0p020,0.02,02:42:fe:ae:87:00,0.4716271420990515,0.4716271420990515,0.0,1.0,0.0,0.0,0.0,0.00046129705613130105
gotham,9,false_positive_0p020,0.02,0c:03:36:87:00:00,0.018953096402306274,0.09097486273107011,1.0,0.0,0.0,0.0,0.0,3.7015026529687502e-6
gotham,9,false_positive_0p020,0.02,0c:6e:9c:16:00:00,0.0,0.10939481280890005,1.0,0.0,0.0,0.0,0.0,0.0
gotham,9,false_positive_0p020,0.02,0c:bc:fa:c1:00:00,1.3542349236286833,1.7767260418638158,1.0,0.0,0.0,0.0,0.0,0.000018884389661060316
gotham,9,false_positive_0p020,0.02,0c:c5:dc:e9:00:00,0.47114775674291803,0.47114775674291803,0.0,1.0,0.0,0.0,0.0,0.9991224245952565
