seed,budget,policy,macro_recall,worst_client_recall,federation_fpr,budget_usage,fallback_rate
0,false_positive_0p001,eq_fpr,0.44446578768027994,0.0,0.002250838639308731,2.250838639308731,0.0
0,false_positive_0p001,greedy,0.0,0.0,0.0,0.0,0.0
0,false_positive_0p001,fabrid_macro,0.44446578768027994,0.0,0.002250838639308731,2.250838639308731,0.0
0,false_positive_0p001,fabrid_cvar,0.44446578768027994,0.0,0.002250838639308731,2.250838639308731,0.0
0,false_positive_0p001,fabrid_macro_finite_safe,0.2592636757580217,0.0,0.00035511695547421905,0.35511695547421906,0.0
0,false_positive_0p001,fabrid_cvar_finite_safe,0.2592636757580217,0.0,0.00035511695547421905,0.35511695547421906,0.0
0,false_positive_0p001,fabrid_macro_no_rate_minimization,0.44446578768027994,0.0,0.002250838639308731,2.250838639308731,0.0
0,false_positive_0p001,common_rate_macro,0.44446578768027994,0.0,0.002250838639308731,2.250838639308731,0.0
0,false_positive_0p001,pooled_shared,0.8888266811219427,0.6666666666666666,0.0024378175107664327,2.4378175107664326,0.0
0,false_positive_0p001,eq_fpr_matched_macro,0.33335467656916884,0.0,0.000937668816798459,0.9376688167984589,0.0
0,false_positive_0p001,eq_fpr_matched_cvar,0.33335467656916884,0.0,0.000937668816798459,0.9376688167984589,0.0
0,false_positive_0p0025,eq_fpr,0.46296592466646136,0.0,0.002422032430680564,0.9688129722722255,0.0
0,false_positive_0p0025,greedy,0.0,0.0,0.0,0.0,0.0
0,false_positive_0p0025,fabrid_macro,0.4814685258027217,0.0,0.0030607278123692596,1.2242911249477038,0.0
0,false_positive_0p0025,fabrid_cvar,0.4999686627889031,0.0,0.003187538028200247,1.2750152112800988,0.0
0,false_positive_0p0025,fabrid_macro_finite_safe,0.33335467656916884,0.0,0.000937668816798459,0.3750675267193836,0.0
0,false_positive_0p0025,fabrid_cvar_finite_safe,0.35185437589981844,0.0,0.0010010739247139527,0.40042956988558104,0.0
0,false_positive_0p0025,fabrid_macro_no_rate_minimization,0.5184703694769062,0.0,0.0033471470244525355,1.3388588097810141,0.0
0,false_positive_0p0025,common_rate_macro,0.46296592466646136,0.0,0.002383989365931268,0.9535957463725071,0.0
0,false_positive_0p0025,pooled_shared,0.9258593858074678,0.6666666666666666,0.0033176666873378155,1.327066674935126,0.0
0,false_positive_0p0025,eq_fpr_matched_macro,0.5740646667601617,0.0,0.003111169335158396,1.2444677340633583,0.0
0,false_positive_0p0025,eq_fpr_matched_cvar,0.592565273516447,0.0,0.00324302494664512,1.297209978658048,0.0
0,false_positive_0p005,eq_fpr,0.8517684430086248,0.0,0.00707716925476797,1.415433850953594,0.0
0,false_positive_0p005,greedy,0.0,0.0,0.0,0.0,0.0
0,false_positive_0p005,fabrid_macro,0.555488591974934,0.0,0.00490286216878019,0.9805724337560381,0.0
0,false_positive_0p005,fabrid_cvar,0.5370035931962381,0.0,0.0067119055574453605,1.342381111489072,0.0
0,false_positive_0p005,fabrid_macro_finite_safe,0.38886528375818324,0.0,0.0020011761266961457,0.4002352253392291,0.0
0,false_positive_0p005,fabrid_cvar_finite_safe,0.4258735937786999,0.0,0.0036174388136366196,0.723487762727324,0.0
0,false_positive_0p005,fabrid_macro_no_rate_minimization,0.6666011384638169,0.0,0.00661709155996937,1.3234183119938738,0.0
0,false_positive_0p005,common_rate_macro,0.7406866144000673,0.0,0.007018188129430797,1.4036376258861594,0.0
0,false_positive_0p005,pooled_shared,0.9628781484786079,0.6668190073003236,0.004833119309320318,0.9666238618640636,0.0
0,false_positive_0p005,eq_fpr_matched_macro,0.6295806877588107,0.0,0.0065797545922585896,1.315950918451718,0.0
0,false_positive_0p005,eq_fpr_matched_cvar,0.6295806877588107,0.0,0.0065797545922585896,1.315950918451718,0.0
0,false_positive_0p010,eq_fpr,0.9999518131836128,0.9998681643199916,0.016872555189542938,1.6872555189542937,0.0
0,false_positive_0p010,greedy,0.0,0.0,0.0,0.0,0.0
0,false_positive_0p010,fabrid_macro,0.5555154784144248,0.0,0.007531593826659699,0.7531593826659698,0.0
0,false_positive_0p010,fabrid_cvar,0.7592250573669255,0.0,0.010835131942093661,1.083513194209366,0.0
0,false_positive_0p010,fabrid_macro_finite_safe,0.4258844096626177,0.0,0.004734186961034201,0.4734186961034201,0.0
0,false_positive_0p010,fabrid_cvar_finite_safe,0.5369944014246104,0.0,0.006361012123699988,0.6361012123699987,0.0
0,false_positive_0p010,fabrid_macro_no_rate_minimization,0.8888317840444856,0.0,0.015291645614140368,1.5291645614140368,0.0
0,false_positive_0p010,common_rate_macro,0.9999518131836128,0.9998681643199916,0.016872555189542938,1.6872555189542937,0.0
0,false_positive_0p010,pooled_shared,0.9998968827906682,0.9996948945691234,0.008551458990454336,0.8551458990454336,0.0
0,false_positive_0p010,eq_fpr_matched_macro,0.8517691041911513,0.0,0.007235002087507972,0.7235002087507972,0.0
0,false_positive_0p010,eq_fpr_matched_cvar,0.8888044096856756,0.0,0.010862864103293008,1.0862864103293008,0.0
0,false_positive_0p020,eq_fpr,0.9999908092338315,0.9999172831044832,0.037857938090158784,1.8928969045079391,0.0
0,false_positive_0p020,greedy,0.0,0.0,0.0,0.0,0.0
0,false_positive_0p020,fabrid_macro,0.7777344723686372,0.0,0.014558462020105554,0.7279231010052777,0.0
0,false_positive_0p020,fabrid_cvar,0.8888558243350427,0.0,0.025210332492595782,1.260516624629789,0.0
0,false_positive_0p020,fabrid_macro_finite_safe,0.555512974325278,0.0,0.01114410477578247,0.5572052387891234,0.0
0,false_positive_0p020,fabrid_cvar_finite_safe,0.7592383210223029,0.0,0.019243461954465316,0.9621730977232658,0.0
0,false_positive_0p020,fabrid_macro_no_rate_minimization,0.8888508440868885,0.0,0.03643365351523473,1.8216826757617366,0.0
0,false_positive_0p020,common_rate_macro,0.9999908092338315,0.9999172831044832,0.03763004387578037,1.8815021937890184,0.0
0,false_positive_0p020,pooled_shared,0.9999371762449489,0.9997852961782719,0.01652012803326034,0.826006401663017,0.0
0,false_positive_0p020,eq_fpr_matched_macro,0.9999257204851857,0.9998267302491318,0.014061972123410054,0.7030986061705027,0.0
0,false_positive_0p020,eq_fpr_matched_cvar,0.9999717643278121,0.9998916802558709,0.01892442456796041,0.9462212283980205,0.0
1,false_positive_0p001,eq_fpr,0.44447134870774857,0.0,0.002161741376053384,2.161741376053384,0.0
1,false_positive_0p001,greedy,0.09259281142035851,0.0,0.00003487280935352152,0.03487280935352152,0.0
1,false_positive_0p001,fabrid_macro,0.44447134870774857,0.0,0.002161741376053384,2.161741376053384,0.0
1,false_positive_0p001,fabrid_cvar,0.44447134870774857,0.0,0.002161741376053384,2.161741376053384,0.0
1,false_positive_0p001,fabrid_macro_finite_safe,0.2592643369405482,0.0,0.0003788920608008642,0.3788920608008642,0.0
1,false_positive_0p001,fabrid_cvar_finite_safe,0.2592643369405482,0.0,0.0003788920608008642,0.3788920608008642,0.0
1,false_positive_0p001,fabrid_macro_no_rate_minimization,0.44447134870774857,0.0,0.002161741376053384,2.161741376053384,0.0
1,false_positive_0p001,common_rate_macro,0.44447134870774857,0.0,0.002161741376053384,2.161741376053384,0.0
1,false_positive_0p001,pooled_shared,0.8888249903430454,0.6666666666666666,0.002327716551996756,2.327716551996756,0.0
1,false_positive_0p001,eq_fpr_matched_macro,0.33336023759663747,0.0,0.0009756525041086221,0.975652504108622,0.0
1,false_positive_0p001,eq_fpr_matched_cvar,0.33336023759663747,0.0,0.0009756525041086221,0.975652504108622,0.0
1,false_positive_0p0025,eq_fpr,0.46297170452169595,0.0,0.0023202541458421182,0.9281016583368473,0.0
1,false_positive_0p0025,greedy,0.09259281142035851,0.0,0.00003487280935352152,0.013949123741408607,0.0
1,false_positive_0p0025,fabrid_macro,0.4814718596279439,0.0,0.003056882041015021,1.2227528164060084,0.0
1,false_positive_0p0025,fabrid_cvar,0.4814718596279439,0.0,0.003056882041015021,1.2227528164060084,0.0
1,false_positive_0p0025,fabrid_macro_finite_safe,0.33336023759663747,0.0,0.0009756525041086221,0.3902610016434488,0.0
1,false_positive_0p0025,fabrid_cvar_finite_safe,0.33336023759663747,0.0,0.0009756525041086221,0.3902610016434488,0.0
1,false_positive_0p0025,fabrid_macro_no_rate_minimization,0.5925686223029287,0.0,0.0033073203079822134,1.3229281231928853,0.0
1,false_positive_0p0025,common_rate_macro,0.46297170452169595,0.0,0.0023202541458421182,0.9281016583368473,0.0
1,false_positive_0p0025,pooled_shared,0.9258631070217933,0.6666666666666666,0.0033465891384612868,1.3386356553845147,0.0
1,false_positive_0p0025,eq_fpr_matched_macro,0.5740700030046808,0.0,0.002601718607613526,1.0406874430454105,0.0
1,false_positive_0p0025,eq_fpr_matched_cvar,0.5740700030046808,0.0,0.002601718607613526,1.0406874430454105,0.0
1,false_positive_0p005,eq_fpr,0.8517714350563745,0.0,0.007098076966236401,1.4196153932472801,0.0
1,false_positive_0p005,greedy,0.09259281142035851,0.0,0.00003487280935352152,0.006974561870704304,0.0
1,false_positive_0p005,fabrid_macro,0.5369902191121533,0.0,0.004634905084096913,0.9269810168193826,0.0
1,false_positive_0p005,fabrid_cvar,0.5370084127239665,0.0,0.006672260382137141,1.3344520764274281,0.0
1,false_positive_0p005,fabrid_macro_finite_safe,0.3888708447856519,0.0,0.0018692243982182254,0.37384487964364504,0.0
1,false_positive_0p005,fabrid_cvar_finite_safe,0.42588186917209847,0.0,0.0044142220668587405,0.8828444133717481,0.0
1,false_positive_0p005,fabrid_macro_no_rate_minimization,0.7777089245259601,0.0,0.009704126694742644,1.9408253389485288,0.0
1,false_positive_0p005,common_rate_macro,0.8517714350563745,0.0,0.007098076966236401,1.4196153932472801,0.0
1,false_positive_0p005,pooled_shared,0.9998788808806091,0.9996722941668361,0.00492464167653554,0.984928335307108,0.0
1,false_positive_0p005,eq_fpr_matched_macro,0.629585142899378,0.0,0.005668968949580052,1.1337937899160102,0.0
1,false_positive_0p005,eq_fpr_matched_cvar,0.740678889269608,0.0,0.006569582505316974,1.3139165010633949,0.0
1,false_positive_0p010,eq_fpr,0.9999506956236893,0.9998681643199916,0.01675347658469139,1.675347658469139,0.0
1,false_positive_0p010,greedy,0.09259281142035851,0.0,0.00003487280935352152,0.003487280935352152,0.0
1,false_positive_0p010,fabrid_macro,0.5555109985447962,0.0,0.007043555674782152,0.7043555674782151,0.0
1,false_positive_0p010,fabrid_cvar,0.777732868607933,0.0,0.012532266850807713,1.2532266850807712,0.0
1,false_positive_0p010,fabrid_macro_finite_safe,0.4258827444831621,0.0,0.004629799433771419,0.46297994337714193,0.0
1,false_positive_0p010,fabrid_cvar_finite_safe,0.648093190443426,0.0,0.009415311746735891,0.941531174673589,0.0
1,false_positive_0p010,fabrid_macro_no_rate_minimization,0.6481341485233695,0.0,0.01338542063989881,1.3385420639898808,0.0
1,false_positive_0p010,common_rate_macro,0.9999506956236893,0.9998681643199916,0.01675347658469139,1.675347658469139,0.0
1,false_positive_0p010,pooled_shared,0.9998987043182811,0.9996911278354088,0.007913207340204967,0.7913207340204966,0.0
1,false_positive_0p010,eq_fpr_matched_macro,0.8517714350563745,0.0,0.007098076966236401,0.7098076966236401,0.0
1,false_positive_0p010,eq_fpr_matched_cvar,0.8888069417281899,0.0,0.01091540614527222,1.091540614527222,0.0
1,false_positive_0p020,eq_fpr,0.9999903692286853,0.99991531365459,0.037355228509662386,1.8677614254831192,0.0
1,false_positive_0p020,greedy,0.09259281142035851,0.0,0.00003487280935352152,0.001743640467676076,0.0
1,false_positive_0p020,fabrid_macro,0.7777419925416971,0.0,0.01667328716040443,0.8336643580202215,0.0
1,false_positive_0p020,fabrid_cvar,0.88885024590693,0.0,0.021536134516624745,1.0768067258312373,0.0
1,false_positive_0p020,fabrid_macro_finite_safe,0.6481097070201526,0.0,0.012627549106854517,0.6313774553427258,0.0
1,false_positive_0p020,fabrid_cvar_finite_safe,0.7592338547073649,0.0,0.016237994000816932,0.8118997000408466,0.0
1,false_positive_0p020,fabrid_macro_no_rate_minimization,0.88885241513774,0.0,0.035668746663774994,1.7834373331887496,0.0
1,false_positive_0p020,common_rate_macro,0.9999903692286853,0.99991531365459,0.037196192744580595,1.8598096372290296,0.0
1,false_positive_0p020,pooled_shared,0.9999387373492463,0.9997852961782719,0.016469819167635204,0.8234909583817602,0.0
1,false_positive_0p020,eq_fpr_matched_macro,0.9999239655627394,0.9998267302491318,0.013489432609025844,0.6744716304512922,0.0
1,false_positive_0p020,eq_fpr_matched_cvar,0.9999693534757473,0.9998838024562979,0.01878889077710358,0.9394445388551789,0.0
2,false_positive_0p001,eq_fpr,0.4444715776700463,0.0,0.00228133955122741,2.28133955122741,0.0
2,false_positive_0p001,greedy,0.0,0.0,0.0,0.0,0.0
2,false_positive_0p001,fabrid_macro,0.4444715776700463,0.0,0.00228133955122741,2.28133955122741,0.0
2,false_positive_0p001,fabrid_cvar,0.4444715776700463,0.0,0.00228133955122741,2.28133955122741,0.0
2,false_positive_0p001,fabrid_macro_finite_safe,0.25926412046239666,0.0,0.00037140928540937995,0.37140928540937995,0.0
2,false_positive_0p001,fabrid_cvar_finite_safe,0.25926412046239666,0.0,0.00037140928540937995,0.37140928540937995,0.0
2,false_positive_0p001,fabrid_macro_no_rate_minimization,0.4444715776700463,0.0,0.00228133955122741,2.28133955122741,0.0
2,false_positive_0p001,common_rate_macro,0.4444715776700463,0.0,0.00228133955122741,2.28133955122741,0.0
2,false_positive_0p001,pooled_shared,0.8888199250434565,0.6666666666666666,0.0024351607921005384,2.4351607921005383,0.0
2,false_positive_0p001,eq_fpr_matched_macro,0.33336046655893514,0.0,0.0009681697287171377,0.9681697287171377,0.0
2,false_positive_0p001,eq_fpr_matched_cvar,0.33336046655893514,0.0,0.0009681697287171377,0.9681697287171377,0.0
2,false_positive_0p0025,eq_fpr,0.4629721523117596,0.0,0.0024842358965569897,0.9936943586227959,0.0
2,false_positive_0p0025,greedy,0.0,0.0,0.0,0.0,0.0
2,false_positive_0p0025,fabrid_macro,0.4814725340306909,0.0,0.0030912287242879383,1.2364914897151753,0.0
2,false_positive_0p0025,fabrid_cvar,0.4814725340306909,0.0,0.0030912287242879383,1.2364914897151753,0.0
2,false_positive_0p0025,fabrid_macro_finite_safe,0.33336046655893514,0.0,0.0009681697287171377,0.3872678914868551,0.0
2,false_positive_0p0025,fabrid_cvar_finite_safe,0.33336046655893514,0.0,0.0009681697287171377,0.3872678914868551,0.0
2,false_positive_0p0025,fabrid_macro_no_rate_minimization,0.5184748130107929,0.0,0.00347135317495716,1.3885412699828639,0.0
2,false_positive_0p0025,common_rate_macro,0.4629721523117596,0.0,0.0024842358965569897,0.9936943586227959,0.0
2,false_positive_0p0025,pooled_shared,0.9258644502892862,0.6666666666666666,0.003312184380680497,1.3248737522721987,0.0
2,false_positive_0p0025,eq_fpr_matched_macro,0.5740708944054599,0.0,0.003081779528783625,1.23271181151345,0.0
2,false_positive_0p0025,eq_fpr_matched_cvar,0.5740708944054599,0.0,0.003081779528783625,1.23271181151345,0.0
2,false_positive_0p005,eq_fpr,0.851767680790479,0.0,0.007316577838855186,1.4633155677710372,0.0
2,false_positive_0p005,greedy,0.0,0.0,0.0,0.0,0.0
2,false_positive_0p005,fabrid_macro,0.5184877307838223,0.0,0.005403720324715614,1.0807440649431228,0.0
2,false_positive_0p005,fabrid_cvar,0.5369990686090632,0.0,0.0061684387796266645,1.233687755925333,0.0
2,false_positive_0p005,fabrid_macro_finite_safe,0.38886600652533665,0.0,0.003267710831410775,0.653542166282155,0.0
2,false_positive_0p005,fabrid_cvar_finite_safe,0.42588209813439615,0.0,0.004375509922301893,0.8751019844603787,0.0
2,false_positive_0p005,fabrid_macro_no_rate_minimization,0.666601114446347,0.0,0.00703405765254111,1.406811530508222,0.0
2,false_positive_0p005,common_rate_macro,0.7406901700171943,0.0,0.007175069638693245,1.4350139277386489,0.0
2,false_positive_0p005,pooled_shared,0.962880934483041,0.6668671148688468,0.004913708749737739,0.9827417499475478,0.0
2,false_positive_0p005,eq_fpr_matched_macro,0.6295864730493483,0.0,0.005515994156037285,1.103198831207457,0.0
2,false_positive_0p005,eq_fpr_matched_cvar,0.6295871318822605,0.0,0.006818018099785028,1.3636036199570056,0.0
2,false_positive_0p010,eq_fpr,0.9999495834091773,0.9998681643199916,0.01725820012089849,1.725820012089849,0.0
2,false_positive_0p010,greedy,0.0,0.0,0.0,0.0,0.0
2,false_positive_0p010,fabrid_macro,0.5555129641729264,0.0,0.007416092673455039,0.7416092673455039,0.0
2,false_positive_0p010,fabrid_cvar,0.6666382860373955,0.0,0.014766450034380284,1.4766450034380283,0.0
2,false_positive_0p010,fabrid_macro_finite_safe,0.42588559937865084,0.0,0.004898602062604716,0.48986020626047155,0.0
2,false_positive_0p010,fabrid_cvar_finite_safe,0.5370060986297029,0.0,0.010663451358618776,1.0663451358618776,0.0
2,false_positive_0p010,fabrid_macro_no_rate_minimization,0.777732599301027,0.0,0.013215269687661726,1.3215269687661726,0.0
2,false_positive_0p010,common_rate_macro,0.9999495834091773,0.9998681643199916,0.01725820012089849,1.725820012089849,0.0
2,false_positive_0p010,pooled_shared,0.9999011213481777,0.9996948945691234,0.008930584677700734,0.8930584677700734,0.0
2,false_positive_0p010,eq_fpr_matched_macro,0.851767680790479,0.0,0.007316577838855186,0.7316577838855186,0.0
2,false_positive_0p010,eq_fpr_matched_cvar,0.888805524868662,0.0,0.011693070529880594,1.1693070529880594,0.0
2,false_positive_0p020,eq_fpr,0.9999903715782996,0.9999133442046967,0.03785990645465896,1.8929953227329481,0.0
2,false_positive_0p020,greedy,0.0,0.0,0.0,0.0,0.0
2,false_positive_0p020,fabrid_macro,0.6666375373000242,0.0,0.014317010011245697,0.7158505005622848,0.0
2,false_positive_0p020,fabrid_cvar,0.8888542350466024,0.0,0.021051802184581483,1.0525901092290741,0.0
2,false_positive_0p020,fabrid_macro_finite_safe,0.555513742045347,0.0,0.010087390106183109,0.5043695053091555,0.0
2,false_positive_0p020,fabrid_cvar_finite_safe,0.7592365208801846,0.0,0.017313243777740895,0.8656621888870447,0.0
2,false_positive_0p020,fabrid_macro_no_rate_minimization,0.8888537534767994,0.0,0.03561701327486697,1.7808506637433485,0.0
2,false_positive_0p020,common_rate_macro,0.9999903715782996,0.9999133442046967,0.03536227564377252,1.768113782188626,0.0
2,false_positive_0p020,pooled_shared,0.9999396332735748,0.9997852961782719,0.018043253886399428,0.9021626943199714,0.0
2,false_positive_0p020,eq_fpr_matched_macro,0.9999257635972546,0.9998267302491318,0.015091748487738681,0.754587424386934,0.0
2,false_positive_0p020,eq_fpr_matched_cvar,0.9999603083212428,0.9998818330064047,0.018817248915241738,0.9408624457620869,0.0
3,false_positive_0p001,eq_fpr,0.33335803213560333,0.0,0.0009462380996340749,0.9462380996340749,0.0
3,false_positive_0p001,greedy,0.0925925925925926,0.0,3.1702553957746837e-6,0.0031702553957746837,0.0
3,false_positive_0p001,fabrid_macro,0.33335803213560333,0.0,0.0009462380996340749,0.9462380996340749,0.0
3,false_positive_0p001,fabrid_cvar,0.33335803213560333,0.0,0.0009462380996340749,0.9462380996340749,0.0
3,false_positive_0p001,fabrid_macro_finite_safe,0.2592625769199634,0.0,0.00034947765632631714,0.3494776563263171,0.0
3,false_positive_0p001,fabrid_cvar_finite_safe,0.2592625769199634,0.0,0.00034947765632631714,0.3494776563263171,0.0
3,false_positive_0p001,fabrid_macro_no_rate_minimization,0.33335803213560333,0.0,0.0009462380996340749,0.9462380996340749,0.0
3,false_positive_0p001,common_rate_macro,0.33335803213560333,0.0,0.0009462380996340749,0.9462380996340749,0.0
3,false_positive_0p001,pooled_shared,0.8888207080412465,0.6666666666666666,0.002373247124247701,2.3732471242477007,0.0
3,false_positive_0p001,eq_fpr_matched_macro,0.33335803213560333,0.0,0.0009462380996340749,0.9462380996340749,0.0
3,false_positive_0p001,eq_fpr_matched_cvar,0.33335803213560333,0.0,0.0009462380996340749,0.9462380996340749,0.0
3,false_positive_0p0025,eq_fpr,0.4629694990606618,0.0,0.0023438578211201645,0.9375431284480658,0.0
3,false_positive_0p0025,greedy,0.0925925925925926,0.0,3.1702553957746837e-6,0.0012681021583098734,0.0
3,false_positive_0p0025,fabrid_macro,0.370358988496248,0.0,0.0017561272726946036,0.7024509090778414,0.0
3,false_positive_0p0025,fabrid_cvar,0.370358988496248,0.0,0.0017561272726946036,0.7024509090778414,0.0
3,false_positive_0p0025,fabrid_macro_finite_safe,0.33335803213560333,0.0,0.0009462380996340749,0.37849523985363,0.0
3,false_positive_0p0025,fabrid_cvar_finite_safe,0.33335803213560333,0.0,0.0009462380996340749,0.37849523985363,0.0
3,false_positive_0p0025,fabrid_macro_no_rate_minimization,0.40736126747635,0.0,0.0020097773103553004,0.8039109241421202,0.0
3,false_positive_0p0025,common_rate_macro,0.4629694990606618,0.0,0.0023438578211201645,0.9375431284480658,0.0
3,false_positive_0p0025,pooled_shared,0.9258637927623088,0.6666666666666666,0.003227335073606898,1.2909340294427591,0.0
3,false_positive_0p0025,eq_fpr_matched_macro,0.5740680223265963,0.0,0.00283395690411673,1.133582761646692,0.0
3,false_positive_0p0025,eq_fpr_matched_cvar,0.5740680223265963,0.0,0.00283395690411673,1.133582761646692,0.0
3,false_positive_0p005,eq_fpr,0.8517647902423044,0.0,0.007144827039989356,1.428965407997871,0.0
3,false_positive_0p005,greedy,0.0925925925925926,0.0,3.1702553957746837e-6,0.0006340510791549367,0.0
3,false_positive_0p005,fabrid_macro,0.4073750761302779,0.0,0.003970561624080791,0.7941123248161581,0.0
3,false_positive_0p005,fabrid_cvar,0.4258813491595836,0.0,0.0046794970812155095,0.9358994162431019,0.0
3,false_positive_0p005,fabrid_macro_finite_safe,0.3888629078337897,0.0,0.0031332927030751786,0.6266585406150357,0.0
3,false_positive_0p005,fabrid_cvar_finite_safe,0.4258731592088567,0.0,0.003932270012119602,0.7864540024239204,0.0
3,false_positive_0p005,fabrid_macro_no_rate_minimization,0.6480884476312754,0.0,0.00574157049298385,1.14831409859677,0.0
3,false_positive_0p005,common_rate_macro,0.740690410540198,0.0,0.007103302489202209,1.4206604978404418,0.0
3,false_positive_0p005,pooled_shared,0.9998803892483666,0.9996722941668361,0.005347042840424021,1.0694085680848042,0.0
3,false_positive_0p005,eq_fpr_matched_macro,0.6295851468625323,0.0,0.004889393794016369,0.9778787588032738,0.0
3,false_positive_0p005,eq_fpr_matched_cvar,0.6295853680399126,0.0,0.006272885065740904,1.2545770131481808,0.0
3,false_positive_0p010,eq_fpr,0.9999509243592901,0.9998681643199916,0.01683608510387876,1.683608510387876,0.0
3,false_positive_0p010,greedy,0.0925925925925926,0.0,3.1702553957746837e-6,0.00031702553957746834,0.0
3,false_positive_0p010,fabrid_macro,0.44439987186385027,0.0,0.006059533179126868,0.6059533179126867,0.0
3,false_positive_0p010,fabrid_cvar,0.5555240995894898,0.0,0.013205168348467074,1.3205168348467073,0.0
3,false_positive_0p010,fabrid_macro_finite_safe,0.42588162537604013,0.0,0.0047707809834647,0.47707809834646997,0.0
3,false_positive_0p010,fabrid_cvar_finite_safe,0.5370016869715604,0.0,0.010341875175480004,1.0341875175480004,0.0
3,false_positive_0p010,fabrid_macro_no_rate_minimization,0.6666252760651883,0.0,0.012957619589428033,1.2957619589428033,0.0
3,false_positive_0p010,common_rate_macro,0.999940260702988,0.999864397586277,0.016133909371695312,1.6133909371695312,0.0
3,false_positive_0p010,pooled_shared,0.999899975655445,0.9996911278354088,0.008754363371551045,0.8754363371551044,0.0
3,false_positive_0p010,eq_fpr_matched_macro,0.8517647902423044,0.0,0.007144827039989356,0.7144827039989355,0.0
3,false_positive_0p010,eq_fpr_matched_cvar,0.8888085086976439,0.0,0.011371299576339608,1.1371299576339606,0.0
3,false_positive_0p020,eq_fpr,0.9999903715782996,0.9999133442046967,0.0377121948008278,1.8856097400413898,0.0
3,false_positive_0p020,greedy,0.0925925925925926,0.0,3.1702553957746837e-6,0.00015851276978873417,0.0
3,false_positive_0p020,fabrid_macro,0.5555195471402601,0.0,0.012041703984290875,0.6020851992145437,0.0
3,false_positive_0p020,fabrid_cvar,0.7777400287394189,0.0,0.02084648295299044,1.042324147649522,0.0
3,false_positive_0p020,fabrid_macro_finite_safe,0.5370083363562657,0.0,0.010174074897539374,0.5087037448769687,0.0
3,false_positive_0p020,fabrid_cvar_finite_safe,0.7592338633165023,0.0,0.016994636614767914,0.8497318307383956,0.0
3,false_positive_0p020,fabrid_macro_no_rate_minimization,0.7777426361943108,0.0,0.034438247041796356,1.7219123520898179,0.0
3,false_positive_0p020,common_rate_macro,0.9999903715782996,0.9999133442046967,0.03722835474651502,1.861417737325751,0.0
3,false_positive_0p020,pooled_shared,0.9999378464683476,0.9997852961782719,0.01736163497188105,0.8680817485940524,0.0
3,false_positive_0p020,eq_fpr_matched_macro,0.9999248589773259,0.9998267302491318,0.014142111629614242,0.707105581480712,0.0
3,false_positive_0p020,eq_fpr_matched_cvar,0.9999702423159474,0.9998838024562979,0.01941791651578095,0.9708958257890474,0.0
4,false_positive_0p001,eq_fpr,0.44447201767519245,0.0,0.002294285463608033,2.294285463608033,0.0
4,false_positive_0p001,greedy,0.09259303024812443,0.0,3.1702553957746837e-6,0.0031702553957746837,0.0
4,false_positive_0p001,fabrid_macro,0.44447201767519245,0.0,0.002294285463608033,2.294285463608033,0.0
4,false_positive_0p001,fabrid_cvar,0.44447201767519245,0.0,0.002294285463608033,2.294285463608033,0.0
4,false_positive_0p001,fabrid_macro_finite_safe,0.2592645604675428,0.0,0.00034199488093483287,0.3419948809348329,0.0
4,false_positive_0p001,fabrid_cvar_finite_safe,0.2592645604675428,0.0,0.00034199488093483287,0.3419948809348329,0.0
4,false_positive_0p001,fabrid_macro_no_rate_minimization,0.44447201767519245,0.0,0.002294285463608033,2.294285463608033,0.0
4,false_positive_0p001,common_rate_macro,0.44447201767519245,0.0,0.002294285463608033,2.294285463608033,0.0
4,false_positive_0p001,pooled_shared,0.8888242109558194,0.6666666666666666,0.002379119412208568,2.379119412208568,0.0
4,false_positive_0p001,eq_fpr_matched_macro,0.33336090656408135,0.0,0.0009387553242425907,0.9387553242425907,0.0
4,false_positive_0p001,eq_fpr_matched_cvar,0.33336090656408135,0.0,0.0009387553242425907,0.9387553242425907,0.0
4,false_positive_0p0025,eq_fpr,0.4629723734891399,0.0,0.0025003520643333875,1.000140825733355,0.0
4,false_positive_0p0025,greedy,0.09259303024812443,0.0,3.1702553957746837e-6,0.0012681021583098734,0.0
4,false_positive_0p0025,fabrid_macro,0.4814725285953878,0.0,0.0030899660546850434,1.2359864218740173,0.0
4,false_positive_0p0025,fabrid_cvar,0.4814725285953878,0.0,0.0030899660546850434,1.2359864218740173,0.0
4,false_positive_0p0025,fabrid_macro_finite_safe,0.33336090656408135,0.0,0.0009387553242425907,0.3755021296970363,0.0
4,false_positive_0p0025,fabrid_cvar_finite_safe,0.33336090656408135,0.0,0.0009387553242425907,0.3755021296970363,0.0
4,false_positive_0p0025,fabrid_macro_no_rate_minimization,0.5184737040382027,0.0,0.003414062922696431,1.3656251690785723,0.0
4,false_positive_0p0025,common_rate_macro,0.4629723734891399,0.0,0.0025003520643333875,1.000140825733355,0.0
4,false_positive_0p0025,pooled_shared,0.925866671921252,0.6666666666666666,0.003264628629594555,1.3058514518378221,0.0
4,false_positive_0p0025,eq_fpr_matched_macro,0.5740715591935557,0.0,0.0031706395035497057,1.2682558014198821,0.0
4,false_positive_0p0025,eq_fpr_matched_cvar,0.5740715591935557,0.0,0.0031706395035497057,1.2682558014198821,0.0
4,false_positive_0p005,eq_fpr,0.8517679704851129,0.0,0.006902990112938107,1.3805980225876213,0.0
4,false_positive_0p005,greedy,0.09259303024812443,0.0,3.1702553957746837e-6,0.0006340510791549367,0.0
4,false_positive_0p005,fabrid_macro,0.5554914888806989,0.0,0.004916140263699947,0.9832280527399894,0.0
4,false_positive_0p005,fabrid_cvar,0.5370035870248606,0.0,0.0066988897268095565,1.3397779453619112,0.0
4,false_positive_0p005,fabrid_macro_finite_safe,0.3888715137530958,0.0,0.002039676511097699,0.40793530221953983,0.0
4,false_positive_0p005,fabrid_cvar_finite_safe,0.4258758148095689,0.0,0.003641730616054655,0.728346123210931,0.0
4,false_positive_0p005,fabrid_macro_no_rate_minimization,0.666617115029202,0.0,0.007186460689458899,1.4372921378917798,0.0
4,false_positive_0p005,common_rate_macro,0.8517679704851129,0.0,0.006902990112938107,1.3805980225876213,0.0
4,false_positive_0p005,pooled_shared,0.9628837161858887,0.6668671148688468,0.004934204689749157,0.9868409379498314,0.0
4,false_positive_0p005,eq_fpr_matched_macro,0.6295862471727394,0.0,0.006481134443315044,1.2962268886630088,0.0
4,false_positive_0p005,eq_fpr_matched_cvar,0.6295862471727394,0.0,0.006481134443315044,1.2962268886630088,0.0
4,false_positive_0p010,eq_fpr,0.9999480079417187,0.9998681643199916,0.016284768739848274,1.6284768739848274,0.0
4,false_positive_0p010,greedy,0.09259303024812443,0.0,3.1702553957746837e-6,0.00031702553957746834,0.0
4,false_positive_0p010,fabrid_macro,0.5555126313038535,0.0,0.007182064003457176,0.7182064003457176,0.0
4,false_positive_0p010,fabrid_cvar,0.759236128085627,0.0,0.015081275103636875,1.5081275103636875,0.0
4,false_positive_0p010,fabrid_macro_finite_safe,0.42588378593252973,0.0,0.00436625282057208,0.436625282057208,0.0
4,false_positive_0p010,fabrid_cvar_finite_safe,0.6480966209132147,0.0,0.00988064439333818,0.988064439333818,0.0
4,false_positive_0p010,fabrid_macro_no_rate_minimization,0.759244628508308,0.0,0.024263861625380516,2.4263861625380514,0.0
4,false_positive_0p010,common_rate_macro,0.9999480079417187,0.9998681643199916,0.016284768739848274,1.6284768739848274,0.0
4,false_positive_0p010,pooled_shared,0.9999002456823575,0.9996911278354088,0.008692510181116752,0.8692510181116753,0.0
4,false_positive_0p010,eq_fpr_matched_macro,0.7406910657418586,0.0,0.0068284729021759315,0.6828472902175932,0.0
4,false_positive_0p010,eq_fpr_matched_cvar,0.8888138598582286,0.0,0.012097293699799809,1.209729369979981,0.0
4,false_positive_0p020,eq_fpr,0.9999905904060655,0.99991531365459,0.03732289151761136,1.866144575880568,0.0
4,false_positive_0p020,greedy,0.09259303024812443,0.0,3.1702553957746837e-6,0.00015851276978873417,0.0
4,false_positive_0p020,fabrid_macro,0.6666336009157262,0.0,0.013895087973653622,0.6947543986826811,0.0
4,false_positive_0p020,fabrid_cvar,0.8888488956679971,0.0,0.021699073155663027,1.0849536577831513,0.0
4,false_positive_0p020,fabrid_macro_finite_safe,0.5555180538577086,0.0,0.010306323567679335,0.5153161783839667,0.0
4,false_positive_0p020,fabrid_cvar_finite_safe,0.7592340748008909,0.0,0.017226327817621356,0.8613163908810678,0.0
4,false_positive_0p020,fabrid_macro_no_rate_minimization,0.8888539570666334,0.0,0.03527950808297808,1.7639754041489037,0.0
4,false_positive_0p020,common_rate_macro,0.9999903678517923,0.99991531365459,0.03693746293554138,1.846873146777069,0.0
4,false_positive_0p020,pooled_shared,0.9999387727406259,0.9997815294445574,0.01798178464223487,0.8990892321117435,0.0
4,false_positive_0p020,eq_fpr_matched_macro,0.999925069724968,0.9998267302491318,0.013853207524947786,0.6926603762473893,0.0
4,false_positive_0p020,eq_fpr_matched_cvar,0.9999614901796714,0.9998916802558709,0.018894661559360756,0.9447330779680377,0.0
5,false_positive_0p001,eq_fpr,0.33335602376112283,0.0,0.0009707144166043676,0.9707144166043675,0.0
5,false_positive_0p001,greedy,0.0,0.0,0.0,0.0,0.0
5,false_positive_0p001,fabrid_macro,0.33335602376112283,0.0,0.0009707144166043676,0.9707144166043675,0.0
5,false_positive_0p001,fabrid_cvar,0.33335602376112283,0.0,0.0009707144166043676,0.9707144166043675,0.0
5,false_positive_0p001,fabrid_macro_finite_safe,0.25926279574772937,0.0,0.00037395397329660976,0.37395397329660973,0.0
5,false_positive_0p001,fabrid_cvar_finite_safe,0.25926279574772937,0.0,0.00037395397329660976,0.37395397329660973,0.0
5,false_positive_0p001,fabrid_macro_no_rate_minimization,0.33335602376112283,0.0,0.0009707144166043676,0.9707144166043675,0.0
5,false_positive_0p001,common_rate_macro,0.33335602376112283,0.0,0.0009707144166043676,0.9707144166043675,0.0
5,false_positive_0p001,pooled_shared,0.8888201557868186,0.6666666666666666,0.0024717910441410746,2.4717910441410744,0.0
5,false_positive_0p001,eq_fpr_matched_macro,0.33335602376112283,0.0,0.0009707144166043676,0.9707144166043675,0.0
5,false_positive_0p001,eq_fpr_matched_cvar,0.33335602376112283,0.0,0.0009707144166043676,0.9707144166043675,0.0
5,false_positive_0p0025,eq_fpr,0.46296749068618137,0.0,0.0025789887256562082,1.0315954902624833,0.0
5,false_positive_0p0025,greedy,0.0,0.0,0.0,0.0,0.0
5,false_positive_0p0025,fabrid_macro,0.3703596527644632,0.0,0.0018374379175989683,0.7349751670395873,0.0
5,false_positive_0p0025,fabrid_cvar,0.3703596527644632,0.0,0.0018374379175989683,0.7349751670395873,0.0
5,false_positive_0p0025,fabrid_macro_finite_safe,0.33335602376112283,0.0,0.0009707144166043676,0.388285766641747,0.0
5,false_positive_0p0025,fabrid_cvar_finite_safe,0.33335602376112283,0.0,0.0009707144166043676,0.388285766641747,0.0
5,false_positive_0p0025,fabrid_macro_no_rate_minimization,0.4073610517342728,0.0,0.002154858471996344,0.8619433887985375,0.0
5,false_positive_0p0025,common_rate_macro,0.46296749068618137,0.0,0.0025789887256562082,1.0315954902624833,0.0
5,false_positive_0p0025,pooled_shared,0.9258613391765836,0.6666666666666666,0.0033799067407018642,1.3519626962807456,0.0
5,false_positive_0p0025,eq_fpr_matched_macro,0.5740662327798817,0.0,0.0032997421505352193,1.3198968602140877,0.0
5,false_positive_0p0025,eq_fpr_matched_cvar,0.5740662327798817,0.0,0.0032997421505352193,1.3198968602140877,0.0
5,false_positive_0p005,eq_fpr,0.8517636882046132,0.0,0.00712886061841188,1.425772123682376,0.0
5,false_positive_0p005,greedy,0.0,0.0,0.0,0.0,0.0
5,false_positive_0p005,fabrid_macro,0.4443832215346541,0.0,0.003712112846748179,0.7424225693496358,0.0
5,false_positive_0p005,fabrid_cvar,0.42589642468825173,0.0,0.005661578953660955,1.132315790732191,0.0
5,false_positive_0p005,fabrid_macro_finite_safe,0.3888724711841297,0.0,0.0022961188652040046,0.4592237730408009,0.0
5,false_positive_0p005,fabrid_cvar_finite_safe,0.4258825473966085,0.0,0.0045177008742138215,0.9035401748427643,0.0
5,false_positive_0p005,fabrid_macro_no_rate_minimization,0.5554847175277944,0.0,0.005642561540423557,1.1285123080847115,0.0
5,false_positive_0p005,common_rate_macro,0.8517636882046132,0.0,0.00712886061841188,1.425772123682376,0.0
5,false_positive_0p005,pooled_shared,0.9628781557612582,0.6668390521205415,0.004869028678466656,0.9738057356933312,0.0
5,false_positive_0p005,eq_fpr_matched_macro,0.6295820326011504,0.0,0.006590621467808046,1.3181242935616093,0.0
5,false_positive_0p005,eq_fpr_matched_cvar,0.7406746679810788,0.0,0.006629287288105044,1.325857457621009,0.0
5,false_positive_0p010,eq_fpr,0.9999482496871283,0.9998681643199916,0.017097645106851196,1.7097645106851196,0.0
5,false_positive_0p010,greedy,0.0,0.0,0.0,0.0,0.0
5,false_positive_0p010,fabrid_macro,0.44440283154579796,0.0,0.00608501673912286,0.6085016739122859,0.0
5,false_positive_0p010,fabrid_cvar,0.5555254234266914,0.0,0.011753101371539867,1.1753101371539867,0.0
5,false_positive_0p010,fabrid_macro_finite_safe,0.42588953915812117,0.0,0.005243854103702841,0.5243854103702841,0.0
5,false_positive_0p010,fabrid_cvar_finite_safe,0.5370159169022927,0.0,0.009552630503409511,0.9552630503409512,0.0
5,false_positive_0p010,fabrid_macro_no_rate_minimization,0.7777299380267145,0.0,0.015229840022368183,1.5229840022368184,0.0
5,false_positive_0p010,common_rate_macro,0.9999482496871283,0.9998681643199916,0.017097645106851196,1.7097645106851196,0.0
5,false_positive_0p010,pooled_shared,0.9998975304003714,0.9996911278354088,0.008830757822478346,0.8830757822478346,0.0
5,false_positive_0p010,eq_fpr_matched_macro,0.8517650207764667,0.0,0.007217148088287186,0.7217148088287186,0.0
5,false_positive_0p010,eq_fpr_matched_cvar,0.888802148255036,0.0,0.010447004006375065,1.0447004006375065,0.0
5,false_positive_0p020,eq_fpr,0.9999901504009193,0.9999133442046967,0.036085431421943565,1.8042715710971782,0.0
5,false_positive_0p020,greedy,0.0,0.0,0.0,0.0,0.0
5,false_positive_0p020,fabrid_macro,0.7777388508185351,0.0,0.012898775838999727,0.6449387919499864,0.0
5,false_positive_0p020,fabrid_cvar,0.7777364730783162,0.0,0.020799056638502497,1.0399528319251248,0.0
5,false_positive_0p020,fabrid_macro_finite_safe,0.7777180698244436,0.0,0.010539197076807233,0.5269598538403616,0.0
5,false_positive_0p020,fabrid_cvar_finite_safe,0.7592318634296094,0.0,0.01603137329406317,0.8015686647031586,0.0
5,false_positive_0p020,fabrid_macro_no_rate_minimization,0.7777544670678654,0.0,0.033489985198921275,1.6744992599460637,0.0
5,false_positive_0p020,common_rate_macro,0.9999897080461587,0.9999133442046967,0.03556255495103679,1.7781277475518393,0.0
5,false_positive_0p020,pooled_shared,0.9999385698287274,0.9997777627108428,0.017411017312770033,0.8705508656385016,0.0
5,false_positive_0p020,eq_fpr_matched_macro,0.9999306217935064,0.999856864118848,0.015509124136185456,0.7754562068092727,0.0
5,false_positive_0p020,eq_fpr_matched_cvar,0.9999649345273708,0.9998798635565115,0.01966018090079853,0.9830090450399265,0.0
6,false_positive_0p001,eq_fpr,0.333354463176706,0.0,0.0009430678442383003,0.9430678442383003,0.0
6,false_positive_0p001,greedy,0.0925925925925926,0.0,3.1702553957746837e-6,0.0031702553957746837,0.0
6,false_positive_0p001,fabrid_macro,0.333354463176706,0.0,0.0009430678442383003,0.9430678442383003,0.0
6,false_positive_0p001,fabrid_cvar,0.333354463176706,0.0,0.0009430678442383003,0.9430678442383003,0.0
6,false_positive_0p001,fabrid_macro_finite_safe,0.2592630169251096,0.0,0.00034630740093054247,0.34630740093054246,0.0
6,false_positive_0p001,fabrid_cvar_finite_safe,0.2592630169251096,0.0,0.00034630740093054247,0.34630740093054246,0.0
6,false_positive_0p001,fabrid_macro_no_rate_minimization,0.333354463176706,0.0,0.0009430678442383003,0.9430678442383003,0.0
6,false_positive_0p001,common_rate_macro,0.333354463176706,0.0,0.0009430678442383003,0.9430678442383003,0.0
6,false_positive_0p001,pooled_shared,0.8888188187576126,0.6666666666666666,0.0022685049167090114,2.2685049167090114,0.0
6,false_positive_0p001,eq_fpr_matched_macro,0.333354463176706,0.0,0.0009430678442383003,0.9430678442383003,0.0
6,false_positive_0p001,eq_fpr_matched_cvar,0.333354463176706,0.0,0.0009430678442383003,0.9430678442383003,0.0
6,false_positive_0p0025,eq_fpr,0.46296571127399855,0.0,0.0024919835627459984,0.9967934250983993,0.0
6,false_positive_0p0025,greedy,0.0925925925925926,0.0,3.1702553957746837e-6,0.0012681021583098734,0.0
6,false_positive_0p0025,fabrid_macro,0.3703589830609449,0.0,0.0017955827632493827,0.718233105299753,0.0
6,false_positive_0p0025,fabrid_cvar,0.3703589830609449,0.0,0.0017955827632493827,0.718233105299753,0.0
6,false_positive_0p0025,fabrid_macro_finite_safe,0.333354463176706,0.0,0.0009430678442383003,0.3772271376953201,0.0
6,false_positive_0p0025,fabrid_cvar_finite_safe,0.333354463176706,0.0,0.0009430678442383003,0.3772271376953201,0.0
6,false_positive_0p0025,fabrid_macro_no_rate_minimization,0.407361043213281,0.0,0.00211687478468618,0.8467499138744721,0.0
6,false_positive_0p0025,common_rate_macro,0.46296571127399855,0.0,0.0024919835627459984,0.9967934250983993,0.0
6,false_positive_0p0025,pooled_shared,0.9258595581392203,0.6666666666666666,0.0034647241923980044,1.3858896769592017,0.0
6,false_positive_0p0025,eq_fpr_matched_macro,0.5740648969784145,0.0,0.002697447928575381,1.0789791714301524,0.0
6,false_positive_0p0025,eq_fpr_matched_cvar,0.5740648969784145,0.0,0.002697447928575381,1.0789791714301524,0.0
6,false_positive_0p005,eq_fpr,0.8517627911523372,0.0,0.007577012098512087,1.5154024197024174,0.0
6,false_positive_0p005,greedy,0.0925925925925926,0.0,3.1702553957746837e-6,0.0006340510791549367,0.0
6,false_positive_0p005,fabrid_macro,0.4443834318414282,0.0,0.0037574415259240624,0.7514883051848125,0.0
6,false_positive_0p005,fabrid_cvar,0.537003372018858,0.0,0.007250943492082939,1.4501886984165877,0.0
6,false_positive_0p005,fabrid_macro_finite_safe,0.3888711294274787,0.0,0.0024041640870643742,0.4808328174128748,0.0
6,false_positive_0p005,fabrid_cvar_finite_safe,0.42587338038623707,0.0,0.003654655529629144,0.7309311059258288,0.0
6,false_positive_0p005,fabrid_macro_no_rate_minimization,0.6665986789391608,0.0,0.008239212800777353,1.6478425601554707,0.0
6,false_positive_0p005,common_rate_macro,0.7406850605785651,0.0,0.007435246551623627,1.4870493103247255,0.0
6,false_positive_0p005,pooled_shared,0.999876098624903,0.9996722941668361,0.004952136672494801,0.9904273344989603,0.0
6,false_positive_0p005,eq_fpr_matched_macro,0.7406739925103545,0.0,0.0071080312034695675,1.4216062406939134,0.0
6,false_positive_0p005,eq_fpr_matched_cvar,0.7406831135090484,0.0,0.007254349406299604,1.4508698812599208,0.0
6,false_positive_0p010,eq_fpr,0.9999549167566069,0.9998681643199916,0.01688277307832872,1.6882773078328719,0.0
6,false_positive_0p010,greedy,0.0925925925925926,0.0,3.1702553957746837e-6,0.00031702553957746834,0.0
6,false_positive_0p010,fabrid_macro,0.5555123138610062,0.0,0.00779252236625237,0.779252236625237,0.0
6,false_positive_0p010,fabrid_cvar,0.555526962269896,0.0,0.011370718857777865,1.1370718857777864,0.0
6,false_positive_0p010,fabrid_macro_finite_safe,0.42588206538118634,0.0,0.004356588980551901,0.4356588980551901,0.0
6,false_positive_0p010,fabrid_cvar_finite_safe,0.4259025731536321,0.0,0.006061073906513337,0.6061073906513337,0.0
6,false_positive_0p010,fabrid_macro_no_rate_minimization,0.7777365982191478,0.0,0.01816451961674003,1.8164519616740031,0.0
6,false_positive_0p010,common_rate_macro,0.9999549167566069,0.9998681643199916,0.01688277307832872,1.6882773078328719,0.0
6,false_positive_0p010,pooled_shared,0.9998990911497787,0.9996911278354088,0.008434168333031615,0.8434168333031615,0.0
6,false_positive_0p010,eq_fpr_matched_macro,0.8517658714996764,0.0,0.007934284305155777,0.7934284305155777,0.0
6,false_positive_0p010,eq_fpr_matched_cvar,0.8888044466640701,0.0,0.010575601136763008,1.0575601136763007,0.0
6,false_positive_0p020,eq_fpr,0.9999903715782996,0.9999133442046967,0.037746934285584594,1.8873467142792297,0.0
6,false_positive_0p020,greedy,0.0925925925925926,0.0,3.1702553957746837e-6,0.00015851276978873417,0.0
6,false_positive_0p020,fabrid_macro,0.6666315359120492,0.0,0.017388971834249162,0.8694485917124581,0.0
6,false_positive_0p020,fabrid_cvar,0.7777435807778826,0.0,0.02239706726251924,1.119853363125962,0.0
6,false_positive_0p020,fabrid_macro_finite_safe,0.5369969088319667,0.0,0.00910847634578328,0.455423817289164,0.0
6,false_positive_0p020,fabrid_cvar_finite_safe,0.7592369665199123,0.0,0.017411836247179582,0.8705918123589791,0.0
6,false_positive_0p020,fabrid_macro_no_rate_minimization,0.7777428472371593,0.0,0.03669385241782259,1.8346926208911294,0.0
6,false_positive_0p020,common_rate_macro,0.9999903715782996,0.9999133442046967,0.037446855597908744,1.8723427798954373,0.0
6,false_positive_0p020,pooled_shared,0.999938748121861,0.9997852961782719,0.016702162229392022,0.8351081114696011,0.0
6,false_positive_0p020,eq_fpr_matched_macro,0.9999242767391918,0.9998154300479882,0.013759867889297275,0.6879933944648637,0.0
6,false_positive_0p020,eq_fpr_matched_cvar,0.9999648481632227,0.9998857719061912,0.018473341282997314,0.9236670641498657,0.0
7,false_positive_0p001,eq_fpr,0.3333558002341282,0.0,0.0009462380996340749,0.9462380996340749,0.0
7,false_positive_0p001,greedy,0.0,0.0,0.0,0.0,0.0
7,false_positive_0p001,fabrid_macro,0.3333558002341282,0.0,0.0009462380996340749,0.9462380996340749,0.0
7,false_positive_0p001,fabrid_cvar,0.3333558002341282,0.0,0.0009462380996340749,0.9462380996340749,0.0
7,false_positive_0p001,fabrid_macro_finite_safe,0.2592625722207347,0.0,0.00033679663474321843,0.3367966347432184,0.0
7,false_positive_0p001,fabrid_cvar_finite_safe,0.2592625722207347,0.0,0.00033679663474321843,0.3367966347432184,0.0
7,false_positive_0p001,fabrid_macro_no_rate_minimization,0.3333558002341282,0.0,0.0009462380996340749,0.9462380996340749,0.0
7,false_positive_0p001,common_rate_macro,0.3333558002341282,0.0,0.0009462380996340749,0.9462380996340749,0.0
7,false_positive_0p001,pooled_shared,0.8888219500231505,0.6666666666666666,0.002288526490537361,2.288526490537361,0.0
7,false_positive_0p001,eq_fpr_matched_macro,0.3333558002341282,0.0,0.0009462380996340749,0.9462380996340749,0.0
7,false_positive_0p001,eq_fpr_matched_cvar,0.3333558002341282,0.0,0.0009462380996340749,0.9462380996340749,0.0
7,false_positive_0p0025,eq_fpr,0.46296726715918674,0.0,0.0023671966056006866,0.9468786422402746,0.0
7,false_positive_0p0025,greedy,0.0,0.0,0.0,0.0,0.0
7,false_positive_0p0025,fabrid_macro,0.3703580929161207,0.0,0.001827170182612194,0.7308680730448776,0.0
7,false_positive_0p0025,fabrid_cvar,0.3703580929161207,0.0,0.001827170182612194,0.7308680730448776,0.0
7,false_positive_0p0025,fabrid_macro_finite_safe,0.3333558002341282,0.0,0.0009335570780509762,0.37342283122039044,0.0
7,false_positive_0p0025,fabrid_cvar_finite_safe,0.3333558002341282,0.0,0.0009335570780509762,0.37342283122039044,0.0
7,false_positive_0p0025,fabrid_macro_no_rate_minimization,0.4073597154129249,0.0,0.002051952118888456,0.8207808475553824,0.0
7,false_positive_0p0025,common_rate_macro,0.46296726715918674,0.0,0.0023671966056006866,0.9468786422402746,0.0
7,false_positive_0p0025,pooled_shared,0.9258600596974446,0.6666666666666666,0.0033097467265135105,1.3238986906054042,0.0
7,false_positive_0p0025,eq_fpr_matched_macro,0.5740660152080708,0.0,0.0030436524884954195,1.2174609953981677,0.0
7,false_positive_0p0025,eq_fpr_matched_cvar,0.5740660152080708,0.0,0.0030436524884954195,1.2174609953981677,0.0
7,false_positive_0p005,eq_fpr,0.8517652688488937,0.0,0.006623120611885247,1.3246241223770494,0.0
7,false_positive_0p005,greedy,0.0,0.0,0.0,0.0,0.0
7,false_positive_0p005,fabrid_macro,0.44437750025542105,0.0,0.003585988552253748,0.7171977104507495,0.0
7,false_positive_0p005,fabrid_cvar,0.4258978292210856,0.0,0.005560258562003741,1.112051712400748,0.0
7,false_positive_0p005,fabrid_macro_finite_safe,0.3888664074231427,0.0,0.0019275753076456502,0.38551506152913,0.0
7,false_positive_0p005,fabrid_cvar_finite_safe,0.4073803321631097,0.0,0.004199512953005051,0.8399025906010101,0.0
7,false_positive_0p005,fabrid_macro_no_rate_minimization,0.5554859823056284,0.0,0.005947746892418611,1.189549378483722,0.0
7,false_positive_0p005,common_rate_macro,0.7406857421254109,0.0,0.006549585943146523,1.3099171886293046,0.0
7,false_positive_0p005,pooled_shared,0.9628777057972595,0.6668390521205415,0.0052528237415456,1.05056474830912,0.0
7,false_positive_0p005,eq_fpr_matched_macro,0.6295820349507647,0.0,0.006000482910997862,1.2000965821995724,0.0
7,false_positive_0p005,eq_fpr_matched_cvar,0.7406777884401323,0.0,0.00604091656340334,1.208183312680668,0.0
7,false_positive_0p010,eq_fpr,0.9999466801456395,0.9998681643199916,0.016452457314752676,1.6452457314752675,0.0
7,false_positive_0p010,greedy,0.0,0.0,0.0,0.0,0.0
7,false_positive_0p010,fabrid_macro,0.5554996070591,0.0,0.006554256516125644,0.6554256516125644,0.0
7,false_positive_0p010,fabrid_cvar,0.5555232273641147,0.0,0.013176597947060885,1.3176597947060884,0.0
7,false_positive_0p010,fabrid_macro_finite_safe,0.42588489236630345,0.0,0.004584396547913938,0.4584396547913938,0.0
7,false_positive_0p010,fabrid_cvar_finite_safe,0.5370005881335022,0.0,0.01022632374130073,1.022632374130073,0.0
7,false_positive_0p010,fabrid_macro_no_rate_minimization,0.7777197954271154,0.0,0.013489780042434195,1.3489780042434194,0.0
7,false_positive_0p010,common_rate_macro,0.9999466801456395,0.9998681643199916,0.016452457314752676,1.6452457314752675,0.0
7,false_positive_0p010,pooled_shared,0.9998975879024816,0.9996911278354088,0.00952866695843281,0.952866695843281,0.0
7,false_positive_0p010,eq_fpr_matched_macro,0.8517677299076382,0.0,0.006760481176711759,0.6760481176711759,0.0
7,false_positive_0p010,eq_fpr_matched_cvar,0.8888104736556335,0.0,0.011860501066163168,1.1860501066163167,0.0
7,false_positive_0p020,eq_fpr,0.9999905904060655,0.99991531365459,0.03757526272130653,1.8787631360653263,0.0
7,false_positive_0p020,greedy,0.0,0.0,0.0,0.0,0.0
7,false_positive_0p020,fabrid_macro,0.666613989817679,0.0,0.012692706513687169,0.6346353256843584,0.0
7,false_positive_0p020,fabrid_cvar,0.7777364618987943,0.0,0.020424347042295336,1.0212173521147667,0.0
7,false_positive_0p020,fabrid_macro_finite_safe,0.5370077284514105,0.0,0.009344108485305591,0.46720542426527956,0.0
7,false_positive_0p020,fabrid_cvar_finite_safe,0.7592314216997903,0.0,0.01762666196765488,0.8813330983827441,0.0
7,false_positive_0p020,fabrid_macro_no_rate_minimization,0.7777401929410716,0.0,0.034064828876613926,1.7032414438306962,0.0
7,false_positive_0p020,common_rate_macro,0.9999905904060655,0.99991531365459,0.03715184689837018,1.857592344918509,0.0
7,false_positive_0p020,pooled_shared,0.9999372091146136,0.9997815294445574,0.017944623206916355,0.8972311603458177,0.0
7,false_positive_0p020,eq_fpr_matched_macro,0.9999268538390549,0.999856864118848,0.014427592993527806,0.7213796496763903,0.0
7,false_positive_0p020,eq_fpr_matched_cvar,0.9999653569181652,0.9998838024562979,0.0185766414354049,0.9288320717702451,0.0
8,false_positive_0p001,eq_fpr,0.44446846340866436,0.0,0.0019722119557932234,1.9722119557932234,0.0
8,false_positive_0p001,greedy,0.0925925925925926,0.0,3.1702553957746837e-6,0.0031702553957746837,0.0
8,false_positive_0p001,fabrid_macro,0.44446846340866436,0.0,0.0019722119557932234,1.9722119557932234,0.0
8,false_positive_0p001,fabrid_cvar,0.44446846340866436,0.0,0.0019722119557932234,1.9722119557932234,0.0
8,false_positive_0p001,fabrid_macro_finite_safe,0.2592632334032612,0.0,0.00035880390796138385,0.35880390796138384,0.0
8,false_positive_0p001,fabrid_cvar_finite_safe,0.2592632334032612,0.0,0.00035880390796138385,0.35880390796138384,0.0
8,false_positive_0p001,fabrid_macro_no_rate_minimization,0.44446846340866436,0.0,0.0019722119557932234,1.9722119557932234,0.0
8,false_positive_0p001,common_rate_macro,0.44446846340866436,0.0,0.0019722119557932234,1.9722119557932234,0.0
8,false_positive_0p001,pooled_shared,0.8888264080003796,0.6666666666666666,0.0022398256628906412,2.2398256628906412,0.0
8,false_positive_0p001,eq_fpr_matched_macro,0.33335735229755326,0.0,0.0009555643512691417,0.9555643512691416,0.0
8,false_positive_0p001,eq_fpr_matched_cvar,0.33335735229755326,0.0,0.0009555643512691417,0.9555643512691416,0.0
8,false_positive_0p0025,eq_fpr,0.46296903805037765,0.0,0.0022099811104763245,0.8839924441905298,0.0
8,false_positive_0p0025,greedy,0.0925925925925926,0.0,3.1702553957746837e-6,0.0012681021583098734,0.0
8,false_positive_0p0025,fabrid_macro,0.48147075609065687,0.0,0.0031799414243922574,1.271976569756903,0.0
8,false_positive_0p0025,fabrid_cvar,0.4999711119046042,0.0,0.003395518791304936,1.3582075165219742,0.0
8,false_positive_0p0025,fabrid_macro_finite_safe,0.33335735229755326,0.0,0.0009555643512691417,0.3822257405076567,0.0
8,false_positive_0p0025,fabrid_cvar_finite_safe,0.3518572704559688,0.0,0.001091885333287453,0.43675413331498125,0.0
8,false_positive_0p0025,fabrid_macro_no_rate_minimization,0.5184741433072746,0.0,0.003604814859423509,1.4419259437694036,0.0
8,false_positive_0p0025,common_rate_macro,0.46296903805037765,0.0,0.0022099811104763245,0.8839924441905298,0.0
8,false_positive_0p0025,pooled_shared,0.9258638526256333,0.6666666666666666,0.0032021424234613288,1.2808569693845315,0.0
8,false_positive_0p0025,eq_fpr_matched_macro,0.5740680049270276,0.0,0.002605316665825919,1.0421266663303677,0.0
8,false_positive_0p0025,eq_fpr_matched_cvar,0.5925688292551239,0.0,0.0028755321353002455,1.1502128541200982,0.0
8,false_positive_0p005,eq_fpr,0.851771265922814,0.0,0.008103217225776406,1.6206434451552811,0.0
8,false_positive_0p005,greedy,0.0925925925925926,0.0,3.1702553957746837e-6,0.0006340510791549367,0.0
8,false_positive_0p005,fabrid_macro,0.5554919281497708,0.0,0.00504297401570347,1.008594803140694,0.0
8,false_positive_0p005,fabrid_cvar,0.5370086108086288,0.0,0.006667748039431847,1.3335496078863693,0.0
8,false_positive_0p005,fabrid_macro_finite_safe,0.3888681783143336,0.0,0.00205622899972022,0.411245799944044,0.0
8,false_positive_0p005,fabrid_cvar_finite_safe,0.42588028549496365,0.0,0.004592331467163768,0.9184662934327535,0.0
8,false_positive_0p005,fabrid_macro_no_rate_minimization,0.7777032972398775,0.0,0.006853842189837342,1.3707684379674683,0.0
8,false_positive_0p005,common_rate_macro,0.851771265922814,0.0,0.008103217225776406,1.6206434451552811,0.0
8,false_positive_0p005,pooled_shared,0.9628819408403559,0.6668470700486288,0.0048127946545287814,0.9625589309057563,0.0
8,false_positive_0p005,eq_fpr_matched_macro,0.6295844646748678,0.0,0.007590284277149771,1.5180568554299543,0.0
8,false_positive_0p005,eq_fpr_matched_cvar,0.7406802144377281,0.0,0.007637759651990445,1.527551930398089,0.0
8,false_positive_0p010,eq_fpr,0.9999524344507158,0.9998719310537062,0.017511173241134555,1.7511173241134554,0.0
8,false_positive_0p010,greedy,0.0925925925925926,0.0,3.1702553957746837e-6,0.00031702553957746834,0.0
8,false_positive_0p010,fabrid_macro,0.6666173750866836,0.0,0.007274208509254622,0.7274208509254622,0.0
8,false_positive_0p010,fabrid_cvar,0.777739582128163,0.0,0.013205124309724715,1.3205124309724714,0.0
8,false_positive_0p010,fabrid_macro_finite_safe,0.4258824737726228,0.0,0.0049474000714905325,0.49474000714905325,0.0
8,false_positive_0p010,fabrid_cvar_finite_safe,0.6480954206026781,0.0,0.009569671542685093,0.9569671542685093,0.0
8,false_positive_0p010,fabrid_macro_no_rate_minimization,0.8888465918912638,0.0,0.018251747102774073,1.8251747102774072,0.0
8,false_positive_0p010,common_rate_macro,0.9999524344507158,0.9998719310537062,0.017511173241134555,1.7511173241134554,0.0
8,false_positive_0p010,pooled_shared,0.9999013436313611,0.9996948945691234,0.008500347559637085,0.8500347559637085,0.0
8,false_positive_0p010,eq_fpr_matched_macro,0.8887870603344785,0.0,0.009739699347506242,0.9739699347506242,0.0
8,false_positive_0p010,eq_fpr_matched_cvar,0.8888028264485442,0.0,0.011727317919439914,1.1727317919439915,0.0
8,false_positive_0p020,eq_fpr,0.9999903715782996,0.9999133442046967,0.03818104902840595,1.9090524514202976,0.0
8,false_positive_0p020,greedy,0.0925925925925926,0.0,3.1702553957746837e-6,0.00015851276978873417,0.0
8,false_positive_0p020,fabrid_macro,0.8888446065718072,0.0,0.015249867172745277,0.7624933586372639,0.0
8,false_positive_0p020,fabrid_cvar,0.8888522356344992,0.0,0.020893715027354928,1.0446857513677463,0.0
8,false_positive_0p020,fabrid_macro_finite_safe,0.7777148688116075,0.0,0.011699688547150464,0.5849844273575232,0.0
8,false_positive_0p020,fabrid_cvar_finite_safe,0.7592349729863026,0.0,0.016805028798155555,0.8402514399077777,0.0
8,false_positive_0p020,fabrid_macro_no_rate_minimization,0.8888546263429928,0.0,0.035395633525963796,1.7697816762981897,0.0
8,false_positive_0p020,common_rate_macro,0.9999903715782996,0.9999133442046967,0.03797481307551859,1.8987406537759293,0.0
8,false_positive_0p020,pooled_shared,0.9999378489900627,0.9997852961782719,0.018211764669392578,0.9105882334696289,0.0
8,false_positive_0p020,eq_fpr_matched_macro,0.9999272881394781,0.9998267302491318,0.01582047360687589,0.7910236803437946,0.0
8,false_positive_0p020,eq_fpr_matched_cvar,0.9999661009577553,0.9998897108059777,0.01988044816508475,0.9940224082542375,0.0
9,false_positive_0p001,eq_fpr,0.44446223429121745,0.0,0.002190979618369168,2.190979618369168,0.0
9,false_positive_0p001,greedy,0.0925925925925926,0.0,0.00001585127697887342,0.015851276978873417,0.0
9,false_positive_0p001,fabrid_macro,0.44446223429121745,0.0,0.002190979618369168,2.190979618369168,0.0
9,false_positive_0p001,fabrid_cvar,0.44446223429121745,0.0,0.002190979618369168,2.190979618369168,0.0
9,false_positive_0p001,fabrid_macro_finite_safe,0.25926324045210425,0.0,0.00036576998626147803,0.365769986261478,0.0
9,false_positive_0p001,fabrid_cvar_finite_safe,0.25926324045210425,0.0,0.00036576998626147803,0.365769986261478,0.0
9,false_positive_0p001,fabrid_macro_no_rate_minimization,0.44446223429121745,0.0,0.002190979618369168,2.190979618369168,0.0
9,false_positive_0p001,common_rate_macro,0.44446223429121745,0.0,0.002190979618369168,2.190979618369168,0.0
9,false_positive_0p001,pooled_shared,0.8888201485922553,0.6666666666666666,0.002373247124247701,2.3732471242477007,0.0
9,false_positive_0p001,eq_fpr_matched_macro,0.3333511231801063,0.0,0.0009625304295692358,0.9625304295692358,0.0
9,false_positive_0p001,eq_fpr_matched_cvar,0.3333511231801063,0.0,0.0009625304295692358,0.9625304295692358,0.0
9,false_positive_0p0025,eq_fpr,0.4629632465884625,0.0,0.0024128974960733957,0.9651589984293583,0.0
9,false_positive_0p0025,greedy,0.0925925925925926,0.0,0.00001585127697887342,0.0063405107915493674,0.0
9,false_positive_0p0025,fabrid_macro,0.4999682274829857,0.0,0.0031083120711012276,1.243324828440491,0.0
9,false_positive_0p0025,fabrid_cvar,0.4999688839662835,0.0,0.0032890166286603842,1.3156066514641536,0.0
9,false_positive_0p0025,fabrid_macro_finite_safe,0.3333511231801063,0.0,0.0009625304295692358,0.3850121718276943,0.0
9,false_positive_0p0025,fabrid_cvar_finite_safe,0.3518516978218196,0.0,0.0010830001346086738,0.4332000538434695,0.0
9,false_positive_0p0025,fabrid_macro_no_rate_minimization,0.518471025960204,0.0,0.0034454553695168985,1.3781821478067593,0.0
9,false_positive_0p0025,common_rate_macro,0.4629632465884625,0.0,0.0024128974960733957,0.9651589984293583,0.0
9,false_positive_0p0025,pooled_shared,0.9258562159433025,0.6666666666666666,0.003385677955199609,1.3542711820798436,0.0
9,false_positive_0p0025,eq_fpr_matched_macro,0.5740626570758279,0.0,0.0040048174961872865,1.6019269984749145,0.0
9,false_positive_0p0025,eq_fpr_matched_cvar,0.5740626570758279,0.0,0.0040048174961872865,1.6019269984749145,0.0
9,false_positive_0p005,eq_fpr,0.8517587754713535,0.0,0.0072954752864565426,1.4590950572913084,0.0
9,false_positive_0p005,greedy,0.0925925925925926,0.0,0.00001585127697887342,0.0031702553957746837,0.0
9,false_positive_0p005,fabrid_macro,0.5554888108027001,0.0,0.0048410024026478244,0.9682004805295649,0.0
9,false_positive_0p005,fabrid_cvar,0.5369973438097275,0.0,0.006606237888746829,1.3212475777493657,0.0
9,false_positive_0p005,fabrid_macro_finite_safe,0.3888623868524185,0.0,0.0019961066379009856,0.3992213275801971,0.0
9,false_positive_0p005,fabrid_cvar_finite_safe,0.42587403378384603,0.0,0.003743762221873705,0.748752444374741,0.0
9,false_positive_0p005,fabrid_macro_no_rate_minimization,0.6481157005152997,0.0,0.0066483634438016925,1.3296726887603385,0.0
9,false_positive_0p005,common_rate_macro,0.7406825986468148,0.0,0.007178993326638336,1.435798665327667,0.0
9,false_positive_0p005,pooled_shared,0.9998718645281071,0.9996722941668361,0.00510920826393704,1.0218416527874081,0.0
9,false_positive_0p005,eq_fpr_matched_macro,0.6295784449867293,0.0,0.006628929732481154,1.325785946496231,0.0
9,false_positive_0p005,eq_fpr_matched_cvar,0.7406741984760968,0.0,0.006671467019817575,1.334293403963515,0.0
9,false_positive_0p010,eq_fpr,0.9999455620942336,0.9998681643199916,0.016337560525692452,1.6337560525692452,0.0
9,false_positive_0p010,greedy,0.0925925925925926,0.0,0.00001585127697887342,0.0015851276978873419,0.0
9,false_positive_0p010,fabrid_macro,0.5555129516887802,0.0,0.007331447683879801,0.7331447683879802,0.0
9,false_positive_0p010,fabrid_cvar,0.6666384923810154,0.0,0.014658043949183195,1.4658043949183195,0.0
9,false_positive_0p010,fabrid_macro_finite_safe,0.4258842505731568,0.0,0.0046672409011128445,0.46672409011128446,0.0
9,false_positive_0p010,fabrid_cvar_finite_safe,0.5370051683501772,0.0,0.010970827857265034,1.0970827857265033,0.0
9,false_positive_0p010,fabrid_macro_no_rate_minimization,0.777733692982903,0.0,0.013018157261398529,1.3018157261398529,0.0
9,false_positive_0p010,common_rate_macro,0.9999455620942336,0.9998681643199916,0.016337560525692452,1.6337560525692452,0.0
9,false_positive_0p010,pooled_shared,0.9998961084735171,0.9996948945691234,0.008248583085306009,0.8248583085306009,0.0
9,false_positive_0p010,eq_fpr_matched_macro,0.851759443134173,0.0,0.007349104653898154,0.7349104653898154,0.0
9,false_positive_0p010,eq_fpr_matched_cvar,0.8888190325668239,0.0,0.012172364544511859,1.2172364544511858,0.0
9,false_positive_0p020,eq_fpr,0.9999901480513049,0.99991531365459,0.0375814733344637,1.8790736667231849,0.0
9,false_positive_0p020,greedy,0.0925925925925926,0.0,0.00001585127697887342,0.0007925638489436709,0.0
9,false_positive_0p020,fabrid_macro,0.6666328492264246,0.0,0.012404918848704075,0.6202459424352037,0.0
9,false_positive_0p020,fabrid_cvar,0.8888520140936165,0.0,0.0204809573799161,1.024047868995805,0.0
9,false_positive_0p020,fabrid_macro_finite_safe,0.5370062281472632,0.0,0.008959353832026364,0.4479676916013182,0.0
9,false_positive_0p020,fabrid_cvar_finite_safe,0.7592347332081401,0.0,0.015898033424812344,0.7949016712406172,0.0
9,false_positive_0p020,fabrid_macro_no_rate_minimization,0.8888510531120255,0.0,0.035095066301783974,1.7547533150891987,0.0
9,false_positive_0p020,common_rate_macro,0.9999901480513049,0.99991531365459,0.0375814733344637,1.8790736667231849,0.0
9,false_positive_0p020,pooled_shared,0.9999376242071131,0.9997852961782719,0.016100405045355932,0.8050202522677966,0.0
9,false_positive_0p020,eq_fpr_matched_macro,0.9999235252406413,0.9998267302491318,0.013837024845987889,0.6918512422993944,0.0
9,false_positive_0p020,eq_fpr_matched_cvar,0.9999619359776458,0.9998956191556574,0.017789499194451414,0.8894749597225706,0.0
0,false_positive_0p001,eq_fpr,0.44975500136318936,0.0,0.002250838639308731,2.250838639308731,0.0
0,false_positive_0p001,greedy,0.0,0.0,0.0,0.0,0.0
0,false_positive_0p001,fabrid_macro,0.449754779394012,0.0,0.0022226421435692215,2.2226421435692214,0.0
0,false_positive_0p001,fabrid_cvar,0.449754779394012,0.0,0.0022226421435692215,2.2226421435692214,0.0
0,false_positive_0p001,fabrid_macro_finite_safe,0.16931452674381184,0.0,0.0002197737759245735,0.21977377592457348,0.0
0,false_positive_0p001,fabrid_cvar_finite_safe,0.16931452674381184,0.0,0.0002197737759245735,0.21977377592457348,0.0
0,false_positive_0p001,fabrid_macro_no_rate_minimization,0.449754779394012,0.0,0.0022226421435692215,2.2226421435692214,0.0
0,false_positive_0p001,common_rate_macro,0.44975500136318936,0.0,0.002250838639308731,2.250838639308731,0.0
0,false_positive_0p001,pooled_shared,0.8941620326220066,0.6666666666666666,0.0024378175107664327,2.4378175107664326,0.0
0,false_positive_0p001,eq_fpr_matched_macro,0.33864389025207825,0.0,0.0009281580506111349,0.9281580506111349,0.0
0,false_positive_0p001,eq_fpr_matched_cvar,0.33864389025207825,0.0,0.0009281580506111349,0.9281580506111349,0.0
0,false_positive_0p0025,eq_fpr,0.4656138726463501,0.0,0.002422032430680564,0.9688129722722255,0.0
0,false_positive_0p0025,greedy,0.0,0.0,0.0,0.0,0.0
0,false_positive_0p0025,fabrid_macro,0.5026344457669132,0.0,0.003094563607256671,1.2378254429026683,0.0
0,false_positive_0p0025,fabrid_cvar,0.5026349511427638,0.0,0.0031938785389917963,1.2775514155967185,0.0
0,false_positive_0p0025,fabrid_macro_finite_safe,0.33864389025207825,0.0,0.000937668816798459,0.3750675267193836,0.0
0,false_positive_0p0025,fabrid_cvar_finite_safe,0.354502332911304,0.0,0.0010327764786716995,0.4131105914686798,0.0
0,false_positive_0p0025,fabrid_macro_no_rate_minimization,0.5184946488651381,0.0,0.003278468026210325,1.31138721048413,0.0
0,false_positive_0p0025,common_rate_macro,0.4656138726463501,0.0,0.002383989365931268,0.9535957463725071,0.0
0,false_positive_0p0025,pooled_shared,0.9258962892559652,0.6666666666666666,0.0033176666873378155,1.327066674935126,0.0
0,false_positive_0p0025,eq_fpr_matched_macro,0.5925783039918714,0.0,0.00324302494664512,1.297209978658048,0.0
0,false_positive_0p0025,eq_fpr_matched_cvar,0.5925783039918714,0.0,0.00324302494664512,1.297209978658048,0.0
0,false_positive_0p005,eq_fpr,0.851796453999529,0.0,0.00707716925476797,1.415433850953594,0.0
0,false_positive_0p005,greedy,0.0,0.0,0.0,0.0,0.0
0,false_positive_0p005,fabrid_macro,0.518497465549555,0.0,0.003935076301956869,0.7870152603913738,0.0
0,false_positive_0p005,fabrid_cvar,0.6666238411026942,0.0,0.00755848172059893,1.511696344119786,0.0
0,false_positive_0p005,fabrid_macro_finite_safe,0.3703637298149986,0.0,0.0016869453166648387,0.33738906333296775,0.0
0,false_positive_0p005,fabrid_cvar_finite_safe,0.42853658099850517,0.0,0.003982531260958769,0.7965062521917537,0.0
0,false_positive_0p005,fabrid_macro_no_rate_minimization,0.6296070947711023,0.0,0.0054581313216213985,1.0916262643242798,0.0
0,false_positive_0p005,common_rate_macro,0.851796453999529,0.0,0.00707716925476797,1.415433850953594,0.0
0,false_positive_0p005,pooled_shared,0.9629084668679666,0.6667774645344232,0.004833119309320318,0.9666238618640636,0.0
0,false_positive_0p005,eq_fpr_matched_macro,0.6295892053345187,0.0,0.0065797545922585896,1.315950918451718,0.0
0,false_positive_0p005,eq_fpr_matched_cvar,0.8517973713938137,0.0,0.007380390274300825,1.4760780548601649,0.0
0,false_positive_0p010,eq_fpr,0.9999660076456132,0.9998679057955266,0.016872555189542938,1.6872555189542937,0.0
0,false_positive_0p010,greedy,0.0,0.0,0.0,0.0,0.0
0,false_positive_0p010,fabrid_macro,0.6666491087202037,0.0,0.010065749989738387,1.0065749989738386,0.0
0,false_positive_0p010,fabrid_cvar,0.7777461958282942,0.0,0.02353749075127961,2.353749075127961,0.0
0,false_positive_0p010,fabrid_macro_finite_safe,0.5555255427364638,0.0,0.00814318868268032,0.8143188682680319,0.0
0,false_positive_0p010,fabrid_cvar_finite_safe,0.6507715107946429,0.0,0.017376884856564457,1.7376884856564456,0.0
0,false_positive_0p010,fabrid_macro_no_rate_minimization,0.7777632748788624,0.0,0.025054308110186885,2.5054308110186883,0.0
0,false_positive_0p010,common_rate_macro,0.9999660076456132,0.9998679057955266,0.016872555189542938,1.6872555189542937,0.0
0,false_positive_0p010,pooled_shared,0.999932792101907,0.9997102449708327,0.008551458990454336,0.8551458990454336,0.0
0,false_positive_0p010,eq_fpr_matched_macro,0.9999540095080174,0.9997741615213843,0.012747055783974226,1.2747055783974226,0.0
0,false_positive_0p010,eq_fpr_matched_cvar,0.9999563767876675,0.9997954670382349,0.013670351147595286,1.3670351147595285,0.0
0,false_positive_0p020,eq_fpr,0.9999922847691699,0.9999305629225294,0.037857938090158784,1.8928969045079391,0.0
0,false_positive_0p020,greedy,0.0,0.0,0.0,0.0,0.0
0,false_positive_0p020,fabrid_macro,0.7777604341432823,0.0,0.025189197750598493,1.2594598875299245,0.0
0,false_positive_0p020,fabrid_cvar,0.888873767515595,0.0,0.03697870273942765,1.8489351369713827,0.0
0,false_positive_0p020,fabrid_macro_finite_safe,0.66663708247151,0.0,0.022927125452605127,1.1463562726302563,0.0
0,false_positive_0p020,fabrid_cvar_finite_safe,0.7777624420925164,0.0,0.03381301619524293,1.6906508097621464,0.0
0,false_positive_0p020,fabrid_macro_no_rate_minimization,0.888874600301941,0.0,0.03912473298043849,1.9562366490219245,0.0
0,false_positive_0p020,common_rate_macro,0.9999922847691699,0.9999305629225294,0.037857938090158784,1.8928969045079391,0.0
0,false_positive_0p020,pooled_shared,0.9999575136168546,0.9997613782112741,0.01652012803326034,0.826006401663017,0.0
0,false_positive_0p020,eq_fpr_matched_macro,0.9999710515850541,0.9998977335191174,0.018411587044977418,0.9205793522488709,0.0
0,false_positive_0p020,eq_fpr_matched_cvar,0.9999896719464088,0.9999247764994069,0.02724795497152889,1.3623977485764445,0.0
1,false_positive_0p001,eq_fpr,0.44977081993774093,0.0,0.002161741376053384,2.161741376053384,0.0
1,false_positive_0p001,greedy,0.09523809523809523,0.0,0.00003487280935352152,0.03487280935352152,0.0
1,false_positive_0p001,fabrid_macro,0.4497699320610315,0.0,0.0020771518888348557,2.0771518888348557,0.0
1,false_positive_0p001,fabrid_cvar,0.4497699320610315,0.0,0.0020771518888348557,2.0771518888348557,0.0
1,false_positive_0p001,fabrid_macro_finite_safe,0.1693132408720068,0.0,0.0002379095821033168,0.23790958210331678,0.0
1,false_positive_0p001,fabrid_cvar_finite_safe,0.1693132408720068,0.0,0.0002379095821033168,0.23790958210331678,0.0
1,false_positive_0p001,fabrid_macro_no_rate_minimization,0.4497699320610315,0.0,0.0020771518888348557,2.0771518888348557,0.0
1,false_positive_0p001,common_rate_macro,0.44977081993774093,0.0,0.002161741376053384,2.161741376053384,0.0
1,false_positive_0p001,pooled_shared,0.8941590678794523,0.6666666666666666,0.002327716551996756,2.327716551996756,0.0
1,false_positive_0p001,eq_fpr_matched_macro,0.2645549259029891,0.0,0.0003503597622388921,0.3503597622388921,0.0
1,false_positive_0p001,eq_fpr_matched_cvar,0.2645549259029891,0.0,0.0003503597622388921,0.3503597622388921,0.0
1,false_positive_0p0025,eq_fpr,0.4656309770927067,0.0,0.0023202541458421182,0.9281016583368473,0.0
1,false_positive_0p0025,greedy,0.09523809523809523,0.0,0.00003487280935352152,0.013949123741408607,0.0
1,false_positive_0p0025,fabrid_macro,0.48677639585183474,0.0,0.003056882041015021,1.2227528164060084,0.0
1,false_positive_0p0025,fabrid_cvar,0.48677639585183474,0.0,0.003056882041015021,1.2227528164060084,0.0
1,false_positive_0p0025,fabrid_macro_finite_safe,0.3386597088266298,0.0,0.0009756525041086221,0.3902610016434488,0.0
1,false_positive_0p0025,fabrid_cvar_finite_safe,0.3386597088266298,0.0,0.0009756525041086221,0.3902610016434488,0.0
1,false_positive_0p0025,fabrid_macro_no_rate_minimization,0.5026365530068005,0.0,0.003205884044616431,1.2823536178465724,0.0
1,false_positive_0p0025,common_rate_macro,0.4656309770927067,0.0,0.0023202541458421182,0.9281016583368473,0.0
1,false_positive_0p0025,pooled_shared,0.9259112459182093,0.6666666666666666,0.0033465891384612868,1.3386356553845147,0.0
1,false_positive_0p0025,eq_fpr_matched_macro,0.5767362212976196,0.0,0.002601718607613526,1.0406874430454105,0.0
1,false_positive_0p0025,eq_fpr_matched_cvar,0.5767362212976196,0.0,0.002601718607613526,1.0406874430454105,0.0
1,false_positive_0p005,eq_fpr,0.8518141908070183,0.0,0.007098076966236401,1.4196153932472801,0.0
1,false_positive_0p005,greedy,0.09523809523809523,0.0,0.00003487280935352152,0.006974561870704304,0.0
1,false_positive_0p005,fabrid_macro,0.502638481814508,0.0,0.003906510487082637,0.7813020974165273,0.0
1,false_positive_0p005,fabrid_cvar,0.5396534555762911,0.0,0.007049496457797928,1.4098992915595856,0.0
1,false_positive_0p005,fabrid_macro_finite_safe,0.3545215804773356,0.0,0.0017523650760734196,0.3504730152146839,0.0
1,false_positive_0p005,fabrid_cvar_finite_safe,0.4285380833618098,0.0,0.004610613157540155,0.922122631508031,0.0
1,false_positive_0p005,fabrid_macro_no_rate_minimization,0.5555310363660653,0.0,0.005798730832188436,1.1597461664376874,0.0
1,false_positive_0p005,common_rate_macro,0.8518141908070183,0.0,0.007098076966236401,1.4196153932472801,0.0
1,false_positive_0p005,pooled_shared,0.9999328177786779,0.9996974616607224,0.00492464167653554,0.984928335307108,0.0
1,false_positive_0p005,eq_fpr_matched_macro,0.6296060878116978,0.0,0.005668968949580052,1.1337937899160102,0.0
1,false_positive_0p005,eq_fpr_matched_cvar,0.7407176033460215,0.0,0.007003156411080873,1.4006312822161746,0.0
1,false_positive_0p010,eq_fpr,0.9999677320105533,0.9998679057955266,0.01675347658469139,1.675347658469139,0.0
1,false_positive_0p010,greedy,0.09523809523809523,0.0,0.00003487280935352152,0.003487280935352152,0.0
1,false_positive_0p010,fabrid_macro,0.666643756998423,0.0,0.02230144548373918,2.230144548373918,0.0
1,false_positive_0p010,fabrid_cvar,0.7618880121142176,0.0,0.023399655994763752,2.339965599476375,0.0
1,false_positive_0p010,fabrid_macro_finite_safe,0.5396624512389613,0.0,0.018640361327361746,1.8640361327361745,0.0
1,false_positive_0p010,fabrid_cvar_finite_safe,0.650771005219979,0.0,0.018681315532349058,1.8681315532349057,0.0
1,false_positive_0p010,fabrid_macro_no_rate_minimization,0.7777591252998477,0.0,0.024309615970586097,2.4309615970586096,0.0
1,false_positive_0p010,common_rate_macro,0.9999677320105533,0.9998679057955266,0.01675347658469139,1.675347658469139,0.0
1,false_positive_0p010,pooled_shared,0.9999430739172266,0.9997102449708327,0.007913207340204967,0.7913207340204966,0.0
1,false_positive_0p010,eq_fpr_matched_macro,0.9999567667992338,0.9997784226247545,0.012741523276522875,1.2741523276522875,0.0
1,false_positive_0p010,eq_fpr_matched_cvar,0.9999583566469963,0.9997869448314947,0.01324941581247909,1.3249415812479088,0.0
1,false_positive_0p020,eq_fpr,0.9999918561452349,0.9999267053071144,0.037355228509662386,1.8677614254831192,0.0
1,false_positive_0p020,greedy,0.09523809523809523,0.0,0.00003487280935352152,0.001743640467676076,0.0
1,false_positive_0p020,fabrid_macro,0.7777595539237827,0.0,0.025092787414923587,1.2546393707461794,0.0
1,false_positive_0p020,fabrid_cvar,0.8888735057704739,0.0,0.03642712955534871,1.8213564777674354,0.0
1,false_positive_0p020,fabrid_macro_finite_safe,0.6666363921024537,0.0,0.02273582905938464,1.136791452969232,0.0
1,false_positive_0p020,fabrid_cvar_finite_safe,0.7777621803473953,0.0,0.03290695464388793,1.6453477321943966,0.0
1,false_positive_0p020,fabrid_macro_no_rate_minimization,0.8888737200824415,0.0,0.03875397535099194,1.937698767549597,0.0
1,false_positive_0p020,common_rate_macro,0.9999918561452349,0.9999267053071144,0.037355228509662386,1.8677614254831192,0.0
1,false_positive_0p020,pooled_shared,0.9999602645751717,0.9997571171079039,0.016469819167635204,0.8234909583817602,0.0
1,false_positive_0p020,eq_fpr_matched_macro,0.9999714824832083,0.9998977335191174,0.018225118445481504,0.9112559222740751,0.0
1,false_positive_0p020,eq_fpr_matched_cvar,0.9999868212589388,0.9999170612685768,0.029837264507231717,1.4918632253615858,0.0
2,false_positive_0p001,eq_fpr,0.4497717941802949,0.0,0.00228133955122741,2.28133955122741,0.0
2,false_positive_0p001,greedy,0.0,0.0,0.0,0.0,0.0
2,false_positive_0p001,fabrid_macro,0.44977112827276283,0.0,0.0022418644571920968,2.2418644571920967,0.0
2,false_positive_0p001,fabrid_cvar,0.44977112827276283,0.0,0.0022418644571920968,2.2418644571920967,0.0
2,false_positive_0p001,fabrid_macro_finite_safe,0.1693121693121693,0.0,0.00023042680671183247,0.23042680671183247,0.0
2,false_positive_0p001,fabrid_cvar_finite_safe,0.1693121693121693,0.0,0.00023042680671183247,0.23042680671183247,0.0
2,false_positive_0p001,fabrid_macro_no_rate_minimization,0.44977112827276283,0.0,0.0022418644571920968,2.2418644571920967,0.0
2,false_positive_0p001,common_rate_macro,0.4497717941802949,0.0,0.00228133955122741,2.28133955122741,0.0
2,false_positive_0p001,pooled_shared,0.8941562276331161,0.6666666666666666,0.0024351607921005384,2.4351607921005383,0.0
2,false_positive_0p001,eq_fpr_matched_macro,0.26455514787216644,0.0,0.0002858123897234635,0.2858123897234635,0.0
2,false_positive_0p001,eq_fpr_matched_cvar,0.26455514787216644,0.0,0.0002858123897234635,0.2858123897234635,0.0
2,false_positive_0p0025,eq_fpr,0.4656310940873907,0.0,0.0024842358965569897,0.9936943586227959,0.0
2,false_positive_0p0025,greedy,0.0,0.0,0.0,0.0,0.0
2,false_positive_0p0025,fabrid_macro,0.4867773700943887,0.0,0.0030912287242879383,1.2364914897151753,0.0
2,false_positive_0p0025,fabrid_cvar,0.4867773700943887,0.0,0.0030912287242879383,1.2364914897151753,0.0
2,false_positive_0p0025,fabrid_macro_finite_safe,0.3386606830691838,0.0,0.0009681697287171377,0.3872678914868551,0.0
2,false_positive_0p0025,fabrid_cvar_finite_safe,0.3386606830691838,0.0,0.0009681697287171377,0.3872678914868551,0.0
2,false_positive_0p0025,fabrid_macro_no_rate_minimization,0.5026362413775494,0.0,0.003284614303430194,1.3138457213720776,0.0
2,false_positive_0p0025,common_rate_macro,0.4656310940873907,0.0,0.0024842358965569897,0.9936943586227959,0.0
2,false_positive_0p0025,pooled_shared,0.9259183017469054,0.6666666666666666,0.003312184380680497,1.3248737522721987,0.0
2,false_positive_0p0025,eq_fpr_matched_macro,0.5767390523187377,0.0,0.003081779528783625,1.23271181151345,0.0
2,false_positive_0p0025,eq_fpr_matched_cvar,0.5767390523187377,0.0,0.003081779528783625,1.23271181151345,0.0
2,false_positive_0p005,eq_fpr,0.8518166728905546,0.0,0.007316577838855186,1.4633155677710372,0.0
2,false_positive_0p005,greedy,0.0,0.0,0.0,0.0,0.0
2,false_positive_0p005,fabrid_macro,0.5185002329964836,0.0,0.003879614909368447,0.7759229818736894,0.0
2,false_positive_0p005,fabrid_cvar,0.5396541510013985,0.0,0.007026689678566123,1.4053379357132245,0.0
2,false_positive_0p005,fabrid_macro_finite_safe,0.35452362627972706,0.0,0.0016117315740593985,0.3223463148118797,0.0
2,false_positive_0p005,fabrid_cvar_finite_safe,0.42853766239508473,0.0,0.004352896852270824,0.8705793704541649,0.0
2,false_positive_0p005,fabrid_macro_no_rate_minimization,0.6137514488775673,0.0,0.005423765490339845,1.084753098067969,0.0
2,false_positive_0p005,common_rate_macro,0.8518166728905546,0.0,0.007316577838855186,1.4633155677710372,0.0
2,false_positive_0p005,pooled_shared,0.9629339379791482,0.6669498167731557,0.004913708749737739,0.9827417499475478,0.0
2,false_positive_0p005,eq_fpr_matched_macro,0.6296085698952342,0.0,0.006805337078201929,1.3610674156403857,0.0
2,false_positive_0p005,eq_fpr_matched_cvar,0.7407184086334994,0.0,0.007132714053948239,1.4265428107896478,0.0
2,false_positive_0p010,eq_fpr,0.999969327907187,0.9998679057955266,0.01725820012089849,1.725820012089849,0.0
2,false_positive_0p010,greedy,0.0,0.0,0.0,0.0,0.0
2,false_positive_0p010,fabrid_macro,0.7407209258959884,0.0,0.02190466238598504,2.190466238598504,0.0
2,false_positive_0p010,fabrid_cvar,0.7618963521277243,0.0,0.023625145364556545,2.3625145364556546,0.0
2,false_positive_0p010,fabrid_macro_finite_safe,0.6137510447151562,0.0,0.014723056002869226,1.4723056002869226,0.0
2,false_positive_0p010,fabrid_cvar_finite_safe,0.650773404618363,0.0,0.016201637778850454,1.6201637778850453,0.0
2,false_positive_0p010,fabrid_macro_no_rate_minimization,0.7777628309405077,0.0,0.022475165422049137,2.2475165422049135,0.0
2,false_positive_0p010,common_rate_macro,0.999969327907187,0.9998679057955266,0.01725820012089849,1.725820012089849,0.0
2,false_positive_0p010,pooled_shared,0.9999462721146151,0.9997102449708327,0.008930584677700734,0.8930584677700734,0.0
2,false_positive_0p010,eq_fpr_matched_macro,0.8888473885417284,0.0,0.013756294294746117,1.3756294294746116,0.0
2,false_positive_0p010,eq_fpr_matched_cvar,0.9999587220262833,0.9997741615213843,0.014328159973113635,1.4328159973113634,0.0
2,false_positive_0p020,eq_fpr,0.9999918561452349,0.9999267053071144,0.03785990645465896,1.8929953227329481,0.0
2,false_positive_0p020,greedy,0.0,0.0,0.0,0.0,0.0
2,false_positive_0p020,fabrid_macro,0.7777599902049276,0.0,0.025293581648299954,1.2646790824149976,0.0
2,false_positive_0p020,fabrid_cvar,0.8888737277396513,0.0,0.03554797312309311,1.7773986561546553,0.0
2,false_positive_0p020,fabrid_macro_finite_safe,0.6666366385331552,0.0,0.022854626256987472,1.1427313128493737,0.0
2,false_positive_0p020,fabrid_cvar_finite_safe,0.7777619981541617,0.0,0.03154123288628187,1.5770616443140935,0.0
2,false_positive_0p020,fabrid_macro_no_rate_minimization,0.8888739420516187,0.0,0.03891408569809727,1.9457042849048634,0.0
2,false_positive_0p020,common_rate_macro,0.9999918561452349,0.9999267053071144,0.03536227564377252,1.768113782188626,0.0
2,false_positive_0p020,pooled_shared,0.9999636183398292,0.9997613782112741,0.018043253886399428,0.9021626943199714,0.0
2,false_positive_0p020,eq_fpr_matched_macro,0.9999732926918095,0.9998977335191174,0.018603180398841002,0.9301590199420501,0.0
2,false_positive_0p020,eq_fpr_matched_cvar,0.9999879157904059,0.9999209188839918,0.027537680317883863,1.376884015894193,0.0
3,false_positive_0p001,eq_fpr,0.3386606950891326,0.0,0.0009462380996340749,0.9462380996340749,0.0
3,false_positive_0p001,greedy,0.09523809523809523,0.0,3.1702553957746837e-6,0.0031702553957746837,0.0
3,false_positive_0p001,fabrid_macro,0.3386606950891326,0.0,0.0009180416038945655,0.9180416038945655,0.0
3,false_positive_0p001,fabrid_cvar,0.3386606950891326,0.0,0.0009180416038945655,0.9180416038945655,0.0
3,false_positive_0p001,fabrid_macro_finite_safe,0.1693121693121693,0.0,0.0002197737759245735,0.21977377592457348,0.0
3,false_positive_0p001,fabrid_cvar_finite_safe,0.1693121693121693,0.0,0.0002197737759245735,0.21977377592457348,0.0
3,false_positive_0p001,fabrid_macro_no_rate_minimization,0.3386606950891326,0.0,0.0009180416038945655,0.9180416038945655,0.0
3,false_positive_0p001,common_rate_macro,0.3386606950891326,0.0,0.0009462380996340749,0.9462380996340749,0.0
3,false_positive_0p001,pooled_shared,0.8941599000753158,0.6666666666666666,0.002373247124247701,2.3732471242477007,0.0
3,false_positive_0p001,eq_fpr_matched_macro,0.3386606950891326,0.0,0.00089551401330168,0.89551401330168,0.0
3,false_positive_0p001,eq_fpr_matched_cvar,0.3386606950891326,0.0,0.00089551401330168,0.89551401330168,0.0
3,false_positive_0p0025,eq_fpr,0.465633034915047,0.0,0.0023438578211201645,0.9375431284480658,0.0
3,false_positive_0p0025,greedy,0.09523809523809523,0.0,3.1702553957746837e-6,0.0012681021583098734,0.0
3,false_positive_0p0025,fabrid_macro,0.37566581504492286,0.0,0.0017561272726946036,0.7024509090778414,0.0
3,false_positive_0p0025,fabrid_cvar,0.37566581504492286,0.0,0.0017561272726946036,0.7024509090778414,0.0
3,false_positive_0p0025,fabrid_macro_finite_safe,0.3386606950891326,0.0,0.0009462380996340749,0.37849523985363,0.0
3,false_positive_0p0025,fabrid_cvar_finite_safe,0.3386606950891326,0.0,0.0009462380996340749,0.37849523985363,0.0
3,false_positive_0p0025,fabrid_macro_no_rate_minimization,0.40738434576440863,0.0,0.0018734267223382668,0.7493706889353067,0.0
3,false_positive_0p0025,common_rate_macro,0.465631749043242,0.0,0.0023343470549328405,0.9337388219731362,0.0
3,false_positive_0p0025,pooled_shared,0.925922132398154,0.6666666666666666,0.003227335073606898,1.2909340294427591,0.0
3,false_positive_0p0025,eq_fpr_matched_macro,0.5767380768128496,0.0,0.00283395690411673,1.133582761646692,0.0
3,false_positive_0p0025,eq_fpr_matched_cvar,0.5767380768128496,0.0,0.00283395690411673,1.133582761646692,0.0
3,false_positive_0p005,eq_fpr,0.8518171999058629,0.0,0.007144827039989356,1.428965407997871,0.0
3,false_positive_0p005,greedy,0.09523809523809523,0.0,3.1702553957746837e-6,0.0006340510791549367,0.0
3,false_positive_0p005,fabrid_macro,0.40738756044392116,0.0,0.0025613721432213733,0.5122744286442746,0.0
3,false_positive_0p005,fabrid_cvar,0.5555111272842934,0.0,0.005925329492964571,1.1850658985929141,0.0
3,false_positive_0p005,fabrid_macro_finite_safe,0.3545236382996759,0.0,0.0017007588838284496,0.3401517767656899,0.0
3,false_positive_0p005,fabrid_cvar_finite_safe,0.42853657552082747,0.0,0.00420174172076045,0.8403483441520899,0.0
3,false_positive_0p005,fabrid_macro_no_rate_minimization,0.5185000354888304,0.0,0.004072355913141956,0.8144711826283911,0.0
3,false_positive_0p005,common_rate_macro,0.8518171999058629,0.0,0.007144827039989356,1.428965407997871,0.0
3,false_positive_0p005,pooled_shared,0.9999396806669741,0.9996974616607224,0.005347042840424021,1.0694085680848042,0.0
3,false_positive_0p005,eq_fpr_matched_macro,0.6296101433566343,0.0,0.006276055321136679,1.2552110642273357,0.0
3,false_positive_0p005,eq_fpr_matched_cvar,0.851818848022019,0.0,0.007341413631598691,1.468282726319738,0.0
3,false_positive_0p010,eq_fpr,0.9999695063363068,0.9998679057955266,0.01683608510387876,1.683608510387876,0.0
3,false_positive_0p010,greedy,0.09523809523809523,0.0,3.1702553957746837e-6,0.00031702553957746834,0.0
3,false_positive_0p010,fabrid_macro,0.6666413226670106,0.0,0.009268515217130761,0.926851521713076,0.0
3,false_positive_0p010,fabrid_cvar,0.6666435748051893,0.0,0.02232358747183216,2.232358747183216,0.0
3,false_positive_0p010,fabrid_macro_finite_safe,0.6507700229746521,0.0,0.007953494215100838,0.7953494215100838,0.0
3,false_positive_0p010,fabrid_cvar_finite_safe,0.6507725075945491,0.0,0.015445702961701798,1.5445702961701797,0.0
3,false_positive_0p010,fabrid_macro_no_rate_minimization,0.6666499440759777,0.0,0.023533849266684802,2.3533849266684803,0.0
3,false_positive_0p010,common_rate_macro,0.9999695063363068,0.9998679057955266,0.01683608510387876,1.683608510387876,0.0
3,false_positive_0p010,pooled_shared,0.9999447486240357,0.9997102449708327,0.008754363371551045,0.8754363371551044,0.0
3,false_positive_0p010,eq_fpr_matched_macro,0.9999575537825728,0.9997741615213843,0.01353080188887531,1.353080188887531,0.0
3,false_positive_0p010,eq_fpr_matched_cvar,0.9999575537825728,0.9997741615213843,0.013588978839072396,1.3588978839072396,0.0
3,false_positive_0p020,eq_fpr,0.9999916418332675,0.9999247764994069,0.0377121948008278,1.8856097400413898,0.0
3,false_positive_0p020,greedy,0.09523809523809523,0.0,3.1702553957746837e-6,0.00015851276978873417,0.0
3,false_positive_0p020,fabrid_macro,0.6666504405352679,0.0,0.02395594224402375,1.1977971122011875,0.0
3,false_positive_0p020,fabrid_cvar,0.777764392381959,0.0,0.03516584949376688,1.758292474688344,0.0
3,false_positive_0p020,fabrid_macro_finite_safe,0.66663838982505,0.0,0.02283888764327116,1.141944382163558,0.0
3,false_positive_0p020,fabrid_cvar_finite_safe,0.777763963758024,0.0,0.032561579634633596,1.6280789817316799,0.0
3,false_positive_0p020,fabrid_macro_no_rate_minimization,0.7777646066939266,0.0,0.03763736707150348,1.8818683535751741,0.0
3,false_positive_0p020,common_rate_macro,0.9999916418332675,0.9999247764994069,0.03722835474651502,1.861417737325751,0.0
3,false_positive_0p020,pooled_shared,0.9999599415593844,0.9997571171079039,0.01736163497188105,0.8680817485940524,0.0
3,false_positive_0p020,eq_fpr_matched_macro,0.9999732568089618,0.9998977335191174,0.018668643644795667,0.9334321822397833,0.0
3,false_positive_0p020,eq_fpr_matched_cvar,0.999987707707983,0.9999170612685768,0.025759607978193613,1.2879803989096807,0.0
4,false_positive_0p001,eq_fpr,0.44977267003705557,0.0,0.002294285463608033,2.294285463608033,0.0
4,false_positive_0p001,greedy,0.09523809523809523,0.0,3.1702553957746837e-6,0.0031702553957746837,0.0
4,false_positive_0p001,fabrid_macro,0.449771116252814,0.0,0.0022548103695727195,2.2548103695727195,0.0
4,false_positive_0p001,fabrid_cvar,0.449771116252814,0.0,0.0022548103695727195,2.2548103695727195,0.0
4,false_positive_0p001,fabrid_macro_finite_safe,0.1693121693121693,0.0,0.00021229100053308923,0.21229100053308922,0.0
4,false_positive_0p001,fabrid_cvar_finite_safe,0.1693121693121693,0.0,0.00021229100053308923,0.21229100053308922,0.0
4,false_positive_0p001,fabrid_macro_no_rate_minimization,0.449771116252814,0.0,0.0022548103695727195,2.2548103695727195,0.0
4,false_positive_0p001,common_rate_macro,0.44977267003705557,0.0,0.002294285463608033,2.294285463608033,0.0
4,false_positive_0p001,pooled_shared,0.8941617798255095,0.6666666666666666,0.002379119412208568,2.379119412208568,0.0
4,false_positive_0p001,eq_fpr_matched_macro,0.2645564796872306,0.0,0.00029127079460243793,0.29127079460243793,0.0
4,false_positive_0p001,eq_fpr_matched_cvar,0.2645564796872306,0.0,0.00029127079460243793,0.29127079460243793,0.0
4,false_positive_0p0025,eq_fpr,0.46563389875185884,0.0,0.0025003520643333875,1.000140825733355,0.0
4,false_positive_0p0025,greedy,0.09523809523809523,0.0,3.1702553957746837e-6,0.0012681021583098734,0.0
4,false_positive_0p0025,fabrid_macro,0.48677778999284577,0.0,0.0030899660546850434,1.2359864218740173,0.0
4,false_positive_0p0025,fabrid_cvar,0.502639018707649,0.0,0.0032928624000146236,1.3171449600058494,0.0
4,false_positive_0p0025,fabrid_macro_finite_safe,0.3386615589259444,0.0,0.0009387553242425907,0.3755021296970363,0.0
4,false_positive_0p0025,fabrid_cvar_finite_safe,0.3545215017689427,0.0,0.001056054773886254,0.4224219095545016,0.0
4,false_positive_0p0025,fabrid_macro_no_rate_minimization,0.502639018707649,0.0,0.0032928624000146236,1.3171449600058494,0.0
4,false_positive_0p0025,common_rate_macro,0.46563389875185884,0.0,0.0025003520643333875,1.000140825733355,0.0
4,false_positive_0p0025,pooled_shared,0.9259219727592105,0.6666666666666666,0.003264628629594555,1.3058514518378221,0.0
4,false_positive_0p0025,eq_fpr_matched_macro,0.576741380339842,0.0,0.0031706395035497057,1.2682558014198821,0.0
4,false_positive_0p0025,eq_fpr_matched_cvar,0.576741380339842,0.0,0.0031706395035497057,1.2682558014198821,0.0
4,false_positive_0p005,eq_fpr,0.8518149570118647,0.0,0.006902990112938107,1.3805980225876213,0.0
4,false_positive_0p005,greedy,0.09523809523809523,0.0,3.1702553957746837e-6,0.0006340510791549367,0.0
4,false_positive_0p005,fabrid_macro,0.5026413761392916,0.0,0.003939594500752659,0.7879189001505318,0.0
4,false_positive_0p005,fabrid_cvar,0.539653937800695,0.0,0.007025080628789541,1.4050161257579081,0.0
4,false_positive_0p005,fabrid_macro_finite_safe,0.35452493076042274,0.0,0.0016996166192285147,0.33992332384570295,0.0
4,false_positive_0p005,fabrid_cvar_finite_safe,0.4285383512742464,0.0,0.004984815556444744,0.9969631112889488,0.0
4,false_positive_0p005,fabrid_macro_no_rate_minimization,0.5396755724407486,0.0,0.0058868146056211814,1.1773629211242362,0.0
4,false_positive_0p005,common_rate_macro,0.8518149570118647,0.0,0.006902990112938107,1.3805980225876213,0.0
4,false_positive_0p005,pooled_shared,0.9629306693833678,0.666945713148424,0.004934204689749157,0.9868409379498314,0.0
4,false_positive_0p005,eq_fpr_matched_macro,0.6296076776557858,0.0,0.005140452256730924,1.0280904513461848,0.0
4,false_positive_0p005,eq_fpr_matched_cvar,0.7407188134892225,0.0,0.0068284729021759315,1.3656945804351863,0.0
4,false_positive_0p010,eq_fpr,0.9999695987994125,0.9998679057955266,0.016284768739848274,1.6284768739848274,0.0
4,false_positive_0p010,greedy,0.09523809523809523,0.0,3.1702553957746837e-6,0.00031702553957746834,0.0
4,false_positive_0p010,fabrid_macro,0.6507875954684668,0.0,0.022394339666796572,2.239433966679657,0.0
4,false_positive_0p010,fabrid_cvar,0.7618979227162801,0.0,0.023591773248386037,2.359177324838604,0.0
4,false_positive_0p010,fabrid_macro_finite_safe,0.5396644336471378,0.0,0.017888276999776957,1.7888276999776958,0.0
4,false_positive_0p010,fabrid_cvar_finite_safe,0.6507743567325402,0.0,0.014347971662413554,1.4347971662413554,0.0
4,false_positive_0p010,fabrid_macro_no_rate_minimization,0.7777395944251518,0.0,0.024413556209690122,2.4413556209690124,0.0
4,false_positive_0p010,common_rate_macro,0.9999695987994125,0.9998679057955266,0.016284768739848274,1.6284768739848274,0.0
4,false_positive_0p010,pooled_shared,0.9999429569742087,0.9997102449708327,0.008692510181116752,0.8692510181116753,0.0
4,false_positive_0p010,eq_fpr_matched_macro,0.8888469934641929,0.0,0.01262096560899823,1.262096560899823,0.0
4,false_positive_0p010,eq_fpr_matched_cvar,0.9999578892399374,0.9997741615213843,0.013016011398795994,1.3016011398795992,0.0
4,false_positive_0p020,eq_fpr,0.9999916662947916,0.9999267053071144,0.03732289151761136,1.866144575880568,0.0
4,false_positive_0p020,greedy,0.09523809523809523,0.0,3.1702553957746837e-6,0.00015851276978873417,0.0
4,false_positive_0p020,fabrid_macro,0.777760212174105,0.0,0.02524077134623023,1.2620385673115115,0.0
4,false_positive_0p020,fabrid_cvar,0.888873562350732,0.0,0.03581533252099106,1.790766626049553,0.0
4,false_positive_0p020,fabrid_macro_finite_safe,0.6666364486827118,0.0,0.022885521894004664,1.1442760947002333,0.0
4,false_positive_0p020,fabrid_cvar_finite_safe,0.7777620149584759,0.0,0.031786513562233255,1.5893256781116627,0.0
4,false_positive_0p020,fabrid_macro_no_rate_minimization,0.8888745926447311,0.0,0.03853708174009619,1.9268540870048092,0.0
4,false_positive_0p020,common_rate_macro,0.9999916662947916,0.9999267053071144,0.03693746293554138,1.846873146777069,0.0
4,false_positive_0p020,pooled_shared,0.9999624571160015,0.9997528560045339,0.01798178464223487,0.8990892321117435,0.0
4,false_positive_0p020,eq_fpr_matched_macro,0.9999735712412448,0.9998977335191174,0.018605605098774673,0.9302802549387337,0.0
4,false_positive_0p020,eq_fpr_matched_cvar,0.9999892322910503,0.9999247764994069,0.025898325781900433,1.2949162890950217,0.0
5,false_positive_0p001,eq_fpr,0.3386594398459253,0.0,0.0009707144166043676,0.9707144166043675,0.0
5,false_positive_0p001,greedy,0.0,0.0,0.0,0.0,0.0
5,false_positive_0p001,fabrid_macro,0.33865899590757054,0.0,0.0009086821259774467,0.9086821259774467,0.0
5,false_positive_0p001,fabrid_cvar,0.33865899590757054,0.0,0.0009086821259774467,0.9086821259774467,0.0
5,false_positive_0p001,fabrid_macro_finite_safe,0.16931388380790932,0.0,0.00024425009289486617,0.24425009289486616,0.0
5,false_positive_0p001,fabrid_cvar_finite_safe,0.16931388380790932,0.0,0.00024425009289486617,0.24425009289486616,0.0
5,false_positive_0p001,fabrid_macro_no_rate_minimization,0.33865899590757054,0.0,0.0009086821259774467,0.9086821259774467,0.0
5,false_positive_0p001,common_rate_macro,0.3386594398459253,0.0,0.0009707144166043676,0.9707144166043675,0.0
5,false_positive_0p001,pooled_shared,0.8941619611069017,0.6666666666666666,0.0024717910441410746,2.4717910441410744,0.0
5,false_positive_0p001,eq_fpr_matched_macro,0.33865858259805526,0.0,0.000935841607250846,0.935841607250846,0.0
5,false_positive_0p001,eq_fpr_matched_cvar,0.33865858259805526,0.0,0.000935841607250846,0.935841607250846,0.0
5,false_positive_0p0025,eq_fpr,0.4656300651760997,0.0,0.0025789887256562082,1.0315954902624833,0.0
5,false_positive_0p0025,greedy,0.0,0.0,0.0,0.0,0.0
5,false_positive_0p0025,fabrid_macro,0.3756668395932332,0.0,0.0018374379175989683,0.7349751670395873,0.0
5,false_positive_0p0025,fabrid_cvar,0.39152613950032894,0.0,0.0019674183888257306,0.7869673555302922,0.0
5,false_positive_0p0025,fabrid_macro_finite_safe,0.3386594398459253,0.0,0.0009707144166043676,0.388285766641747,0.0
5,false_positive_0p0025,fabrid_cvar_finite_safe,0.35451852544105356,0.0,0.0010721625892691575,0.428865035707663,0.0
5,false_positive_0p0025,fabrid_macro_no_rate_minimization,0.4073858295654934,0.0,0.002050240043935779,0.8200960175743116,0.0
5,false_positive_0p0025,common_rate_macro,0.4656300651760997,0.0,0.0025567969378857856,1.0227187751543143,0.0
5,false_positive_0p0025,pooled_shared,0.9259172373997324,0.6666666666666666,0.0033799067407018642,1.3519626962807456,0.0
5,false_positive_0p0025,eq_fpr_matched_macro,0.5767355116881228,0.0,0.0032997421505352193,1.3198968602140877,0.0
5,false_positive_0p0025,eq_fpr_matched_cvar,0.5767355116881228,0.0,0.0033187636829098677,1.327505473163947,0.0
5,false_positive_0p005,eq_fpr,0.8518124552511697,0.0,0.00712886061841188,1.425772123682376,0.0
5,false_positive_0p005,greedy,0.0,0.0,0.0,0.0,0.0
5,false_positive_0p005,fabrid_macro,0.40738775837320085,0.0,0.0026842911230907157,0.5368582246181431,0.0
5,false_positive_0p005,fabrid_cvar,0.6137489615771548,0.0,0.004634700362733258,0.9269400725466516,0.0
5,false_positive_0p005,fabrid_macro_finite_safe,0.35452066856072856,0.0,0.0016586598374874737,0.33173196749749473,0.0
5,false_positive_0p005,fabrid_cvar_finite_safe,0.46563156535987216,0.0,0.003099543807125398,0.6199087614250796,0.0
5,false_positive_0p005,fabrid_macro_no_rate_minimization,0.5184987117526025,0.0,0.0041670783972717895,0.8334156794543579,0.0
5,false_positive_0p005,common_rate_macro,0.7407163117285276,0.0,0.007001100060297869,1.4002200120595738,0.0
5,false_positive_0p005,pooled_shared,0.9629282629863821,0.6669251950247653,0.004869028678466656,0.9738057356933312,0.0
5,false_positive_0p005,eq_fpr_matched_macro,0.629605834145413,0.0,0.006590621467808046,1.3181242935616093,0.0
5,false_positive_0p005,eq_fpr_matched_cvar,0.8518124552511697,0.0,0.00712886061841188,1.425772123682376,0.0
5,false_positive_0p010,eq_fpr,0.9999678383604134,0.9998679057955266,0.017097645106851196,1.7097645106851196,0.0
5,false_positive_0p010,greedy,0.0,0.0,0.0,0.0,0.0
5,false_positive_0p010,fabrid_macro,0.6666464527472853,0.0,0.009526834530769768,0.9526834530769768,0.0
5,false_positive_0p010,fabrid_cvar,0.6507850190474359,0.0,0.022373829487500736,2.2373829487500734,0.0
5,false_positive_0p010,fabrid_macro_finite_safe,0.6666297877898253,0.0,0.007692855074081902,0.7692855074081902,0.0
5,false_positive_0p010,fabrid_cvar_finite_safe,0.6507721600123962,0.0,0.01990497371723158,1.9904973717231578,0.0
5,false_positive_0p010,fabrid_macro_no_rate_minimization,0.6666310084399358,0.0,0.022908876284351752,2.290887628435175,0.0
5,false_positive_0p010,common_rate_macro,0.9999678383604134,0.9998679057955266,0.017097645106851196,1.7097645106851196,0.0
5,false_positive_0p010,pooled_shared,0.9999410545078179,0.9997102449708327,0.008830757822478346,0.8830757822478346,0.0
5,false_positive_0p010,eq_fpr_matched_macro,0.9999584239142248,0.9997912059348648,0.013944934788134052,1.3944934788134051,0.0
5,false_positive_0p010,eq_fpr_matched_cvar,0.9999626478428097,0.9998252947618256,0.014398622275467227,1.4398622275467228,0.0
5,false_positive_0p020,eq_fpr,0.9999918561452349,0.9999267053071144,0.036085431421943565,1.8042715710971782,0.0
5,false_positive_0p020,greedy,0.0,0.0,0.0,0.0,0.0
5,false_positive_0p020,fabrid_macro,0.6666473406239947,0.0,0.023835117207149474,1.1917558603574736,0.0
5,false_positive_0p020,fabrid_cvar,0.7777612924706858,0.0,0.034991277496750066,1.7495638748375033,0.0
5,false_positive_0p020,fabrid_macro_finite_safe,0.6666351000633335,0.0,0.0227317028308072,1.13658514154036,0.0
5,false_positive_0p020,fabrid_cvar_finite_safe,0.7777604443699202,0.0,0.031013107662482577,1.5506553831241288,0.0
5,false_positive_0p020,fabrid_macro_no_rate_minimization,0.7777615067826533,0.0,0.03722863838209704,1.861431919104852,0.0
5,false_positive_0p020,common_rate_macro,0.9999914443256142,0.9999267053071144,0.03556255495103679,1.7781277475518393,0.0
5,false_positive_0p020,pooled_shared,0.9999622723065177,0.9997571171079039,0.017411017312770033,0.8705508656385016,0.0
5,false_positive_0p020,eq_fpr_matched_macro,0.999973260687611,0.9999112748454543,0.019128032748251998,0.9564016374125999,0.0
5,false_positive_0p020,eq_fpr_matched_cvar,0.9999865992897615,0.9999170612685768,0.024642086683214038,1.2321043341607019,0.0
6,false_positive_0p001,eq_fpr,0.3386429127152951,0.0,0.0009430678442383003,0.9430678442383003,0.0
6,false_positive_0p001,greedy,0.09523809523809523,0.0,3.1702553957746837e-6,0.0031702553957746837,0.0
6,false_positive_0p001,fabrid_macro,0.3386429127152951,0.0,0.0009317892459424964,0.9317892459424965,0.0
6,false_positive_0p001,fabrid_cvar,0.3386429127152951,0.0,0.0009317892459424964,0.9317892459424965,0.0
6,false_positive_0p001,fabrid_macro_finite_safe,0.1693121693121693,0.0,0.00021660352052879883,0.21660352052879883,0.0
6,false_positive_0p001,fabrid_cvar_finite_safe,0.1693121693121693,0.0,0.00021660352052879883,0.21660352052879883,0.0
6,false_positive_0p001,fabrid_macro_no_rate_minimization,0.3386429127152951,0.0,0.0009317892459424964,0.9317892459424965,0.0
6,false_positive_0p001,common_rate_macro,0.3386429127152951,0.0,0.0009430678442383003,0.9430678442383003,0.0
6,false_positive_0p001,pooled_shared,0.8941536278052828,0.6666666666666666,0.0022685049167090114,2.2685049167090114,0.0
6,false_positive_0p001,eq_fpr_matched_macro,0.26455470393381175,0.0,0.0003050940807854716,0.30509408078547157,0.0
6,false_positive_0p001,eq_fpr_matched_cvar,0.26455470393381175,0.0,0.0003050940807854716,0.30509408078547157,0.0
6,false_positive_0p0025,eq_fpr,0.46561525254120956,0.0,0.0024919835627459984,0.9967934250983993,0.0
6,false_positive_0p0025,greedy,0.09523809523809523,0.0,3.1702553957746837e-6,0.0012681021583098734,0.0
6,false_positive_0p0025,fabrid_macro,0.3756621673784946,0.0,0.0017955827632493827,0.718233105299753,0.0
6,false_positive_0p0025,fabrid_cvar,0.39152339609329795,0.0,0.0019762873208085396,0.7905149283234159,0.0
6,false_positive_0p0025,fabrid_macro_finite_safe,0.3386429127152951,0.0,0.0009430678442383003,0.3772271376953201,0.0
6,false_positive_0p0025,fabrid_cvar_finite_safe,0.35450414143009845,0.0,0.0010698780600692877,0.42795122402771507,0.0
6,false_positive_0p0025,fabrid_macro_no_rate_minimization,0.39152339609329795,0.0,0.0019762873208085396,0.7905149283234159,0.0
6,false_positive_0p0025,common_rate_macro,0.46561525254120956,0.0,0.0024919835627459984,0.9967934250983993,0.0
6,false_positive_0p0025,pooled_shared,0.925900788368543,0.6666666666666666,0.0034647241923980044,1.3858896769592017,0.0
6,false_positive_0p0025,eq_fpr_matched_macro,0.5767206990532325,0.0,0.002697447928575381,1.0789791714301524,0.0
6,false_positive_0p0025,eq_fpr_matched_cvar,0.5767209133652001,0.0,0.0027323207379289028,1.092928295171561,0.0
6,false_positive_0p005,eq_fpr,0.8517969153332398,0.0,0.007577012098512087,1.5154024197024174,0.0
6,false_positive_0p005,greedy,0.09523809523809523,0.0,3.1702553957746837e-6,0.0006340510791549367,0.0
6,false_positive_0p005,fabrid_macro,0.39152553921297295,0.0,0.0026008276337761522,0.5201655267552304,0.0
6,false_positive_0p005,fabrid_cvar,0.42854401631972266,0.0,0.005820323945417318,1.1640647890834634,0.0
6,false_positive_0p005,fabrid_macro_finite_safe,0.3545060702378059,0.0,0.0016690563298707027,0.3338112659741405,0.0
6,false_positive_0p005,fabrid_cvar_finite_safe,0.428536306540123,0.0,0.00399704311237281,0.799408622474562,0.0
6,false_positive_0p005,fabrid_macro_no_rate_minimization,0.5026362706231973,0.0,0.0040756352384204554,0.815127047684091,0.0
6,false_positive_0p005,common_rate_macro,0.7406999802900901,0.0,0.007435246551623627,1.4870493103247255,0.0
6,false_positive_0p005,pooled_shared,0.999916882751484,0.9996974616607224,0.004952136672494801,0.9904273344989603,0.0
6,false_positive_0p005,eq_fpr_matched_macro,0.6295901412910232,0.0,0.005291863277232974,1.0583726554465949,0.0
6,false_positive_0p005,eq_fpr_matched_cvar,0.7406999802900901,0.0,0.007435246551623627,1.4870493103247255,0.0
6,false_positive_0p010,eq_fpr,0.9999668671677026,0.9998679057955266,0.01688277307832872,1.6882773078328719,0.0
6,false_positive_0p010,greedy,0.09523809523809523,0.0,3.1702553957746837e-6,0.00031702553957746834,0.0
6,false_positive_0p010,fabrid_macro,0.6296102831847561,0.0,0.02063028703060803,2.063028703060803,0.0
6,false_positive_0p010,fabrid_cvar,0.6507762300395233,0.0,0.022076552510352156,2.2076552510352156,0.0
6,false_positive_0p010,fabrid_macro_finite_safe,0.613750815088769,0.0,0.01975667192314804,1.975667192314804,0.0
6,false_positive_0p010,fabrid_cvar_finite_safe,0.6507660731530255,0.0,0.018987316602791557,1.8987316602791557,0.0
6,false_positive_0p010,fabrid_macro_no_rate_minimization,0.6666390200159609,0.0,0.023813170089403556,2.3813170089403557,0.0
6,false_positive_0p010,common_rate_macro,0.9999668671677026,0.9998679057955266,0.01688277307832872,1.6882773078328719,0.0
6,false_positive_0p010,pooled_shared,0.9999330903601149,0.9997102449708327,0.008434168333031615,0.8434168333031615,0.0
6,false_positive_0p010,eq_fpr_matched_macro,0.8888456596502697,0.0,0.01298185045681812,1.2981850456818118,0.0
6,false_positive_0p010,eq_fpr_matched_cvar,0.9999565554260142,0.9997869448314947,0.013707010562035216,1.3707010562035216,0.0
6,false_positive_0p020,eq_fpr,0.9999918561452349,0.9999267053071144,0.037746934285584594,1.8873467142792297,0.0
6,false_positive_0p020,greedy,0.09523809523809523,0.0,3.1702553957746837e-6,0.00015851276978873417,0.0
6,false_positive_0p020,fabrid_macro,0.6666478013666636,0.0,0.023910716947885303,1.1955358473942652,0.0
6,false_positive_0p020,fabrid_cvar,0.7777591267897422,0.0,0.03287294544151603,1.6436472720758015,0.0
6,false_positive_0p020,fabrid_macro_finite_safe,0.6666357506564459,0.0,0.022791955910324308,1.1395977955162153,0.0
6,false_positive_0p020,fabrid_cvar_finite_safe,0.7777470760795244,0.0,0.030635852625266555,1.5317926312633277,0.0
6,false_positive_0p020,fabrid_macro_no_rate_minimization,0.7777619675253223,0.0,0.03953465885755068,1.9767329428775338,0.0
6,false_positive_0p020,common_rate_macro,0.9999918561452349,0.9999267053071144,0.037446855597908744,1.8723427798954373,0.0
6,false_positive_0p020,pooled_shared,0.9999617973186301,0.9997656393146442,0.016702162229392022,0.8351081114696011,0.0
6,false_positive_0p020,eq_fpr_matched_macro,0.9999701441844275,0.9998934724157472,0.017865638140305472,0.8932819070152735,0.0
6,false_positive_0p020,eq_fpr_matched_cvar,0.9999896915438248,0.9999209188839918,0.029513496480366334,1.4756748240183166,0.0
7,false_positive_0p001,eq_fpr,0.33865628749211796,0.0,0.0009462380996340749,0.9462380996340749,0.0
7,false_positive_0p001,greedy,0.0,0.0,0.0,0.0,0.0
7,false_positive_0p001,fabrid_macro,0.33865628749211796,0.0,0.0009462380996340749,0.9462380996340749,0.0
7,false_positive_0p001,fabrid_cvar,0.33865628749211796,0.0,0.0009462380996340749,0.9462380996340749,0.0
7,false_positive_0p001,fabrid_macro_finite_safe,0.1693132408720068,0.0,0.00020709275434147478,0.20709275434147478,0.0
7,false_positive_0p001,fabrid_cvar_finite_safe,0.1693132408720068,0.0,0.00020709275434147478,0.20709275434147478,0.0
7,false_positive_0p001,fabrid_macro_no_rate_minimization,0.33865628749211796,0.0,0.0009462380996340749,0.9462380996340749,0.0
7,false_positive_0p001,common_rate_macro,0.33865628749211796,0.0,0.0009462380996340749,0.9462380996340749,0.0
7,false_positive_0p001,pooled_shared,0.8941531302830958,0.6666666666666666,0.002288526490537361,2.288526490537361,0.0
7,false_positive_0p001,eq_fpr_matched_macro,0.33865628749211796,0.0,0.0009462380996340749,0.9462380996340749,0.0
7,false_positive_0p001,eq_fpr_matched_cvar,0.33865628749211796,0.0,0.0009462380996340749,0.9462380996340749,0.0
7,false_positive_0p0025,eq_fpr,0.46562691282229235,0.0,0.0023671966056006866,0.9468786422402746,0.0
7,false_positive_0p0025,greedy,0.0,0.0,0.0,0.0,0.0
7,false_positive_0p0025,fabrid_macro,0.3756641431977294,0.0,0.001827170182612194,0.7308680730448776,0.0
7,false_positive_0p0025,fabrid_cvar,0.3756641431977294,0.0,0.001827170182612194,0.7308680730448776,0.0
7,false_positive_0p0025,fabrid_macro_finite_safe,0.33865607318015045,0.0,0.0009335570780509762,0.37342283122039044,0.0
7,false_positive_0p0025,fabrid_cvar_finite_safe,0.33865607318015045,0.0,0.0009335570780509762,0.37342283122039044,0.0
7,false_positive_0p0025,fabrid_macro_no_rate_minimization,0.40738291120081216,0.0,0.002001228032556061,0.8004912130224244,0.0
7,false_positive_0p0025,common_rate_macro,0.46562691282229235,0.0,0.0023545155840175875,0.941806233607035,0.0
7,false_positive_0p0025,pooled_shared,0.925909372074975,0.6666666666666666,0.0033097467265135105,1.3238986906054042,0.0
7,false_positive_0p0025,eq_fpr_matched_macro,0.5767319787298093,0.0,0.0030436524884954195,1.2174609953981677,0.0
7,false_positive_0p0025,eq_fpr_matched_cvar,0.5767319787298093,0.0,0.0030436524884954195,1.2174609953981677,0.0
7,false_positive_0p005,eq_fpr,0.8518108169056601,0.0,0.006623120611885247,1.3246241223770494,0.0
7,false_positive_0p005,greedy,0.0,0.0,0.0,0.0,0.0
7,false_positive_0p005,fabrid_macro,0.4073852686324547,0.0,0.002682832942647618,0.5365665885295235,0.0
7,false_positive_0p005,fabrid_cvar,0.4444000904082171,0.0,0.005705054965022257,1.1410109930044514,0.0
7,false_positive_0p005,fabrid_macro_finite_safe,0.35451794483085625,0.0,0.001615161988142533,0.3230323976285066,0.0
7,false_positive_0p005,fabrid_cvar_finite_safe,0.42853568328137914,0.0,0.003918197316104207,0.7836394632208414,0.0
7,false_positive_0p005,fabrid_macro_no_rate_minimization,0.5184962220118563,0.0,0.004174558444735627,0.8349116889471253,0.0
7,false_positive_0p005,common_rate_macro,0.8518108169056601,0.0,0.006623120611885247,1.3246241223770494,0.0
7,false_positive_0p005,pooled_shared,0.9629215747278267,0.6669046769011068,0.0052528237415456,1.05056474830912,0.0
7,false_positive_0p005,eq_fpr_matched_macro,0.6296033400419279,0.0,0.006000482910997862,1.2000965821995724,0.0
7,false_positive_0p005,eq_fpr_matched_cvar,0.7407126464036481,0.0,0.006549585943146523,1.3099171886293046,0.0
7,false_positive_0p010,eq_fpr,0.9999664572946299,0.9998679057955266,0.016452457314752676,1.6452457314752675,0.0
7,false_positive_0p010,greedy,0.0,0.0,0.0,0.0,0.0
7,false_positive_0p010,fabrid_macro,0.666642488692717,0.0,0.00975838201683209,0.975838201683209,0.0
7,false_positive_0p010,fabrid_cvar,0.6666348550907959,0.0,0.022317759530058833,2.2317759530058834,0.0
7,false_positive_0p010,fabrid_macro_finite_safe,0.6507667069960746,0.0,0.00782813150991977,0.782813150991977,0.0
7,false_positive_0p010,fabrid_cvar_finite_safe,0.6507694245193208,0.0,0.016717955942662583,1.6717955942662583,0.0
7,false_positive_0p010,fabrid_macro_no_rate_minimization,0.6666496116937091,0.0,0.023542296363500234,2.3542296363500235,0.0
7,false_positive_0p010,common_rate_macro,0.9999664572946299,0.9998679057955266,0.016452457314752676,1.6452457314752675,0.0
7,false_positive_0p010,pooled_shared,0.9999390659891512,0.9997102449708327,0.00952866695843281,0.952866695843281,0.0
7,false_positive_0p010,eq_fpr_matched_macro,0.9999542736071005,0.9997741615213843,0.012830589430359552,1.2830589430359551,0.0
7,false_positive_0p010,eq_fpr_matched_cvar,0.999956577049721,0.9997869448314947,0.014064083719129549,1.406408371912955,0.0
7,false_positive_0p020,eq_fpr,0.9999916418332675,0.9999247764994069,0.03757526272130653,1.8787631360653263,0.0
7,false_positive_0p020,greedy,0.0,0.0,0.0,0.0,0.0
7,false_positive_0p020,fabrid_macro,0.6666515055174291,0.0,0.024221111238980814,1.2110555619490406,0.0
7,false_positive_0p020,fabrid_cvar,0.7777626166285402,0.0,0.0346056105964969,1.7302805298248451,0.0
7,false_positive_0p020,fabrid_macro_finite_safe,0.6666390506448003,0.0,0.02282790216554077,1.1413951082770384,0.0
7,false_positive_0p020,fabrid_cvar_finite_safe,0.7777619904969518,0.0,0.03161308334359264,1.580654167179632,0.0
7,false_positive_0p020,fabrid_macro_no_rate_minimization,0.7777628309405077,0.0,0.03754166077884362,1.8770830389421809,0.0
7,false_positive_0p020,common_rate_macro,0.9999916418332675,0.9999247764994069,0.03715184689837018,1.857592344918509,0.0
7,false_positive_0p020,pooled_shared,0.9999570037314354,0.9997571171079039,0.017944623206916355,0.8972311603458177,0.0
7,false_positive_0p020,eq_fpr_matched_macro,0.999971289777434,0.9998977335191174,0.017996419893833344,0.8998209946916672,0.0
7,false_positive_0p020,eq_fpr_matched_cvar,0.9999885970123579,0.9999170612685768,0.027491188670726734,1.3745594335363367,0.0
8,false_positive_0p001,eq_fpr,0.44977151754238043,0.0,0.0019722119557932234,1.9722119557932234,0.0
8,false_positive_0p001,greedy,0.09523809523809523,0.0,3.1702553957746837e-6,0.0031702553957746837,0.0
8,false_positive_0p001,fabrid_macro,0.44977107360402574,0.0,0.0019440154600537138,1.9440154600537136,0.0
8,false_positive_0p001,fabrid_cvar,0.44977107360402574,0.0,0.0019440154600537138,1.9440154600537136,0.0
8,false_positive_0p001,fabrid_macro_finite_safe,0.16931302656003933,0.0,0.0002347393267075421,0.2347393267075421,0.0
8,false_positive_0p001,fabrid_cvar_finite_safe,0.16931302656003933,0.0,0.0002347393267075421,0.2347393267075421,0.0
8,false_positive_0p001,fabrid_macro_no_rate_minimization,0.44977107360402574,0.0,0.0019440154600537138,1.9440154600537136,0.0
8,false_positive_0p001,common_rate_macro,0.44977151754238043,0.0,0.0019722119557932234,1.9722119557932234,0.0
8,false_positive_0p001,pooled_shared,0.8941602697172569,0.6666666666666666,0.0022398256628906412,2.2398256628906412,0.0
8,false_positive_0p001,eq_fpr_matched_macro,0.2645555688388916,0.0,0.0003144203324205383,0.3144203324205383,0.0
8,false_positive_0p001,eq_fpr_matched_cvar,0.2645555688388916,0.0,0.0003144203324205383,0.3144203324205383,0.0
8,false_positive_0p0025,eq_fpr,0.4656321033212813,0.0,0.0022099811104763245,0.8839924441905298,0.0
8,false_positive_0p0025,greedy,0.09523809523809523,0.0,3.1702553957746837e-6,0.0012681021583098734,0.0
8,false_positive_0p0025,fabrid_macro,0.4867770934564743,0.0,0.0031799414243922574,1.271976569756903,0.0
8,false_positive_0p0025,fabrid_cvar,0.5026374649234077,0.0,0.003395518791304936,1.3582075165219742,0.0
8,false_positive_0p0025,fabrid_macro_finite_safe,0.3386604064312694,0.0,0.0009555643512691417,0.3822257405076567,0.0
8,false_positive_0p0025,fabrid_cvar_finite_safe,0.3545207778982027,0.0,0.001091885333287453,0.43675413331498125,0.0
8,false_positive_0p0025,fabrid_macro_no_rate_minimization,0.5026374649234077,0.0,0.003395518791304936,1.3582075165219742,0.0
8,false_positive_0p0025,common_rate_macro,0.4656318890093138,0.0,0.002187789322705902,0.8751157290823607,0.0
8,false_positive_0p0025,pooled_shared,0.9259064798399016,0.6666666666666666,0.0032021424234613288,1.2808569693845315,0.0
8,false_positive_0p0025,eq_fpr_matched_macro,0.5767371452190838,0.0,0.002605316665825919,1.0421266663303677,0.0
8,false_positive_0p0025,eq_fpr_matched_cvar,0.5925967839552568,0.0,0.0028755321353002455,1.1502128541200982,0.0
8,false_positive_0p005,eq_fpr,0.8518179485469872,0.0,0.008103217225776406,1.6206434451552811,0.0
8,false_positive_0p005,greedy,0.09523809523809523,0.0,3.1702553957746837e-6,0.0006340510791549367,0.0
8,false_positive_0p005,fabrid_macro,0.5184984255459573,0.0,0.0040405126659332135,0.8081025331866427,0.0
8,false_positive_0p005,fabrid_cvar,0.650766005085306,0.0,0.0070072313055694144,1.401446261113883,0.0
8,false_positive_0p005,fabrid_macro_finite_safe,0.3545224923939426,0.0,0.001703744624671967,0.3407489249343934,0.0
8,false_positive_0p005,fabrid_cvar_finite_safe,0.4285374852579024,0.0,0.004444306984305676,0.8888613968611353,0.0
8,false_positive_0p005,fabrid_macro_no_rate_minimization,0.6296093468066251,0.0,0.005452752675228971,1.090550535045794,0.0
8,false_positive_0p005,common_rate_macro,0.8518179485469872,0.0,0.008103217225776406,1.6206434451552811,0.0
8,false_positive_0p005,pooled_shared,0.9629294944432115,0.6669416095236923,0.0048127946545287814,0.9625589309057563,0.0
8,false_positive_0p005,eq_fpr_matched_macro,0.6296096557012234,0.0,0.007574433000170897,1.5148866000341794,0.0
8,false_positive_0p005,eq_fpr_matched_cvar,0.8518179485469872,0.0,0.008103217225776406,1.6206434451552811,0.0
8,false_positive_0p010,eq_fpr,0.9999688227779066,0.9998679057955266,0.017511173241134555,1.7511173241134554,0.0
8,false_positive_0p010,greedy,0.09523809523809523,0.0,3.1702553957746837e-6,0.00031702553957746834,0.0
8,false_positive_0p010,fabrid_macro,0.7407213698343431,0.0,0.02156953334148016,2.1569533341480156,0.0
8,false_positive_0p010,fabrid_cvar,0.7618880121142176,0.0,0.023195360656017894,2.3195360656017896,0.0
8,false_positive_0p010,fabrid_macro_finite_safe,0.6137510125964223,0.0,0.019290579618628064,1.9290579618628063,0.0
8,false_positive_0p010,fabrid_cvar_finite_safe,0.6507714786759089,0.0,0.02072664613572087,2.072664613572087,0.0
8,false_positive_0p010,fabrid_macro_no_rate_minimization,0.777762646177846,0.0,0.02472510459150955,2.4725104591509552,0.0
8,false_positive_0p010,common_rate_macro,0.9999688227779066,0.9998679057955266,0.017511173241134555,1.7511173241134554,0.0
8,false_positive_0p010,pooled_shared,0.9999438774159124,0.9997145060742029,0.008500347559637085,0.8500347559637085,0.0
8,false_positive_0p010,eq_fpr_matched_macro,0.8888482983237486,0.0,0.014284331882904722,1.4284331882904722,0.0
8,false_positive_0p010,eq_fpr_matched_cvar,0.999959862862356,0.9997912059348648,0.014820707735609367,1.4820707735609366,0.0
8,false_positive_0p020,eq_fpr,0.9999918561452349,0.9999267053071144,0.03818104902840595,1.9090524514202976,0.0
8,false_positive_0p020,greedy,0.09523809523809523,0.0,3.1702553957746837e-6,0.00015851276978873417,0.0
8,false_positive_0p020,fabrid_macro,0.7777624318658786,0.0,0.024805082594639784,1.2402541297319891,0.0
8,false_positive_0p020,fabrid_cvar,0.8888763837125697,0.0,0.03531968609170159,1.7659843045850794,0.0
8,false_positive_0p020,fabrid_macro_finite_safe,0.6666390557325821,0.0,0.022910163264068126,1.1455081632034063,0.0
8,false_positive_0p020,fabrid_cvar_finite_safe,0.7777644000391688,0.0,0.03156627071179285,1.5783135355896423,0.0
8,false_positive_0p020,fabrid_macro_no_rate_minimization,0.8888765980245372,0.0,0.0375954084811437,1.8797704240571849,0.0
8,false_positive_0p020,common_rate_macro,0.9999918561452349,0.9999267053071144,0.03818104902840595,1.9090524514202976,0.0
8,false_positive_0p020,pooled_shared,0.999960266032693,0.9997699004180142,0.018211764669392578,0.9105882334696289,0.0
8,false_positive_0p020,eq_fpr_matched_macro,0.9999734577530575,0.9998977335191174,0.01902351554888574,0.9511757774442869,0.0
8,false_positive_0p020,eq_fpr_matched_cvar,0.9999874632860585,0.9999209188839918,0.025845064879069863,1.292253243953493,0.0
9,false_positive_0p001,eq_fpr,0.44975219999319216,0.0,0.002190979618369168,2.190979618369168,0.0
9,false_positive_0p001,greedy,0.09523809523809523,0.0,0.00001585127697887342,0.015851276978873417,0.0
9,false_positive_0p001,fabrid_macro,0.4497519780240148,0.0,0.0021458652251859526,2.1458652251859527,0.0
9,false_positive_0p001,fabrid_cvar,0.4497519780240148,0.0,0.0021458652251859526,2.1458652251859527,0.0
9,false_positive_0p001,fabrid_macro_finite_safe,0.1693121693121693,0.0,0.00023042680671183247,0.23042680671183247,0.0
9,false_positive_0p001,fabrid_cvar_finite_safe,0.1693121693121693,0.0,0.00023042680671183247,0.23042680671183247,0.0
9,false_positive_0p001,fabrid_macro_no_rate_minimization,0.4497519780240148,0.0,0.0021458652251859526,2.1458652251859527,0.0
9,false_positive_0p001,common_rate_macro,0.44975219999319216,0.0,0.002190979618369168,2.190979618369168,0.0
9,false_positive_0p001,pooled_shared,0.8941555905471849,0.6666666666666666,0.002373247124247701,2.3732471242477007,0.0
9,false_positive_0p001,eq_fpr_matched_macro,0.26455470393381175,0.0,0.00030870538913753377,0.30870538913753376,0.0
9,false_positive_0p001,eq_fpr_matched_cvar,0.26455470393381175,0.0,0.00030870538913753377,0.30870538913753376,0.0
9,false_positive_0p0025,eq_fpr,0.4656134287079954,0.0,0.0024128974960733957,0.9651589984293583,0.0
9,false_positive_0p0025,greedy,0.09523809523809523,0.0,0.00001585127697887342,0.0063405107915493674,0.0
9,false_positive_0p0025,fabrid_macro,0.4867655271984458,0.0,0.003086120283330805,1.234448113332322,0.0
9,false_positive_0p0025,fabrid_cvar,0.4867655271984458,0.0,0.003086120283330805,1.234448113332322,0.0
9,false_positive_0p0025,fabrid_macro_finite_safe,0.338641088882081,0.0,0.0009625304295692358,0.3850121718276943,0.0
9,false_positive_0p0025,fabrid_cvar_finite_safe,0.338641088882081,0.0,0.0009625304295692358,0.3850121718276943,0.0
9,false_positive_0p0025,fabrid_macro_no_rate_minimization,0.5184842722298991,0.0,0.003312976248539287,1.3251904994157147,0.0
9,false_positive_0p0025,common_rate_macro,0.4656123571481579,0.0,0.0024065569852818464,0.9626227941127385,0.0
9,false_positive_0p0025,pooled_shared,0.9258939735443925,0.6666666666666666,0.003385677955199609,1.3542711820798436,0.0
9,false_positive_0p0025,eq_fpr_matched_macro,0.5767198987604272,0.0,0.003405432549423356,1.3621730197693425,0.0
9,false_positive_0p0025,eq_fpr_matched_cvar,0.5767198987604272,0.0,0.003405432549423356,1.3621730197693425,0.0
9,false_positive_0p005,eq_fpr,0.8517960652137668,0.0,0.0072954752864565426,1.4590950572913084,0.0
9,false_positive_0p005,greedy,0.09523809523809523,0.0,0.00001585127697887342,0.0031702553957746837,0.0
9,false_positive_0p005,fabrid_macro,0.5184874869094116,0.0,0.003912154518340702,0.7824309036681404,0.0
9,false_positive_0p005,fabrid_cvar,0.66662287738652,0.0,0.007292773721711245,1.458554744342249,0.0
9,false_positive_0p005,fabrid_macro_finite_safe,0.3545042464045918,0.0,0.0016948594259931877,0.3389718851986375,0.0
9,false_positive_0p005,fabrid_cvar_finite_safe,0.42853540446025795,0.0,0.003930807290224411,0.7861614580448822,0.0
9,false_positive_0p005,fabrid_macro_no_rate_minimization,0.6666320349202061,0.0,0.0061253900079868105,1.2250780015973621,0.0
9,false_positive_0p005,common_rate_macro,0.8517960652137668,0.0,0.0072954752864565426,1.4590950572913084,0.0
9,false_positive_0p005,pooled_shared,0.9999119284592047,0.9996974616607224,0.00510920826393704,1.0218416527874081,0.0
9,false_positive_0p005,eq_fpr_matched_macro,0.6295891976773088,0.0,0.006628929732481154,1.325785946496231,0.0
9,false_positive_0p005,eq_fpr_matched_cvar,0.8517966347650971,0.0,0.007349104653898154,1.4698209307796308,0.0
9,false_positive_0p010,eq_fpr,0.9999668202534314,0.9998679057955266,0.016337560525692452,1.6337560525692452,0.0
9,false_positive_0p010,greedy,0.09523809523809523,0.0,0.00001585127697887342,0.0015851276978873419,0.0
9,false_positive_0p010,fabrid_macro,0.7777524246932463,0.0,0.009904053146773641,0.9904053146773641,0.0
9,false_positive_0p010,fabrid_cvar,0.7618877901450403,0.0,0.023177671297920744,2.3177671297920743,0.0
9,false_positive_0p010,fabrid_macro_finite_safe,0.6507639730901453,0.0,0.0074069315103354235,0.7406931510335424,0.0
9,false_positive_0p010,fabrid_cvar_finite_safe,0.6507698363389416,0.0,0.020974745563334722,2.0974745563334722,0.0
9,false_positive_0p010,fabrid_macro_no_rate_minimization,0.7777518889649124,0.0,0.0243828666583491,2.43828666583491,0.0
9,false_positive_0p010,common_rate_macro,0.9999668202534314,0.9998679057955266,0.016337560525692452,1.6337560525692452,0.0
9,false_positive_0p010,pooled_shared,0.9999250184440195,0.9997102449708327,0.008248583085306009,0.8248583085306009,0.0
9,false_positive_0p010,eq_fpr_matched_macro,0.9999550636824291,0.9997741615213843,0.013112852150346833,1.3112852150346834,0.0
9,false_positive_0p010,eq_fpr_matched_cvar,0.9999564840502191,0.9997869448314947,0.013298790634178412,1.3298790634178412,0.0
9,false_positive_0p020,eq_fpr,0.9999918561452349,0.9999267053071144,0.0375814733344637,1.8790736667231849,0.0
9,false_positive_0p020,greedy,0.09523809523809523,0.0,0.00001585127697887342,0.0007925638489436709,0.0
9,false_positive_0p020,fabrid_macro,0.7777597682357502,0.0,0.024629751225680736,1.2314875612840368,0.0
9,false_positive_0p020,fabrid_cvar,0.8888737200824415,0.0,0.03507266643072017,1.7536333215360085,0.0
9,false_positive_0p020,fabrid_macro_finite_safe,0.6666366064144214,0.0,0.02241663489746932,1.120831744873466,0.0
9,false_positive_0p020,fabrid_cvar_finite_safe,0.7777623946593627,0.0,0.030932809773564978,1.5466404886782488,0.0
9,false_positive_0p020,fabrid_macro_no_rate_minimization,0.8888743630183439,0.0,0.03784198013235853,1.8920990066179266,0.0
9,false_positive_0p020,common_rate_macro,0.9999918561452349,0.9999267053071144,0.0375814733344637,1.8790736667231849,0.0
9,false_positive_0p020,pooled_shared,0.9999565961277358,0.9997571171079039,0.016100405045355932,0.8050202522677966,0.0
9,false_positive_0p020,eq_fpr_matched_macro,0.9999705707260864,0.9998977335191174,0.017668005979690305,0.8834002989845152,0.0
9,false_positive_0p020,eq_fpr_matched_cvar,0.999984331837163,0.9999247764994069,0.025216080701217124,1.2608040350608563,0.0
0,false_positive_0p001,eq_fpr,0.38098533548474434,0.0,0.002250838639308731,2.250838639308731,0.2222222222222222
0,false_positive_0p001,greedy,0.11113303931956223,0.0,0.0007103882307713475,0.7103882307713475,0.2222222222222222
0,false_positive_0p001,fabrid_macro,0.3016167348576523,0.0,0.002130704737091756,2.130704737091756,0.2222222222222222
0,false_positive_0p001,fabrid_cvar,0.38098473435434366,0.0,0.0022226421435692215,2.2226421435692214,0.2222222222222222
0,false_positive_0p001,fabrid_macro_finite_safe,0.11113303931956223,0.0,0.0007103882307713475,0.7103882307713475,0.2222222222222222
0,false_positive_0p001,fabrid_cvar_finite_safe,0.19050103881625363,0.0,0.0008023256372488134,0.8023256372488133,0.2222222222222222
0,false_positive_0p001,fabrid_macro_no_rate_minimization,0.33333500793799004,0.0,0.0022265728226060883,2.226572822606088,0.2222222222222222
0,false_positive_0p001,common_rate_macro,0.38098533548474434,0.0,0.002250838639308731,2.250838639308731,0.2222222222222222
0,false_positive_0p001,pooled_shared,0.8253242935589814,0.5,0.0024378175107664327,2.4378175107664326,0.2222222222222222
0,false_positive_0p001,eq_fpr_matched_macro,0.0,0.0,0.0,0.0,0.2222222222222222
0,false_positive_0p001,eq_fpr_matched_cvar,0.26987422437363323,0.0,0.0009281580506111349,0.9281580506111349,0.2222222222222222
0,false_positive_0p0025,eq_fpr,0.41270146704177496,0.0,0.002422032430680564,0.9688129722722255,0.2222222222222222
0,false_positive_0p0025,greedy,0.11113303931956223,0.0,0.0007103882307713475,0.284155292308539,0.2222222222222222
0,false_positive_0p0025,fabrid_macro,0.44442122711526766,0.0,0.0025640519238442215,1.0256207695376887,0.2222222222222222
0,false_positive_0p0025,fabrid_cvar,0.4444197284369925,0.0,0.0026133439808905994,1.0453375923562398,0.2222222222222222
0,false_positive_0p0025,fabrid_macro_finite_safe,0.3333061921008331,0.0,0.001104655338308407,0.4418621353233628,0.2222222222222222
0,false_positive_0p0025,fabrid_cvar_finite_safe,0.30159075780928785,0.0,0.001156416439106912,0.4625665756427648,0.2222222222222222
0,false_positive_0p0025,fabrid_macro_no_rate_minimization,0.5238048072731218,0.0,0.0032409451048158048,1.2963780419263218,0.2222222222222222
0,false_positive_0p0025,common_rate_macro,0.41270146704177496,0.0,0.002383989365931268,0.9535957463725071,0.2222222222222222
0,false_positive_0p0025,pooled_shared,0.8887976791525455,0.5,0.0033176666873378155,1.327066674935126,0.2222222222222222
0,false_positive_0p0025,eq_fpr_matched_macro,0.5555129593063316,0.0,0.00324302494664512,1.297209978658048,0.2222222222222222
0,false_positive_0p0025,eq_fpr_matched_cvar,0.5555129593063316,0.0,0.00324302494664512,1.297209978658048,0.2222222222222222
0,false_positive_0p005,eq_fpr,0.8332136479438527,0.0,0.00707716925476797,1.415433850953594,0.2222222222222222
0,false_positive_0p005,greedy,0.16663705740831428,0.0,0.0008808367233674912,0.17616734467349823,0.2222222222222222
0,false_positive_0p005,fabrid_macro,0.4999280602093646,0.0,0.0031705636317712546,0.6341127263542509,0.2222222222222222
0,false_positive_0p005,fabrid_cvar,0.5793165305104143,0.0,0.007753281734812001,1.5506563469624002,0.2222222222222222
0,false_positive_0p005,fabrid_macro_finite_safe,0.30159488392625133,0.0,0.0015748901513491702,0.314978030269834,0.2222222222222222
0,false_positive_0p005,fabrid_cvar_finite_safe,0.4126960784178822,0.0,0.003731312026607644,0.7462624053215288,0.2222222222222222
0,false_positive_0p005,fabrid_macro_no_rate_minimization,0.6110403128466524,0.0,0.01583429745727782,3.166859491455564,0.2222222222222222
0,false_positive_0p005,common_rate_macro,0.8332136479438527,0.0,0.00707716925476797,1.415433850953594,0.2222222222222222
0,false_positive_0p005,pooled_shared,0.9443246640251564,0.5001973538760601,0.004833119309320318,0.9666238618640636,0.2222222222222222
0,false_positive_0p005,eq_fpr_matched_macro,0.611034506260967,0.0,0.005222691984165084,1.0445383968330169,0.2222222222222222
0,false_positive_0p005,eq_fpr_matched_cvar,0.722142380312271,0.0,0.007018188129430797,1.4036376258861594,0.2222222222222222
0,false_positive_0p010,eq_fpr,0.9999299911417396,0.9998020525866387,0.016872555189542938,1.6872555189542937,0.2222222222222222
0,false_positive_0p010,greedy,0.22219989398484513,0.0,0.005221061287076838,0.5221061287076838,0.2222222222222222
0,false_positive_0p010,fabrid_macro,0.7777090521326171,0.0,0.02235843168198974,2.235843168198974,0.2222222222222222
0,false_positive_0p010,fabrid_cvar,0.745985754951477,0.0,0.017547488584135212,1.7547488584135211,0.2222222222222222
0,false_positive_0p010,fabrid_macro_finite_safe,0.5554709809619938,0.0,0.014987163318662466,1.4987163318662466,0.2222222222222222
0,false_positive_0p010,fabrid_cvar_finite_safe,0.6348484610492447,0.0,0.012907939856314445,1.2907939856314445,0.2222222222222222
0,false_positive_0p010,fabrid_macro_no_rate_minimization,0.8888158928327649,0.0,0.03090636798103937,3.0906367981039367,0.2222222222222222
0,false_positive_0p010,common_rate_macro,0.9999299911417396,0.9998020525866387,0.016866915890395035,1.6866915890395036,0.2222222222222222
0,false_positive_0p010,pooled_shared,0.9998600769113746,0.999553854654967,0.008551458990454336,0.8551458990454336,0.2222222222222222
0,false_positive_0p010,eq_fpr_matched_macro,0.9998946780366322,0.9996921936770294,0.012747055783974226,1.2747055783974226,0.2222222222222222
0,false_positive_0p010,eq_fpr_matched_cvar,0.9999006021542086,0.9997166479655251,0.013670351147595286,1.3670351147595285,0.2222222222222222
0,false_positive_0p020,eq_fpr,0.9999844069695969,0.9998596627263723,0.037857938090158784,1.8928969045079391,0.2222222222222222
0,false_positive_0p020,greedy,0.2222222222222222,0.0,0.006527855768316469,0.3263927884158235,0.2222222222222222
0,false_positive_0p020,fabrid_macro,0.6666284516322739,0.0,0.01745835909288591,0.8729179546442956,0.2222222222222222
0,false_positive_0p020,fabrid_cvar,0.7777354472454948,0.0,0.030143070055704456,1.5071535027852228,0.2222222222222222
0,false_positive_0p020,fabrid_macro_finite_safe,0.5555147504468587,0.0,0.0145655475181793,0.728277375908965,0.2222222222222222
0,false_positive_0p020,fabrid_cvar_finite_safe,0.6349016953243223,0.0,0.019240579170266506,0.9620289585133253,0.2222222222222222
0,false_positive_0p020,fabrid_macro_no_rate_minimization,0.8888470521302764,0.0,0.03282404395119485,1.6412021975597424,0.2222222222222222
0,false_positive_0p020,common_rate_macro,0.9999844069695969,0.9998596627263723,0.03777564437840725,1.8887822189203622,0.2222222222222222
0,false_positive_0p020,pooled_shared,0.9999143179138262,0.9996600057921595,0.01652012803326034,0.826006401663017,0.2222222222222222
0,false_positive_0p020,eq_fpr_matched_macro,0.9999299911417396,0.9998020525866387,0.016872555189542938,0.8436277594771469,0.2222222222222222
0,false_positive_0p020,eq_fpr_matched_cvar,0.9999459733485274,0.9998205988659931,0.01854743063026848,0.927371531513424,0.2222222222222222
1,false_positive_0p001,eq_fpr,0.3810010640669989,0.0,0.002161741376053384,2.161741376053384,0.2222222222222222
1,false_positive_0p001,greedy,0.1905149759466552,0.0,0.0007807756836829049,0.780775683682905,0.2222222222222222
1,false_positive_0p001,fabrid_macro,0.3809994298071919,0.0,0.0021078470343252145,2.1078470343252143,0.2222222222222222
1,false_positive_0p001,fabrid_cvar,0.38099922828723115,0.0,0.0020771518888348557,2.0771518888348557,0.2222222222222222
1,false_positive_0p001,fabrid_macro_finite_safe,0.19052305176434492,0.0,0.0008868853530269308,0.8868853530269308,0.2222222222222222
1,false_positive_0p001,fabrid_cvar_finite_safe,0.19051661020646224,0.0,0.0008346700254110745,0.8346700254110745,0.2222222222222222
1,false_positive_0p001,fabrid_macro_no_rate_minimization,0.3810010640669989,0.0,0.002161741376053384,2.161741376053384,0.2222222222222222
1,false_positive_0p001,common_rate_macro,0.3810010640669989,0.0,0.002161741376053384,2.161741376053384,0.2222222222222222
1,false_positive_0p001,pooled_shared,0.8253198795773725,0.5,0.002327716551996756,2.327716551996756,0.2222222222222222
1,false_positive_0p001,eq_fpr_matched_macro,0.15873714903470668,0.0,0.00010394682241563922,0.10394682241563923,0.2222222222222222
1,false_positive_0p001,eq_fpr_matched_cvar,0.21429454037003,0.0,0.0003503597622388921,0.3503597622388921,0.2222222222222222
1,false_positive_0p0025,eq_fpr,0.412718669062491,0.0,0.0023202541458421182,0.9281016583368473,0.2222222222222222
1,false_positive_0p0025,greedy,0.1905149759466552,0.0,0.0007807756836829049,0.312310273473162,0.2222222222222222
1,false_positive_0p0025,fabrid_macro,0.412718669062491,0.0,0.0023107433796547942,0.9242973518619176,0.2222222222222222
1,false_positive_0p0025,fabrid_cvar,0.41272022308636497,0.0,0.0026150878976491636,1.0460351590596655,0.2222222222222222
1,false_positive_0p0025,fabrid_macro_finite_safe,0.30160675419413185,0.0,0.0010739304213776373,0.4295721685510549,0.2222222222222222
1,false_positive_0p0025,fabrid_cvar_finite_safe,0.3016089244085974,0.0,0.0013370616192269359,0.5348246476907743,0.2222222222222222
1,false_positive_0p0025,fabrid_macro_no_rate_minimization,0.5238216113861901,0.0,0.002882087545324351,1.1528350181297404,0.2222222222222222
1,false_positive_0p0025,common_rate_macro,0.412718669062491,0.0,0.0023202541458421182,0.9281016583368473,0.2222222222222222
1,false_positive_0p0025,pooled_shared,0.8888121749993707,0.5,0.0033465891384612868,1.3386356553845147,0.2222222222222222
1,false_positive_0p0025,eq_fpr_matched_macro,0.412718669062491,0.0,0.0023107433796547942,0.9242973518619176,0.2222222222222222
1,false_positive_0p0025,eq_fpr_matched_cvar,0.5238129310147241,0.0,0.002601718607613526,1.0406874430454105,0.2222222222222222
1,false_positive_0p005,eq_fpr,0.8332290927764288,0.0,0.007098076966236401,1.4196153932472801,0.2222222222222222
1,false_positive_0p005,greedy,0.24601899403540728,0.0,0.0009512241762790486,0.1902448352558097,0.2222222222222222
1,false_positive_0p005,fabrid_macro,0.4999432388836564,0.0,0.00315858951248061,0.6317179024961219,0.2222222222222222
1,false_positive_0p005,fabrid_cvar,0.6904218138311679,0.0,0.003764433220489131,0.7528866440978262,0.2222222222222222
1,false_positive_0p005,fabrid_macro_finite_safe,0.30161189838031094,0.0,0.0017016409897410245,0.3403281979482049,0.2222222222222222
1,false_positive_0p005,fabrid_cvar_finite_safe,0.4126795393709046,0.0,0.001603511768576759,0.32070235371535183,0.2222222222222222
1,false_positive_0p005,fabrid_macro_no_rate_minimization,0.7221474735154225,0.0,0.014882246990430482,2.976449398086096,0.2222222222222222
1,false_positive_0p005,common_rate_macro,0.7221588583364603,0.0,0.007003156411080873,1.4006312822161746,0.2222222222222222
1,false_positive_0p005,pooled_shared,0.9998440797146464,0.9995273168706689,0.00492464167653554,0.984928335307108,0.2222222222222222
1,false_positive_0p005,eq_fpr_matched_macro,0.6110519950279918,0.0,0.005668968949580052,1.1337937899160102,0.2222222222222222
1,false_positive_0p005,eq_fpr_matched_cvar,0.7221348390502098,0.0,0.006569582505316974,1.3139165010633949,0.2222222222222222
1,false_positive_0p010,eq_fpr,0.9999308053239364,0.9998020525866387,0.01675347658469139,1.675347658469139,0.2222222222222222
1,false_positive_0p010,greedy,0.301564826836244,0.0,0.005142292686165252,0.5142292686165252,0.2222222222222222
1,false_positive_0p010,fabrid_macro,0.7777054833899066,0.0,0.010397380459312102,1.0397380459312102,0.2222222222222222
1,false_positive_0p010,fabrid_cvar,0.7459856682104475,0.0,0.01630375199209094,1.6303751992090938,0.2222222222222222
1,false_positive_0p010,fabrid_macro_finite_safe,0.5554546239918009,0.0,0.005354373586817519,0.5354373586817519,0.2222222222222222
1,false_positive_0p010,fabrid_cvar_finite_safe,0.6348501249298304,0.0,0.012900118646658932,1.2900118646658931,0.2222222222222222
1,false_positive_0p010,fabrid_macro_no_rate_minimization,0.666604161804894,0.0,0.0158885995824516,1.5888599582451601,0.2222222222222222
1,false_positive_0p010,common_rate_macro,0.9999302339518817,0.9998020525866387,0.01673560012887752,1.673560012887752,0.2222222222222222
1,false_positive_0p010,pooled_shared,0.9998701489333214,0.9995510296046812,0.007913207340204967,0.7913207340204966,0.2222222222222222
1,false_positive_0p010,eq_fpr_matched_macro,0.8887752682955682,0.0,0.0098866270897102,0.9886627089710199,0.2222222222222222
1,false_positive_0p010,eq_fpr_matched_cvar,0.999900571918275,0.9997102563104698,0.01324941581247909,1.3249415812479088,0.2222222222222222
1,false_positive_0p020,eq_fpr,0.9999836011983937,0.9998541170110488,0.037355228509662386,1.8677614254831192,0.2222222222222222
1,false_positive_0p020,greedy,0.30158748915395805,0.0,0.00655918664927525,0.32795933246376247,0.2222222222222222
1,false_positive_0p020,fabrid_macro,0.7777379352337193,0.0,0.024026121345012825,1.2013060672506413,0.2222222222222222
1,false_positive_0p020,fabrid_cvar,0.7460083305281616,0.0,0.01772064595520094,0.886032297760047,0.2222222222222222
1,false_positive_0p020,fabrid_macro_finite_safe,0.5555087410130505,0.0,0.012256981984514187,0.6128490992257094,0.2222222222222222
1,false_positive_0p020,fabrid_cvar_finite_safe,0.6348916543881854,0.0,0.01461900287382514,0.730950143691257,0.2222222222222222
1,false_positive_0p020,fabrid_macro_no_rate_minimization,0.7777341842500687,0.0,0.029717340131697613,1.4858670065848807,0.2222222222222222
1,false_positive_0p020,common_rate_macro,0.9999813632701703,0.9998505001034327,0.0364357609604118,1.8217880480205901,0.2222222222222222
1,false_positive_0p020,pooled_shared,0.9999183821482364,0.9996568099646319,0.016469819167635204,0.8234909583817602,0.2222222222222222
1,false_positive_0p020,eq_fpr_matched_macro,0.9999144510767864,0.9997775982981432,0.014630110862431404,0.7315055431215702,0.2222222222222222
1,false_positive_0p020,eq_fpr_matched_cvar,0.9999309966204061,0.9998020525866387,0.01697901226371762,0.8489506131858809,0.2222222222222222
2,false_positive_0p001,eq_fpr,0.381001730878885,0.0,0.00228133955122741,2.28133955122741,0.2222222222222222
2,false_positive_0p001,greedy,0.11115141097016688,0.0,0.0007352498435421245,0.7352498435421245,0.2222222222222222
2,false_positive_0p001,fabrid_macro,0.3016362763804926,0.0,0.0021894021447499443,2.1894021447499443,0.2222222222222222
2,false_positive_0p001,fabrid_cvar,0.381001730878885,0.0,0.00228133955122741,2.28133955122741,0.2222222222222222
2,false_positive_0p001,fabrid_macro_finite_safe,0.19052516526938149,0.0,0.0008762323222396719,0.8762323222396718,0.2222222222222222
2,false_positive_0p001,fabrid_cvar_finite_safe,0.2698906197677739,0.0,0.0009681697287171377,0.9681697287171377,0.2222222222222222
2,false_positive_0p001,fabrid_macro_no_rate_minimization,0.3016362763804926,0.0,0.0021894021447499443,2.1894021447499443,0.2222222222222222
2,false_positive_0p001,common_rate_macro,0.381001730878885,0.0,0.00228133955122741,2.28133955122741,0.2222222222222222
2,false_positive_0p001,pooled_shared,0.8253127453714367,0.5,0.0024351607921005384,2.4351607921005383,0.2222222222222222
2,false_positive_0p001,eq_fpr_matched_macro,0.13492930985477017,0.0,0.0002794718789319141,0.2794718789319141,0.2222222222222222
2,false_positive_0p001,eq_fpr_matched_cvar,0.2698906197677739,0.0,0.0009681697287171377,0.9681697287171377,0.2222222222222222
2,false_positive_0p0025,eq_fpr,0.41271866619316355,0.0,0.0024842358965569897,0.9936943586227959,0.2222222222222222
2,false_positive_0p0025,greedy,0.11115141097016688,0.0,0.0007352498435421245,0.2940999374168498,0.2222222222222222
2,false_positive_0p0025,fabrid_macro,0.381001730878885,0.0,0.00228133955122741,0.9125358204909639,0.2222222222222222
2,false_positive_0p0025,fabrid_cvar,0.41272177389143205,0.0,0.0026268973893668504,1.05075895574674,0.2222222222222222
2,false_positive_0p0025,fabrid_macro_finite_safe,0.2698906197677739,0.0,0.0009681697287171377,0.3872678914868551,0.2222222222222222
2,false_positive_0p0025,fabrid_cvar_finite_safe,0.301609885768384,0.0,0.0012408116927537605,0.4963246771015042,0.2222222222222222
2,false_positive_0p0025,fabrid_macro_no_rate_minimization,0.4127260875750521,0.0,0.003067562889379531,1.2270251557518124,0.2222222222222222
2,false_positive_0p0025,common_rate_macro,0.41271866619316355,0.0,0.0024842358965569897,0.9936943586227959,0.2222222222222222
2,false_positive_0p0025,pooled_shared,0.8888184337277533,0.5,0.003312184380680497,1.3248737522721987,0.2222222222222222
2,false_positive_0p0025,eq_fpr_matched_macro,0.2698906197677739,0.0,0.0009681697287171377,0.3872678914868551,0.2222222222222222
2,false_positive_0p0025,eq_fpr_matched_cvar,0.5238145489711256,0.0,0.0030437364640343288,1.2174945856137316,0.2222222222222222
2,false_positive_0p005,eq_fpr,0.833227853233703,0.0,0.007316577838855186,1.4633155677710372,0.2222222222222222
2,false_positive_0p005,greedy,0.16665542905891892,0.0,0.0008737392437764911,0.17474784875529822,0.2222222222222222
2,false_positive_0p005,fabrid_macro,0.49994684743766865,0.0,0.0031226182408563685,0.6245236481712737,0.2222222222222222
2,false_positive_0p005,fabrid_cvar,0.6110491268107986,0.0,0.0046729503697008935,0.9345900739401787,0.2222222222222222
2,false_positive_0p005,fabrid_macro_finite_safe,0.30161261868281897,0.0,0.0015007726352072846,0.3001545270414569,0.2222222222222222
2,false_positive_0p005,fabrid_cvar_finite_safe,0.41270363319274606,0.0,0.0015961776892900246,0.3192355378580049,0.2222222222222222
2,false_positive_0p005,fabrid_macro_no_rate_minimization,0.6110582419200178,0.0,0.015307459412096778,3.0614918824193555,0.2222222222222222
2,false_positive_0p005,common_rate_macro,0.7221588627221432,0.0,0.007175069638693245,1.4350139277386489,0.2222222222222222
2,false_positive_0p005,pooled_shared,0.9443471628688018,0.5003626987315019,0.004913708749737739,0.9827417499475478,0.2222222222222222
2,false_positive_0p005,eq_fpr_matched_macro,0.6110548915868308,0.0,0.005515994156037285,1.103198831207457,0.2222222222222222
2,false_positive_0p005,eq_fpr_matched_cvar,0.7221553564777786,0.0,0.006967942795367929,1.3935885590735857,0.2222222222222222
2,false_positive_0p010,eq_fpr,0.9999314478938454,0.9998013076436025,0.01725820012089849,1.725820012089849,0.2222222222222222
2,false_positive_0p010,greedy,0.22219955990450815,0.0,0.005096766846024471,0.5096766846024471,0.2222222222222222
2,false_positive_0p010,fabrid_macro,0.666604730546729,0.0,0.019818980255360254,1.9818980255360252,0.2222222222222222
2,false_positive_0p010,fabrid_cvar,0.7459868499816975,0.0,0.017373972352026888,1.7373972352026887,0.2222222222222222
2,false_positive_0p010,fabrid_macro_finite_safe,0.5554703320463026,0.0,0.013064492667728323,1.3064492667728322,0.2222222222222222
2,false_positive_0p010,fabrid_cvar_finite_safe,0.6348453982884754,0.0,0.01251650209969742,1.251650209969742,0.2222222222222222
2,false_positive_0p010,fabrid_macro_no_rate_minimization,0.7777146895125902,0.0,0.030706722640519348,3.0706722640519346,0.2222222222222222
2,false_positive_0p010,common_rate_macro,0.9999308765217907,0.9998013076436025,0.017055038423189676,1.7055038423189675,0.2222222222222222
2,false_positive_0p010,pooled_shared,0.9998750320598254,0.999553854654967,0.008930584677700734,0.8930584677700734,0.2222222222222222
2,false_positive_0p010,eq_fpr_matched_macro,0.8887923566191459,0.0,0.013127864037893375,1.3127864037893375,0.2222222222222222
2,false_positive_0p010,eq_fpr_matched_cvar,0.9999058971846956,0.9997134521379974,0.015091748487738681,1.509174848773868,0.2222222222222222
2,false_positive_0p020,eq_fpr,0.9999836032123489,0.9998524289111401,0.03785990645465896,1.8929953227329481,0.2222222222222222
2,false_positive_0p020,greedy,0.2222222222222222,0.0,0.0066095380862198,0.33047690431099,0.2222222222222222
2,false_positive_0p020,fabrid_macro,0.666625903857333,0.0,0.017816336505945815,0.8908168252972908,0.2222222222222222
2,false_positive_0p020,fabrid_cvar,0.7460183440373926,0.0,0.028940051166190948,1.4470025583095474,0.2222222222222222
2,false_positive_0p020,fabrid_macro_finite_safe,0.5237961218151704,0.0,0.014370705486301306,0.7185352743150653,0.2222222222222222
2,false_positive_0p020,fabrid_cvar_finite_safe,0.6349053236913975,0.0,0.02194287496040079,1.0971437480200394,0.2222222222222222
2,false_positive_0p020,fabrid_macro_no_rate_minimization,0.7777377269636172,0.0,0.0323050907764006,1.61525453882003,0.2222222222222222
2,false_positive_0p020,common_rate_macro,0.9999836032123489,0.9998524289111401,0.03554339078995744,1.777169539497872,0.2222222222222222
2,false_positive_0p020,pooled_shared,0.9999221575048983,0.9996600057921595,0.018043253886399428,0.9021626943199714,0.2222222222222222
2,false_positive_0p020,eq_fpr_matched_macro,0.9999322362928056,0.9998020525866387,0.0174669327428124,0.87334663714062,0.2222222222222222
2,false_positive_0p020,eq_fpr_matched_cvar,0.9999434124084279,0.9998119176586515,0.018817248915241738,0.9408624457620869,0.2222222222222222
3,false_positive_0p001,eq_fpr,0.2698885266011015,0.0,0.0009462380996340749,0.9462380996340749,0.2222222222222222
3,false_positive_0p001,greedy,0.19051616414329994,0.0,0.0007277670681506401,0.7277670681506401,0.2222222222222222
3,false_positive_0p001,fabrid_macro,0.2698885266011015,0.0,0.0008292744528128743,0.8292744528128743,0.2222222222222222
3,false_positive_0p001,fabrid_cvar,0.2698885266011015,0.0,0.0009180416038945655,0.9180416038945655,0.2222222222222222
3,false_positive_0p001,fabrid_macro_finite_safe,0.1111510847782206,0.0,0.0007245968127548655,0.7245968127548654,0.2222222222222222
3,false_positive_0p001,fabrid_cvar_finite_safe,0.19051616414329994,0.0,0.0008165342192323313,0.8165342192323314,0.2222222222222222
3,false_positive_0p001,fabrid_macro_no_rate_minimization,0.2698885266011015,0.0,0.0008292744528128743,0.8292744528128743,0.2222222222222222
3,false_positive_0p001,common_rate_macro,0.2698885266011015,0.0,0.0009462380996340749,0.9462380996340749,0.2222222222222222
3,false_positive_0p001,pooled_shared,0.8253170412288368,0.5,0.002373247124247701,2.3732471242477007,0.2222222222222222
3,false_positive_0p001,eq_fpr_matched_macro,0.0,0.0,0.0,0.0,0.2222222222222222
3,false_positive_0p001,eq_fpr_matched_cvar,0.2698885266011015,0.0,0.00089551401330168,0.89551401330168,0.2222222222222222
3,false_positive_0p0025,eq_fpr,0.41271831426754224,0.0,0.0023438578211201645,0.9375431284480658,0.2222222222222222
3,false_positive_0p0025,greedy,0.19051616414329994,0.0,0.0007277670681506401,0.29110682726025605,0.2222222222222222
3,false_positive_0p0025,fabrid_macro,0.30160420557922485,0.0,0.0009462380996340749,0.37849523985363,0.2222222222222222
3,false_positive_0p0025,fabrid_cvar,0.30160894474696165,0.0,0.0013583713010847838,0.5433485204339135,0.2222222222222222
3,false_positive_0p0025,fabrid_macro_finite_safe,0.2698885266011015,0.0,0.0009462380996340749,0.37849523985363,0.2222222222222222
3,false_positive_0p0025,fabrid_cvar_finite_safe,0.30160835530168106,0.0,0.0012664338946073179,0.5065735578429271,0.2222222222222222
3,false_positive_0p0025,fabrid_macro_no_rate_minimization,0.41271779169389444,0.0,0.0013651521507436913,0.5460608602974765,0.2222222222222222
3,false_positive_0p0025,common_rate_macro,0.41271831426754224,0.0,0.0023438578211201645,0.9375431284480658,0.2222222222222222
3,false_positive_0p0025,pooled_shared,0.8888220056770754,0.5,0.003227335073606898,1.2909340294427591,0.2222222222222222
3,false_positive_0p0025,eq_fpr_matched_macro,0.41271831426754224,0.0,0.0023438578211201645,0.9375431284480658,0.2222222222222222
3,false_positive_0p0025,eq_fpr_matched_cvar,0.5238125665837647,0.0,0.0028117651163463075,1.124706046538523,0.2222222222222222
3,false_positive_0p005,eq_fpr,0.8332258840982392,0.0,0.007144827039989356,1.428965407997871,0.2222222222222222
3,false_positive_0p005,greedy,0.246020182232052,0.0,0.0009195216223213018,0.18390432446426036,0.2222222222222222
3,false_positive_0p005,fabrid_macro,0.38883842053739714,0.0,0.0019789003633248416,0.3957800726649683,0.2222222222222222
3,false_positive_0p005,fabrid_cvar,0.49993409299958763,0.0,0.0028638088744784387,0.5727617748956877,0.2222222222222222
3,false_positive_0p005,fabrid_macro_finite_safe,0.3333287021536595,0.0,0.0016000415288060293,0.32000830576120587,0.2222222222222222
3,false_positive_0p005,fabrid_cvar_finite_safe,0.4127013274542504,0.0,0.001751619756966587,0.35032395139331735,0.2222222222222222
3,false_positive_0p005,fabrid_macro_no_rate_minimization,0.38884133377448604,0.0,0.00206348985054337,0.412697970108674,0.2222222222222222
3,false_positive_0p005,common_rate_macro,0.8332258840982392,0.0,0.007144827039989356,1.428965407997871,0.2222222222222222
3,false_positive_0p005,pooled_shared,0.9998516178159501,0.9995273168706689,0.005347042840424021,1.0694085680848042,0.2222222222222222
3,false_positive_0p005,eq_fpr_matched_macro,0.611055087809446,0.0,0.004889393794016369,0.9778787588032738,0.2222222222222222
3,false_positive_0p005,eq_fpr_matched_cvar,0.7221431004660178,0.0,0.006346423695391424,1.2692847390782847,0.2222222222222222
3,false_positive_0p010,eq_fpr,0.999932775708776,0.9998013076436025,0.01683608510387876,1.683608510387876,0.2222222222222222
3,false_positive_0p010,greedy,0.30156463926958754,0.0,0.0051532022553565406,0.515320225535654,0.2222222222222222
3,false_positive_0p010,fabrid_macro,0.5554951408312938,0.0,0.020908587578111076,2.0908587578111075,0.2222222222222222
3,false_positive_0p010,fabrid_cvar,0.634875086268537,0.0,0.016099625832648675,1.6099625832648674,0.2222222222222222
3,false_positive_0p010,fabrid_macro_finite_safe,0.5554699787669808,0.0,0.018610692977267425,1.8610692977267425,0.2222222222222222
3,false_positive_0p010,fabrid_cvar_finite_safe,0.6348506097979247,0.0,0.013317713652444874,1.3317713652444874,0.2222222222222222
3,false_positive_0p010,fabrid_macro_no_rate_minimization,0.6665988030525186,0.0,0.029027297752596635,2.9027297752596635,0.2222222222222222
3,false_positive_0p010,common_rate_macro,0.9999305756821537,0.9998013076436025,0.01627168140724205,1.627168140724205,0.2222222222222222
3,false_positive_0p010,pooled_shared,0.9998726853785477,0.9995510296046812,0.008754363371551045,0.8754363371551044,0.2222222222222222
3,false_positive_0p010,eq_fpr_matched_macro,0.8887961258009265,0.0,0.01282367228371895,1.282367228371895,0.2222222222222222
3,false_positive_0p010,eq_fpr_matched_cvar,0.999905094757612,0.9997166479655251,0.014142111629614242,1.414211162961424,0.2222222222222222
3,false_positive_0p020,eq_fpr,0.9999833889003814,0.9998505001034327,0.0377121948008278,1.8856097400413898,0.2222222222222222
3,false_positive_0p020,greedy,0.3015873015873016,0.0,0.006509719962137726,0.3254859981068863,0.2222222222222222
3,false_positive_0p020,fabrid_macro,0.5555146679427416,0.0,0.016191879485555002,0.80959397427775,0.2222222222222222
3,false_positive_0p020,fabrid_cvar,0.6666251896085722,0.0,0.029349818798036418,1.4674909399018208,0.2222222222222222
3,false_positive_0p020,fabrid_macro_finite_safe,0.5237947299737574,0.0,0.014303463393907279,0.7151731696953639,0.2222222222222222
3,false_positive_0p020,fabrid_cvar_finite_safe,0.6349033295900153,0.0,0.020897731063658675,1.0448865531829337,0.2222222222222222
3,false_positive_0p020,fabrid_macro_no_rate_minimization,0.7777347310443484,0.0,0.03101721065093656,1.550860532546828,0.2222222222222222
3,false_positive_0p020,common_rate_macro,0.9999833889003814,0.9998505001034327,0.03732778757479661,1.8663893787398302,0.2222222222222222
3,false_positive_0p020,pooled_shared,0.9999171629926236,0.9996568099646319,0.01736163497188105,0.8680817485940524,0.2222222222222222
3,false_positive_0p020,eq_fpr_matched_macro,0.9999337206739417,0.9998020525866387,0.0170622057220174,0.85311028610087,0.2222222222222222
3,false_positive_0p020,eq_fpr_matched_cvar,0.999947682631616,0.9998119176586515,0.018795544758268966,0.9397772379134482,0.2222222222222222
4,false_positive_0p001,eq_fpr,0.38100309787248965,0.0,0.002294285463608033,2.294285463608033,0.2222222222222222
4,false_positive_0p001,greedy,0.19051652349983159,0.0,0.0007171140373633812,0.7171140373633812,0.2222222222222222
4,false_positive_0p001,fabrid_macro,0.38100021903792164,0.0,0.002162872963095254,2.162872963095254,0.2222222222222222
4,false_positive_0p001,fabrid_cvar,0.4127176097214462,0.0,0.002372109819216383,2.3721098192163828,0.2222222222222222
4,false_positive_0p001,fabrid_macro_finite_safe,0.11115106900143923,0.0,0.0007139437819676065,0.7139437819676065,0.2222222222222222
4,false_positive_0p001,fabrid_cvar_finite_safe,0.2222320388662707,0.0,0.0008249027208197204,0.8249027208197204,0.2222222222222222
4,false_positive_0p001,fabrid_macro_no_rate_minimization,0.38100309787248965,0.0,0.002294285463608033,2.294285463608033,0.2222222222222222
4,false_positive_0p001,common_rate_macro,0.38100309787248965,0.0,0.002294285463608033,2.294285463608033,0.2222222222222222
4,false_positive_0p001,pooled_shared,0.8253219712029983,0.5,0.002379119412208568,2.379119412208568,0.2222222222222222
4,false_positive_0p001,eq_fpr_matched_macro,0.0,0.0,0.0,0.0,0.2222222222222222
4,false_positive_0p001,eq_fpr_matched_cvar,0.41271904186286373,0.0,0.002402074147064372,2.402074147064372,0.2222222222222222
4,false_positive_0p0025,eq_fpr,0.41272177442781927,0.0,0.0025003520643333875,1.000140825733355,0.2222222222222222
4,false_positive_0p0025,greedy,0.19051652349983159,0.0,0.0007171140373633812,0.2868456149453525,0.2222222222222222
4,false_positive_0p0025,fabrid_macro,0.38100309787248965,0.0,0.002294285463608033,0.9177141854432133,0.2222222222222222
4,false_positive_0p0025,fabrid_cvar,0.41272273900641276,0.0,0.0026303325355601496,1.05213301422406,0.2222222222222222
4,false_positive_0p0025,fabrid_macro_finite_safe,0.2698919867613785,0.0,0.0009387553242425907,0.3755021296970363,0.2222222222222222
4,false_positive_0p0025,fabrid_cvar_finite_safe,0.30161125276198864,0.0,0.0012177377990707629,0.48709511962830515,0.2222222222222222
4,false_positive_0p0025,fabrid_macro_no_rate_minimization,0.44443625315909635,0.0,0.0024457565109615702,0.9783026043846281,0.2222222222222222
4,false_positive_0p0025,common_rate_macro,0.41272177442781927,0.0,0.0025003520643333875,1.000140825733355,0.2222222222222222
4,false_positive_0p0025,pooled_shared,0.8888241521733162,0.5,0.003264628629594555,1.3058514518378221,0.2222222222222222
4,false_positive_0p0025,eq_fpr_matched_macro,0.2698919867613785,0.0,0.0009387553242425907,0.3755021296970363,0.2222222222222222
4,false_positive_0p0025,eq_fpr_matched_cvar,0.5238176304604703,0.0,0.003056682376414952,1.2226729505659808,0.2222222222222222
4,false_positive_0p005,eq_fpr,0.833226499654275,0.0,0.006902990112938107,1.3805980225876213,0.2222222222222222
4,false_positive_0p005,greedy,0.24602054158858364,0.0,0.0009088685915340427,0.18177371830680855,0.2222222222222222
4,false_positive_0p005,fabrid_macro,0.4999487117012717,0.0,0.0034033400536211326,0.6806680107242266,0.2222222222222222
4,false_positive_0p005,fabrid_cvar,0.5793328232821318,0.0,0.004443836222331649,0.8887672444663298,0.2222222222222222
4,false_positive_0p005,fabrid_macro_finite_safe,0.3016163702028567,0.0,0.0016996166192285147,0.33992332384570295,0.2222222222222222
4,false_positive_0p005,fabrid_cvar_finite_safe,0.41270644178422944,0.0,0.0017989354092307782,0.3597870818461556,0.2222222222222222
4,false_positive_0p005,fabrid_macro_no_rate_minimization,0.6110533389142973,0.0,0.015249840306576005,3.0499680613152007,0.2222222222222222
4,false_positive_0p005,common_rate_macro,0.833226499654275,0.0,0.006902990112938107,1.3805980225876213,0.2222222222222222
4,false_positive_0p005,pooled_shared,0.9443463925793237,0.5003596210129531,0.004934204689749157,0.9868409379498314,0.2222222222222222
4,false_positive_0p005,eq_fpr_matched_macro,0.6110543560095812,0.0,0.006481134443315044,1.2962268886630088,0.2222222222222222
4,false_positive_0p005,eq_fpr_matched_cvar,0.6110543560095812,0.0,0.006481134443315044,1.2962268886630088,0.2222222222222222
4,false_positive_0p010,eq_fpr,0.9999304161111545,0.9998020525866387,0.016284768739848274,1.6284768739848274,0.2222222222222222
4,false_positive_0p010,greedy,0.30156468032256356,0.0,0.005142535601767763,0.5142535601767764,0.2222222222222222
4,false_positive_0p010,fabrid_macro,0.6666039615463627,0.0,0.020111217885173113,2.011121788517311,0.2222222222222222
4,false_positive_0p010,fabrid_cvar,0.7777048673384396,0.0,0.017427283841657672,1.7427283841657673,0.2222222222222222
4,false_positive_0p010,fabrid_macro_finite_safe,0.5237540718338719,0.0,0.01002213762915894,1.002213762915894,0.2222222222222222
4,false_positive_0p010,fabrid_cvar_finite_safe,0.6348516496571458,0.0,0.012489886884082126,1.2489886884082126,0.2222222222222222
4,false_positive_0p010,fabrid_macro_no_rate_minimization,0.7777089906380122,0.0,0.028216596707025563,2.821659670702556,0.2222222222222222
4,false_positive_0p010,common_rate_macro,0.9999302253503488,0.9998020525866387,0.01623950506203321,1.623950506203321,0.2222222222222222
4,false_positive_0p010,pooled_shared,0.9998712391699358,0.9995510296046812,0.008692510181116752,0.8692510181116753,0.2222222222222222
4,false_positive_0p010,eq_fpr_matched_macro,0.8887824239350084,0.0,0.01092879852879804,1.092879852879804,0.2222222222222222
4,false_positive_0p010,eq_fpr_matched_cvar,0.9999161037403158,0.9997744024706156,0.014161179049347878,1.4161179049347878,0.2222222222222222
4,false_positive_0p020,eq_fpr,0.9999836009285619,0.9998541170110488,0.03732289151761136,1.866144575880568,0.2222222222222222
4,false_positive_0p020,greedy,0.30158767672061454,0.0,0.006562998738875539,0.328149936943777,0.2222222222222222
4,false_positive_0p020,fabrid_macro,0.7777294451585154,0.0,0.016934391995992906,0.8467195997996453,0.2222222222222222
4,false_positive_0p020,fabrid_cvar,0.7777290336087264,0.0,0.01888722207280076,0.944361103640038,0.2222222222222222
4,false_positive_0p020,fabrid_macro_finite_safe,0.6348937628270809,0.0,0.012121902642571795,0.6060951321285897,0.2222222222222222
4,false_positive_0p020,fabrid_cvar_finite_safe,0.6348932001271114,0.0,0.014688320970293208,0.7344160485146604,0.2222222222222222
4,false_positive_0p020,fabrid_macro_no_rate_minimization,0.7777347199504984,0.0,0.029954085383710805,1.4977042691855402,0.2222222222222222
4,false_positive_0p020,common_rate_macro,0.9999834101677565,0.9998541170110488,0.03529086506187813,1.7645432530939065,0.2222222222222222
4,false_positive_0p020,pooled_shared,0.9999205402514334,0.9996507890868185,0.01798178464223487,0.8990892321117435,0.2222222222222222
4,false_positive_0p020,eq_fpr_matched_macro,0.9999224996238729,0.9997960317088253,0.014818014478324877,0.7409007239162438,0.2222222222222222
4,false_positive_0p020,eq_fpr_matched_cvar,0.9999368595125028,0.99981360575856,0.01744729628712744,0.872364814356372,0.2222222222222222
5,false_positive_0p001,eq_fpr,0.26988658644989705,0.0,0.0009707144166043676,0.9707144166043675,0.2222222222222222
5,false_positive_0p001,greedy,0.11114702059544222,0.0,0.0007459028743293834,0.7459028743293834,0.2222222222222222
5,false_positive_0p001,fabrid_macro,0.19051859234223145,0.0,0.0008135744641042062,0.8135744641042062,0.2222222222222222
5,false_positive_0p001,fabrid_cvar,0.26988557376970734,0.0,0.0009086821259774467,0.9086821259774467,0.2222222222222222
5,false_positive_0p001,fabrid_macro_finite_safe,0.11114702059544222,0.0,0.0007459028743293834,0.7459028743293834,0.2222222222222222
5,false_positive_0p001,fabrid_cvar_finite_safe,0.19051400202291813,0.0,0.000841010536202624,0.841010536202624,0.2222222222222222
5,false_positive_0p001,fabrid_macro_no_rate_minimization,0.26988658644989705,0.0,0.0009707144166043676,0.9707144166043675,0.2222222222222222
5,false_positive_0p001,common_rate_macro,0.26988658644989705,0.0,0.0009707144166043676,0.9707144166043675,0.2222222222222222
5,false_positive_0p001,pooled_shared,0.8253186288994847,0.5,0.0024717910441410746,2.4717910441410744,0.2222222222222222
5,false_positive_0p001,eq_fpr_matched_macro,0.0,0.0,0.0,0.0,0.2222222222222222
5,false_positive_0p001,eq_fpr_matched_cvar,0.269885729202027,0.0,0.000935841607250846,0.935841607250846,0.2222222222222222
5,false_positive_0p0025,eq_fpr,0.4127146596205977,0.0,0.0025789887256562082,1.0315954902624833,0.2222222222222222
5,false_positive_0p0025,greedy,0.11114702059544222,0.0,0.0007459028743293834,0.2983611497317534,0.2222222222222222
5,false_positive_0p0025,fabrid_macro,0.3333204718081421,0.0,0.0011740057767538543,0.4696023107015417,0.2222222222222222
5,false_positive_0p0025,fabrid_cvar,0.30160510253336065,0.0,0.001366996341076203,0.5467985364304812,0.2222222222222222
5,false_positive_0p0025,fabrid_macro_finite_safe,0.30160274475223864,0.0,0.0010785031000607069,0.43140124002428276,0.2222222222222222
5,false_positive_0p0025,fabrid_cvar_finite_safe,0.30160432552142363,0.0,0.001287739956181836,0.5150959824727344,0.2222222222222222
5,false_positive_0p0025,fabrid_macro_no_rate_minimization,0.3333283848711853,0.0,0.0017193785228232664,0.6877514091293065,0.2222222222222222
5,false_positive_0p0025,common_rate_macro,0.4127146596205977,0.0,0.0025567969378857856,1.0227187751543143,0.2222222222222222
5,false_positive_0p0025,pooled_shared,0.8888157207303418,0.5,0.0033799067407018642,1.3519626962807456,0.2222222222222222
5,false_positive_0p0025,eq_fpr_matched_macro,0.5238095041176973,0.0,0.0032807206181605713,1.3122882472642285,0.2222222222222222
5,false_positive_0p0025,eq_fpr_matched_cvar,0.5238095041176973,0.0,0.0032807206181605713,1.3122882472642285,0.2222222222222222
5,false_positive_0p005,eq_fpr,0.833221231395654,0.0,0.00712886061841188,1.425772123682376,0.2222222222222222
5,false_positive_0p005,greedy,0.16665103868419429,0.0,0.000916351366925527,0.1832702733851054,0.2222222222222222
5,false_positive_0p005,fabrid_macro,0.3888296073377621,0.0,0.00187388692044437,0.374777384088874,0.2222222222222222
5,false_positive_0p005,fabrid_cvar,0.4682155538461477,0.0,0.0035243562119072654,0.704871242381453,0.2222222222222222
5,false_positive_0p005,fabrid_macro_finite_safe,0.3016072460025152,0.0,0.00154770089863536,0.309540179727072,0.2222222222222222
5,false_positive_0p005,fabrid_cvar_finite_safe,0.4127091325818965,0.0,0.003020287422231031,0.6040574844462062,0.2222222222222222
5,false_positive_0p005,fabrid_macro_no_rate_minimization,0.6110435122140698,0.0,0.008538884318437896,1.7077768636875792,0.2222222222222222
5,false_positive_0p005,common_rate_macro,0.833221231395654,0.0,0.00712886061841188,1.425772123682376,0.2222222222222222
5,false_positive_0p005,pooled_shared,0.9443401241322997,0.5003231853589801,0.004869028678466656,0.9738057356933312,0.2222222222222222
5,false_positive_0p005,eq_fpr_matched_macro,0.6110477312283555,0.0,0.005318446212353003,1.0636892424706006,0.2222222222222222
5,false_positive_0p005,eq_fpr_matched_cvar,0.722131037531986,0.0,0.006629287288105044,1.325857457621009,0.2222222222222222
5,false_positive_0p010,eq_fpr,0.9999287674309816,0.999799619543694,0.017097645106851196,1.7097645106851196,0.2222222222222222
5,false_positive_0p010,greedy,0.22219989398484513,0.0,0.00519265774591132,0.519265774591132,0.2222222222222222
5,false_positive_0p010,fabrid_macro,0.6665930840812928,0.0,0.009561116421297542,0.9561116421297542,0.2222222222222222
5,false_positive_0p010,fabrid_cvar,0.6348762854437887,0.0,0.016820757365897634,1.6820757365897634,0.2222222222222222
5,false_positive_0p010,fabrid_macro_finite_safe,0.6665479325156337,0.0,0.006709945734550566,0.6709945734550566,0.2222222222222222
5,false_positive_0p010,fabrid_cvar_finite_safe,0.6348559754898955,0.0,0.013918489037922048,1.3918489037922048,0.2222222222222222
5,false_positive_0p010,fabrid_macro_no_rate_minimization,0.7459892105707868,0.0,0.02851703619218308,2.851703619218308,0.2222222222222222
5,false_positive_0p010,common_rate_macro,0.9999287674309816,0.999799619543694,0.017097645106851196,1.7097645106851196,0.2222222222222222
5,false_positive_0p010,pooled_shared,0.9998674467392381,0.9995510296046812,0.008830757822478346,0.8830757822478346,0.2222222222222222
5,false_positive_0p010,eq_fpr_matched_macro,0.8887802701198866,0.0,0.011261118729790296,1.1261118729790296,0.2222222222222222
5,false_positive_0p010,eq_fpr_matched_cvar,0.99990503936306,0.999739018758218,0.014473471653466317,1.4473471653466317,0.2222222222222222
5,false_positive_0p020,eq_fpr,0.9999834136317372,0.9998524289111401,0.036085431421943565,1.8042715710971782,0.2222222222222222
5,false_positive_0p020,greedy,0.2222222222222222,0.0,0.006474590614380174,0.3237295307190087,0.2222222222222222
5,false_positive_0p020,fabrid_macro,0.5555143692716802,0.0,0.016451733746945807,0.8225866873472903,0.2222222222222222
5,false_positive_0p020,fabrid_cvar,0.7777245645623911,0.0,0.020096239045578824,1.0048119522789412,0.2222222222222222
5,false_positive_0p020,fabrid_macro_finite_safe,0.5555096222687788,0.0,0.014412530364250128,0.7206265182125063,0.2222222222222222
5,false_positive_0p020,fabrid_cvar_finite_safe,0.7776954588670166,0.0,0.016785341397820265,0.8392670698910132,0.2222222222222222
5,false_positive_0p020,fabrid_macro_no_rate_minimization,0.7777332164299976,0.0,0.03046472269376462,1.5232361346882308,0.2222222222222222
5,false_positive_0p020,common_rate_macro,0.9999826226508931,0.9998524289111401,0.03564423726894012,1.782211863447006,0.2222222222222222
5,false_positive_0p020,pooled_shared,0.9999200788078392,0.9996511598640602,0.017411017312770033,0.8705508656385016,0.2222222222222222
5,false_positive_0p020,eq_fpr_matched_macro,0.9999287674309816,0.999799619543694,0.017097645106851196,0.8548822553425598,0.2222222222222222
5,false_positive_0p020,eq_fpr_matched_cvar,0.9999516176873983,0.999810229558743,0.01966018090079853,0.9830090450399265,0.2222222222222222
6,false_positive_0p001,eq_fpr,0.26987256024495887,0.0,0.0009430678442383003,0.9430678442383003,0.2222222222222222
6,false_positive_0p001,greedy,0.19049982063988916,0.0,0.0007277670681506401,0.7277670681506401,0.2222222222222222
6,false_positive_0p001,fabrid_macro,0.2698723726783024,0.0,0.00084619235025658,0.84619235025658,0.2222222222222222
6,false_positive_0p001,fabrid_cvar,0.26987256024495887,0.0,0.0009317892459424964,0.9317892459424965,0.2222222222222222
6,false_positive_0p001,fabrid_macro_finite_safe,0.11113474127480977,0.0,0.0007245968127548655,0.7245968127548654,0.2222222222222222
6,false_positive_0p001,fabrid_cvar_finite_safe,0.19050000820654564,0.0,0.0008133639638365566,0.8133639638365565,0.2222222222222222
6,false_positive_0p001,fabrid_macro_no_rate_minimization,0.30159182624556896,0.0,0.001164985721942528,1.164985721942528,0.2222222222222222
6,false_positive_0p001,common_rate_macro,0.26987256024495887,0.0,0.0009430678442383003,0.9430678442383003,0.2222222222222222
6,false_positive_0p001,pooled_shared,0.8253091495728319,0.5,0.0022685049167090114,2.2685049167090114,0.2222222222222222
6,false_positive_0p001,eq_fpr_matched_macro,0.0,0.0,0.0,0.0,0.2222222222222222
6,false_positive_0p001,eq_fpr_matched_cvar,0.21429318695904817,0.0,0.0003050940807854716,0.30509408078547157,0.2222222222222222
6,false_positive_0p0025,eq_fpr,0.41270216034474305,0.0,0.0024919835627459984,0.9967934250983993,0.2222222222222222
6,false_positive_0p0025,greedy,0.19049982063988916,0.0,0.0007277670681506401,0.29110682726025605,0.2222222222222222
6,false_positive_0p0025,fabrid_macro,0.26987256024495887,0.0,0.0009430678442383003,0.3772271376953201,0.2222222222222222
6,false_positive_0p0025,fabrid_cvar,0.3015947467266605,0.0,0.0014344574305833761,0.5737829722333504,0.2222222222222222
6,false_positive_0p0025,fabrid_macro_finite_safe,0.26987256024495887,0.0,0.0009430678442383003,0.3772271376953201,0.2222222222222222
6,false_positive_0p0025,fabrid_cvar_finite_safe,0.30159338026944293,0.0,0.0013456902795016851,0.538276111800674,0.2222222222222222
6,false_positive_0p0025,fabrid_macro_no_rate_minimization,0.41270197682497345,0.0,0.004594719055428231,1.8378876221712925,0.2222222222222222
6,false_positive_0p0025,common_rate_macro,0.41270216034474305,0.0,0.0024919835627459984,0.9967934250983993,0.2222222222222222
6,false_positive_0p0025,pooled_shared,0.888802230526529,0.5,0.0034647241923980044,1.3858896769592017,0.2222222222222222
6,false_positive_0p0025,eq_fpr_matched_macro,0.26987256024495887,0.0,0.0009430678442383003,0.3772271376953201,0.2222222222222222
6,false_positive_0p0025,eq_fpr_matched_cvar,0.5237977869582228,0.0,0.0027323207379289028,1.092928295171561,0.2222222222222222
6,false_positive_0p005,eq_fpr,0.8332087611452511,0.0,0.007577012098512087,1.5154024197024174,0.2222222222222222
6,false_positive_0p005,greedy,0.24600383872864118,0.0,0.0008662564683850069,0.17325129367700137,0.2222222222222222
6,false_positive_0p005,fabrid_macro,0.3888184634868445,0.0,0.00182098717532926,0.364197435065852,0.2222222222222222
6,false_positive_0p005,fabrid_cvar,0.6110292758537836,0.0,0.005865263205565644,1.1730526411131288,0.2222222222222222
6,false_positive_0p005,fabrid_macro_finite_safe,0.30159493429331696,0.0,0.0014788410061242218,0.2957682012248444,0.2222222222222222
6,false_positive_0p005,fabrid_cvar_finite_safe,0.4126827593410976,0.0,0.001519596328656036,0.3039192657312072,0.2222222222222222
6,false_positive_0p005,fabrid_macro_no_rate_minimization,0.6110355950135097,0.0,0.01732897932255457,3.4657958645109144,0.2222222222222222
6,false_positive_0p005,common_rate_macro,0.72214002644146,0.0,0.007420096486288401,1.4840192972576802,0.2222222222222222
6,false_positive_0p005,pooled_shared,0.9998299033589508,0.9995273168706689,0.004952136672494801,0.9904273344989603,0.2222222222222222
6,false_positive_0p005,eq_fpr_matched_macro,0.6110363977968262,0.0,0.005291863277232974,1.0583726554465949,0.2222222222222222
6,false_positive_0p005,eq_fpr_matched_cvar,0.7221396713495126,0.0,0.007420096486288401,1.4840192972576802,0.2222222222222222
6,false_positive_0p010,eq_fpr,0.9999335108692525,0.9998020525866387,0.01688277307832872,1.6882773078328719,0.2222222222222222
6,false_positive_0p010,greedy,0.30156497334992444,0.0,0.005153215878158059,0.515321587815806,0.2222222222222222
6,false_positive_0p010,fabrid_macro,0.6665956451628615,0.0,0.011514171410889767,1.1514171410889766,0.2222222222222222
6,false_positive_0p010,fabrid_cvar,0.6348773396939581,0.0,0.016039107210720976,1.6039107210720975,0.2222222222222222
6,false_positive_0p010,fabrid_macro_finite_safe,0.5237442619007832,0.0,0.0054323226138547525,0.5432322613854752,0.2222222222222222
6,false_positive_0p010,fabrid_cvar_finite_safe,0.6348546115558286,0.0,0.012767647203417644,1.2767647203417645,0.2222222222222222
6,false_positive_0p010,fabrid_macro_no_rate_minimization,0.6666021954636631,0.0,0.028586994329783143,2.858699432978314,0.2222222222222222
6,false_positive_0p010,common_rate_macro,0.9999317917183794,0.9998020525866387,0.01623076882159899,1.6230768821598989,0.2222222222222222
6,false_positive_0p010,pooled_shared,0.9998629199148696,0.9995510296046812,0.008434168333031615,0.8434168333031615,0.2222222222222222
6,false_positive_0p010,eq_fpr_matched_macro,0.8887845904395337,0.0,0.01122803119026226,1.122803119026226,0.2222222222222222
6,false_positive_0p010,eq_fpr_matched_cvar,0.9999060014163997,0.9997230396205802,0.01445864289684395,1.445864289684395,0.2222222222222222
6,false_positive_0p020,eq_fpr,0.9999836032123489,0.9998524289111401,0.037746934285584594,1.8873467142792297,0.2222222222222222
6,false_positive_0p020,greedy,0.3015873015873016,0.0,0.006641098259979575,0.33205491299897877,0.2222222222222222
6,false_positive_0p020,fabrid_macro,0.6666183752788626,0.0,0.013055948134439452,0.6527974067219726,0.2222222222222222
6,false_positive_0p020,fabrid_cvar,0.6666163595896483,0.0,0.017572103985725705,0.8786051992862852,0.2222222222222222
6,false_positive_0p020,fabrid_macro_finite_safe,0.5237868351519963,0.0,0.007642295457048998,0.3821147728524499,0.2222222222222222
6,false_positive_0p020,fabrid_cvar_finite_safe,0.634897356817827,0.0,0.015050833312924207,0.7525416656462103,0.2222222222222222
6,false_positive_0p020,fabrid_macro_no_rate_minimization,0.6666253274582882,0.0,0.030195346416644096,1.5097673208322047,0.2222222222222222
6,false_positive_0p020,common_rate_macro,0.9999836032123489,0.9998524289111401,0.03757469196735585,1.8787345983677923,0.2222222222222222
6,false_positive_0p020,pooled_shared,0.9999198305746868,0.9996632016196871,0.016702162229392022,0.8351081114696011,0.2222222222222222
6,false_positive_0p020,eq_fpr_matched_macro,0.9999043001977488,0.9997230396205802,0.01416200254455383,0.7081001272276916,0.2222222222222222
6,false_positive_0p020,eq_fpr_matched_cvar,0.9999398634403914,0.999810229558743,0.017865638140305472,0.8932819070152735,0.2222222222222222
7,false_positive_0p001,eq_fpr,0.2698838124494023,0.0,0.0009462380996340749,0.9462380996340749,0.2222222222222222
7,false_positive_0p001,greedy,0.11114531075180402,0.0,0.0007245968127548655,0.7245968127548654,0.2222222222222222
7,false_positive_0p001,fabrid_macro,0.1905170720792049,0.0,0.0008543006931566092,0.8543006931566092,0.2222222222222222
7,false_positive_0p001,fabrid_cvar,0.3016005869423354,0.0,0.0010033026967580193,1.0033026967580192,0.2222222222222222
7,false_positive_0p001,fabrid_macro_finite_safe,0.11114531075180402,0.0,0.0007245968127548655,0.7245968127548654,0.2222222222222222
7,false_positive_0p001,fabrid_cvar_finite_safe,0.19051205112200142,0.0,0.0008165342192323313,0.8165342192323314,0.2222222222222222
7,false_positive_0p001,fabrid_macro_no_rate_minimization,0.22223433247935295,0.0,0.0009332508812272358,0.9332508812272358,0.2222222222222222
7,false_positive_0p001,common_rate_macro,0.2698838124494023,0.0,0.0009462380996340749,0.9462380996340749,0.2222222222222222
7,false_positive_0p001,pooled_shared,0.8253113837182969,0.5,0.002288526490537361,2.288526490537361,0.2222222222222222
7,false_positive_0p001,eq_fpr_matched_macro,0.0,0.0,0.0,0.0,0.2222222222222222
7,false_positive_0p001,eq_fpr_matched_cvar,0.3809949235605134,0.0,0.002259407922144347,2.259407922144347,0.2222222222222222
7,false_positive_0p0025,eq_fpr,0.41271188562010297,0.0,0.0023671966056006866,0.9468786422402746,0.2222222222222222
7,false_positive_0p0025,greedy,0.11114531075180402,0.0,0.0007245968127548655,0.2898387251019462,0.2222222222222222
7,false_positive_0p0025,fabrid_macro,0.33331784734248343,0.0,0.001120295949577942,0.4481183798311768,0.2222222222222222
7,false_positive_0p0025,fabrid_cvar,0.3016019801448639,0.0,0.0012125395528791484,0.48501582115165937,0.2222222222222222
7,false_positive_0p0025,fabrid_macro_finite_safe,0.3015997564397763,0.0,0.0009684298874044977,0.38737195496179905,0.2222222222222222
7,false_positive_0p0025,fabrid_cvar_finite_safe,0.30160139069958336,0.0,0.0011523047003594294,0.4609218801437717,0.2222222222222222
7,false_positive_0p0025,fabrid_macro_no_rate_minimization,0.30160832355370687,0.0,0.001222563757881268,0.4890255031525072,0.2222222222222222
7,false_positive_0p0025,common_rate_macro,0.41271188562010297,0.0,0.0023671966056006866,0.9468786422402746,0.2222222222222222
7,false_positive_0p0025,pooled_shared,0.888807471834346,0.5,0.0033097467265135105,1.3238986906054042,0.2222222222222222
7,false_positive_0p0025,eq_fpr_matched_macro,0.5238059259932046,0.0,0.003021460700724997,1.2085842802899986,0.2222222222222222
7,false_positive_0p0025,eq_fpr_matched_cvar,0.5238059259932046,0.0,0.003021460700724997,1.2085842802899986,0.2222222222222222
7,false_positive_0p005,eq_fpr,0.8332215178359784,0.0,0.006623120611885247,1.3246241223770494,0.2222222222222222
7,false_positive_0p005,greedy,0.16664932884055605,0.0,0.0008950453053510091,0.1790090610702018,0.2222222222222222
7,false_positive_0p005,fabrid_macro,0.3888288413692719,0.0,0.0018712665884220376,0.3742533176844075,0.2222222222222222
7,false_positive_0p005,fabrid_cvar,0.4999249901583829,0.0,0.003726442326203093,0.7452884652406186,0.2222222222222222
7,false_positive_0p005,fabrid_macro_finite_safe,0.3333209587653021,0.0,0.0015524876978694091,0.3104975395738818,0.2222222222222222
7,false_positive_0p005,fabrid_cvar_finite_safe,0.4126931465885199,0.0,0.0023694864390361283,0.4738972878072256,0.2222222222222222
7,false_positive_0p005,fabrid_macro_no_rate_minimization,0.6110373069053661,0.0,0.00785774936344804,1.571549872689608,0.2222222222222222
7,false_positive_0p005,common_rate_macro,0.7221504196662193,0.0,0.006549585943146523,1.3099171886293046,0.2222222222222222
7,false_positive_0p005,pooled_shared,0.9443336201381963,0.5003077967662362,0.0052528237415456,1.05056474830912,0.2222222222222222
7,false_positive_0p005,eq_fpr_matched_macro,0.6110447316293839,0.0,0.0056631629336817545,1.132632586736351,0.2222222222222222
7,false_positive_0p005,eq_fpr_matched_cvar,0.7221446762282708,0.0,0.006147037849285826,1.2294075698571652,0.2222222222222222
7,false_positive_0p010,eq_fpr,0.9999260887696843,0.9998020525866387,0.016452457314752676,1.6452457314752675,0.2222222222222222
7,false_positive_0p010,greedy,0.22219955990450815,0.0,0.005231714317864096,0.5231714317864096,0.2222222222222222
7,false_positive_0p010,fabrid_macro,0.5554898024624586,0.0,0.010084838752880805,1.0084838752880805,0.2222222222222222
7,false_positive_0p010,fabrid_cvar,0.6348710944958492,0.0,0.016486435440609924,1.6486435440609923,0.2222222222222222
7,false_positive_0p010,fabrid_macro_finite_safe,0.5554636821345829,0.0,0.007501773678283501,0.7501773678283501,0.2222222222222222
7,false_positive_0p010,fabrid_cvar_finite_safe,0.6348486641854522,0.0,0.013943719481143124,1.3943719481143124,0.2222222222222222
7,false_positive_0p010,fabrid_macro_no_rate_minimization,0.6666069092706466,0.0,0.02625199883721853,2.625199883721853,0.2222222222222222
7,false_positive_0p010,common_rate_macro,0.9999260887696843,0.9998020525866387,0.016452457314752676,1.6452457314752675,0.2222222222222222
7,false_positive_0p010,pooled_shared,0.9998656214976701,0.9995510296046812,0.00952866695843281,0.952866695843281,0.2222222222222222
7,false_positive_0p010,eq_fpr_matched_macro,0.888769362921756,0.0,0.010582291680056406,1.0582291680056406,0.2222222222222222
7,false_positive_0p010,eq_fpr_matched_cvar,0.9998985792819113,0.9997102563104698,0.013753994101722166,1.3753994101722165,0.2222222222222222
7,false_positive_0p020,eq_fpr,0.999983576467038,0.9998521882033412,0.03757526272130653,1.8787631360653263,0.2222222222222222
7,false_positive_0p020,greedy,0.2222222222222222,0.0,0.00640357495006562,0.320178747503281,0.2222222222222222
7,false_positive_0p020,fabrid_macro,0.5555136228739862,0.0,0.015907765391749373,0.7953882695874687,0.2222222222222222
7,false_positive_0p020,fabrid_cvar,0.6666167776670787,0.0,0.01893083274029432,0.946541637014716,0.2222222222222222
7,false_positive_0p020,fabrid_macro_finite_safe,0.5555103745493599,0.0,0.014412438453419055,0.7206219226709527,0.2222222222222222
7,false_positive_0p020,fabrid_cvar_finite_safe,0.6666092089631276,0.0,0.016298645139512933,0.8149322569756466,0.2222222222222222
7,false_positive_0p020,fabrid_macro_no_rate_minimization,0.7777349513159965,0.0,0.030507027356935053,1.5253513678467527,0.2222222222222222
7,false_positive_0p020,common_rate_macro,0.9999827939771649,0.9998485712957252,0.03670813350813964,1.835406675406982,0.2222222222222222
7,false_positive_0p020,pooled_shared,0.9999138376931174,0.999653984914346,0.017944623206916355,0.8972311603458177,0.2222222222222222
7,false_positive_0p020,eq_fpr_matched_macro,0.9999260887696843,0.9998020525866387,0.016452457314752676,0.8226228657376338,0.2222222222222222
7,false_positive_0p020,eq_fpr_matched_cvar,0.9999358683331204,0.9998083007510354,0.017658620859983553,0.8829310429991777,0.2222222222222222
8,false_positive_0p001,eq_fpr,0.3809992514820357,0.0,0.0019722119557932234,1.9722119557932234,0.2222222222222222
8,false_positive_0p001,greedy,0.19051413599610612,0.0,0.0007490731297251581,0.749073129725158,0.2222222222222222
8,false_positive_0p001,fabrid_macro,0.3809978315341962,0.0,0.0018897853155030815,1.8897853155030815,0.2222222222222222
8,false_positive_0p001,fabrid_cvar,0.3809992514820357,0.0,0.0019722119557932234,1.9722119557932234,0.2222222222222222
8,false_positive_0p001,fabrid_macro_finite_safe,0.19052164105800568,0.0,0.0008699674555832251,0.8699674555832251,0.2222222222222222
8,false_positive_0p001,fabrid_cvar_finite_safe,0.26988814037092457,0.0,0.0009555643512691417,0.9555643512691416,0.2222222222222222
8,false_positive_0p001,fabrid_macro_no_rate_minimization,0.3809992514820357,0.0,0.0019722119557932234,1.9722119557932234,0.2222222222222222
8,false_positive_0p001,common_rate_macro,0.3809992514820357,0.0,0.0019722119557932234,1.9722119557932234,0.2222222222222222
8,false_positive_0p001,pooled_shared,0.8253223442757973,0.5,0.0022398256628906412,2.2398256628906412,0.2222222222222222
8,false_positive_0p001,eq_fpr_matched_macro,0.15873842548957556,0.0,0.00013708140565940317,0.13708140565940316,0.2222222222222222
8,false_positive_0p001,eq_fpr_matched_cvar,0.26988814037092457,0.0,0.0009555643512691417,0.9555643512691416,0.2222222222222222
8,false_positive_0p0025,eq_fpr,0.41271747266811926,0.0,0.0022099811104763245,0.8839924441905298,0.2222222222222222
8,false_positive_0p0025,greedy,0.19051413599610612,0.0,0.0007490731297251581,0.29962925189006323,0.2222222222222222
8,false_positive_0p0025,fabrid_macro,0.41271964708844994,0.0,0.0020737193404554576,0.829487736182183,0.2222222222222222
8,false_positive_0p0025,fabrid_cvar,0.41271921425864977,0.0,0.002466771797534074,0.9867087190136296,0.2222222222222222
8,false_positive_0p0025,fabrid_macro_finite_safe,0.26988814037092457,0.0,0.0009555643512691417,0.3822257405076567,0.2222222222222222
8,false_positive_0p0025,fabrid_cvar_finite_safe,0.30160751370225813,0.0,0.0013898893404902732,0.5559557361961093,0.2222222222222222
8,false_positive_0p0025,fabrid_macro_no_rate_minimization,0.5238177461223126,0.0,0.0032305056212086803,1.292202248483472,0.2222222222222222
8,false_positive_0p0025,common_rate_macro,0.41271747266811926,0.0,0.0022099811104763245,0.8839924441905298,0.2222222222222222
8,false_positive_0p0025,pooled_shared,0.8888090553782005,0.5,0.0032021424234613288,1.2808569693845315,0.2222222222222222
8,false_positive_0p0025,eq_fpr_matched_macro,0.5238119176554414,0.0,0.002535571047118876,1.0142284188475503,0.2222222222222222
8,false_positive_0p0025,eq_fpr_matched_cvar,0.5238121052220979,0.0,0.002605316665825919,1.0421266663303677,0.2222222222222222
8,false_positive_0p005,eq_fpr,0.8332326684686724,0.0,0.008103217225776406,1.6206434451552811,0.2222222222222222
8,false_positive_0p005,greedy,0.24601815408485816,0.0,0.0008982155607467838,0.17964311214935677,0.2222222222222222
8,false_positive_0p005,fabrid_macro,0.49994601248024906,0.0,0.002926658469339063,0.5853316938678126,0.2222222222222222
8,false_positive_0p005,fabrid_cvar,0.6904362623952159,0.0,0.008235968367883697,1.6471936735767394,0.2222222222222222
8,false_positive_0p005,fabrid_macro_finite_safe,0.30161011254065867,0.0,0.0015991261966114023,0.31982523932228046,0.2222222222222222
8,false_positive_0p005,fabrid_cvar_finite_safe,0.4127031635790502,0.0,0.0019091926223803075,0.3818385244760615,0.2222222222222222
8,false_positive_0p005,fabrid_macro_no_rate_minimization,0.7221515918079789,0.0,0.005048902883405919,1.0097805766811838,0.2222222222222222
8,false_positive_0p005,common_rate_macro,0.7221616502761106,0.0,0.007906677234885558,1.5813354469771115,0.2222222222222222
8,false_positive_0p005,pooled_shared,0.944344048532813,0.5003415096792407,0.0048127946545287814,0.9625589309057563,0.2222222222222222
8,false_positive_0p005,eq_fpr_matched_macro,0.6110491809848226,0.0,0.005047202059816374,1.0094404119632747,0.2222222222222222
8,false_positive_0p005,eq_fpr_matched_cvar,0.722160478561601,0.0,0.007847794588385821,1.569558917677164,0.2222222222222222
8,false_positive_0p010,eq_fpr,0.9999332939466247,0.9998048776369246,0.017511173241134555,1.7511173241134554,0.2222222222222222
8,false_positive_0p010,greedy,0.3015652872444007,0.0,0.005121243162994764,0.5121243162994763,0.2222222222222222
8,false_positive_0p010,fabrid_macro,0.8888110159578242,0.0,0.014242589370824468,1.4242589370824468,0.2222222222222222
8,false_positive_0p010,fabrid_cvar,0.7777040195537855,0.0,0.01772375896508033,1.772375896508033,0.2222222222222222
8,false_positive_0p010,fabrid_macro_finite_safe,0.6348535213908142,0.0,0.010529411146069234,1.0529411146069234,0.2222222222222222
8,false_positive_0p010,fabrid_cvar_finite_safe,0.6348533338241577,0.0,0.014043980951599762,1.4043980951599762,0.2222222222222222
8,false_positive_0p010,fabrid_macro_no_rate_minimization,0.8888186623319064,0.0,0.029759350984340762,2.975935098434076,0.2222222222222222
8,false_positive_0p010,common_rate_macro,0.9999327216642079,0.9998048776369246,0.017469781030358913,1.7469781030358913,0.2222222222222222
8,false_positive_0p010,pooled_shared,0.9998728235151589,0.9995570504824947,0.008500347559637085,0.8500347559637085,0.2222222222222222
8,false_positive_0p010,eq_fpr_matched_macro,0.8887980263437939,0.0,0.014284331882904722,1.4284331882904722,0.2222222222222222
8,false_positive_0p010,eq_fpr_matched_cvar,0.9999143476904929,0.9997807941256707,0.015967617597047214,1.5967617597047212,0.2222222222222222
8,false_positive_0p020,eq_fpr,0.9999836032123489,0.9998524289111401,0.03818104902840595,1.9090524514202976,0.2222222222222222
8,false_positive_0p020,greedy,0.3015873015873016,0.0,0.00646001035939769,0.3230005179698845,0.2222222222222222
8,false_positive_0p020,fabrid_macro,0.888833030300725,0.0,0.015979604277303064,0.7989802138651532,0.2222222222222222
8,false_positive_0p020,fabrid_cvar,0.7777276926699367,0.0,0.019871809645436285,0.9935904822718142,0.2222222222222222
8,false_positive_0p020,fabrid_macro_finite_safe,0.6348946739198613,0.0,0.013041219763953666,0.6520609881976833,0.2222222222222222
8,false_positive_0p020,fabrid_cvar_finite_safe,0.6348964956190214,0.0,0.016325149233376433,0.8162574616688216,0.2222222222222222
8,false_positive_0p020,fabrid_macro_no_rate_minimization,0.8888406766748074,0.0,0.03109811818074369,1.5549059090371844,0.2222222222222222
8,false_positive_0p020,common_rate_macro,0.9999836032123489,0.9998524289111401,0.03719716709927843,1.8598583549639214,0.2222222222222222
8,false_positive_0p020,pooled_shared,0.9999171822612168,0.9996663974472146,0.018211764669392578,0.9105882334696289,0.2222222222222222
8,false_positive_0p020,eq_fpr_matched_macro,0.9999226100906901,0.9997960317088253,0.016196172658045772,0.8098086329022885,0.2222222222222222
8,false_positive_0p020,eq_fpr_matched_cvar,0.9999443936942163,0.999813846466359,0.01902351554888574,0.9511757774442869,0.2222222222222222
9,false_positive_0p001,eq_fpr,0.38097982243303047,0.0,0.002190979618369168,2.190979618369168,0.2222222222222222
9,false_positive_0p001,greedy,0.19049578012228283,0.0,0.0007511011205209979,0.7511011205209979,0.2222222222222222
9,false_positive_0p001,fabrid_macro,0.38097982243303047,0.0,0.0021148934888705756,2.1148934888705755,0.2222222222222222
9,false_positive_0p001,fabrid_cvar,0.4126953488317501,0.0,0.002291696973391588,2.291696973391588,0.2222222222222222
9,false_positive_0p001,fabrid_macro_finite_safe,0.19050363195684003,0.0,0.00087059302309177,0.87059302309177,0.2222222222222222
9,false_positive_0p001,fabrid_cvar_finite_safe,0.2222116706220349,0.0,0.0009381461888717042,0.9381461888717042,0.2222222222222222
9,false_positive_0p001,fabrid_macro_no_rate_minimization,0.4126981926790654,0.0,0.0021825650786453984,2.1825650786453985,0.2222222222222222
9,false_positive_0p001,common_rate_macro,0.38097982243303047,0.0,0.002190979618369168,2.190979618369168,0.2222222222222222
9,false_positive_0p001,pooled_shared,0.8253122998987616,0.5,0.002373247124247701,2.3732471242477007,0.2222222222222222
9,false_positive_0p001,eq_fpr_matched_macro,0.1587370302730919,0.0,0.0001251015957199519,0.1251015957199519,0.2222222222222222
9,false_positive_0p001,eq_fpr_matched_cvar,0.4126961148114066,0.0,0.0023241303449917047,2.324130344991705,0.2222222222222222
9,false_positive_0p0025,eq_fpr,0.4126990616883296,0.0,0.0024128974960733957,0.9651589984293583,0.2222222222222222
9,false_positive_0p0025,greedy,0.19049578012228283,0.0,0.0007511011205209979,0.30044044820839916,0.2222222222222222
9,false_positive_0p0025,fabrid_macro,0.4126981926790654,0.0,0.0022586512081439907,0.9034604832575963,0.2222222222222222
9,false_positive_0p0025,fabrid_cvar,0.4127009908455166,0.0,0.002603112819819877,1.0412451279279507,0.2222222222222222
9,false_positive_0p0025,fabrid_macro_finite_safe,0.26986871132191936,0.0,0.0009625304295692358,0.3850121718276943,0.2222222222222222
9,false_positive_0p0025,fabrid_cvar_finite_safe,0.3015891294677795,0.0,0.0012890667353340282,0.5156266941336113,0.2222222222222222
9,false_positive_0p0025,fabrid_macro_no_rate_minimization,0.5238093037901765,0.0,0.005510778084277758,2.2043112337111035,0.2222222222222222
9,false_positive_0p0025,common_rate_macro,0.4126990616883296,0.0,0.0024128974960733957,0.9651589984293583,0.2222222222222222
9,false_positive_0p0025,pooled_shared,0.8887929804948824,0.5,0.003385677955199609,1.3542711820798436,0.2222222222222222
9,false_positive_0p0025,eq_fpr_matched_macro,0.5237949131894131,0.0,0.003380070506257159,1.3520282025028636,0.2222222222222222
9,false_positive_0p0025,eq_fpr_matched_cvar,0.5237951275013806,0.0,0.0033927515278402575,1.357100611136103,0.2222222222222222
9,false_positive_0p005,eq_fpr,0.8332053067779093,0.0,0.0072954752864565426,1.4590950572913084,0.2222222222222222
9,false_positive_0p005,greedy,0.24599979821103485,0.0,0.0009108965823298825,0.1821793164659765,0.2222222222222222
9,false_positive_0p005,fabrid_macro,0.49992554939476896,0.0,0.003004943918171192,0.6009887836342384,0.2222222222222222
9,false_positive_0p005,fabrid_cvar,0.5793170846239732,0.0,0.009640822002814872,1.9281644005629743,0.2222222222222222
9,false_positive_0p005,fabrid_macro_finite_safe,0.301590844312999,0.0,0.0014539200159143118,0.29078400318286235,0.2222222222222222
9,false_positive_0p005,fabrid_cvar_finite_safe,0.4127012051574841,0.0,0.006476055833174726,1.295211166634945,0.2222222222222222
9,false_positive_0p005,fabrid_macro_no_rate_minimization,0.6110320909590197,0.0,0.017072674753138523,3.4145349506277047,0.2222222222222222
9,false_positive_0p005,common_rate_macro,0.7221387027670613,0.0,0.007178993326638336,1.435798665327667,0.2222222222222222
9,false_positive_0p005,pooled_shared,0.9998222715948251,0.9995273168706689,0.00510920826393704,1.0218416527874081,0.2222222222222222
9,false_positive_0p005,eq_fpr_matched_macro,0.6110337334076024,0.0,0.005317395022546087,1.0634790045092175,0.2222222222222222
9,false_positive_0p005,eq_fpr_matched_cvar,0.7221387027670613,0.0,0.007178993326638336,1.435798665327667,0.2222222222222222
9,false_positive_0p010,eq_fpr,0.9999262092851458,0.9998020525866387,0.016337560525692452,1.6337560525692452,0.2222222222222222
9,false_positive_0p010,greedy,0.301559628064533,0.0,0.005109062571807085,0.5109062571807085,0.2222222222222222
9,false_positive_0p010,fabrid_macro,0.6666003067729999,0.0,0.02200754147257246,2.200754147257246,0.2222222222222222
9,false_positive_0p010,fabrid_cvar,0.745990222548359,0.0,0.02705276241221106,2.705276241221106,0.2222222222222222
9,false_positive_0p010,fabrid_macro_finite_safe,0.5554708752447955,0.0,0.015708611183766288,1.5708611183766288,0.2222222222222222
9,false_positive_0p010,fabrid_cvar_finite_safe,0.6348582453711236,0.0,0.016705873411510086,1.6705873411510086,0.2222222222222222
9,false_positive_0p010,fabrid_macro_no_rate_minimization,0.777703031923629,0.0,0.029566100748530666,2.9566100748530664,0.2222222222222222
9,false_positive_0p010,common_rate_macro,0.9999262092851458,0.9998020525866387,0.016309600765410867,1.6309600765410868,0.2222222222222222
9,false_positive_0p010,pooled_shared,0.9998543090390795,0.999553854654967,0.008248583085306009,0.8248583085306009,0.2222222222222222
9,false_positive_0p010,eq_fpr_matched_macro,0.8887942753026492,0.0,0.012172364544511859,1.2172364544511858,0.2222222222222222
9,false_positive_0p010,eq_fpr_matched_cvar,0.9999000048784892,0.9997102563104698,0.013367050888843213,1.3367050888843213,0.2222222222222222
9,false_positive_0p020,eq_fpr,0.9999834116177821,0.9998541170110488,0.0375814733344637,1.8790736667231849,0.2222222222222222
9,false_positive_0p020,greedy,0.3015873015873016,0.0,0.006529498463311825,0.32647492316559124,0.2222222222222222
9,false_positive_0p020,fabrid_macro,0.6666259589632993,0.0,0.0162381502557537,0.8119075127876849,0.2222222222222222
9,false_positive_0p020,fabrid_cvar,0.7777366681957865,0.0,0.03106532923991581,1.5532664619957903,0.2222222222222222
9,false_positive_0p020,fabrid_macro_finite_safe,0.5237950056882315,0.0,0.013766880720722253,0.6883440360361126,0.2222222222222222
9,false_positive_0p020,fabrid_cvar_finite_safe,0.6349015230725313,0.0,0.019445361638282182,0.9722680819141091,0.2222222222222222
9,false_positive_0p020,fabrid_macro_no_rate_minimization,0.7777390914068796,0.0,0.031460873471264604,1.5730436735632303,0.2222222222222222
9,false_positive_0p020,common_rate_macro,0.9999834116177821,0.9998541170110488,0.0375814733344637,1.8790736667231849,0.2222222222222222
9,false_positive_0p020,pooled_shared,0.999914130735411,0.9996568099646319,0.016100405045355932,0.8050202522677966,0.2222222222222222
9,false_positive_0p020,eq_fpr_matched_macro,0.9999174049069561,0.9997836191759566,0.01440557391956882,0.720278695978441,0.2222222222222222
9,false_positive_0p020,eq_fpr_matched_cvar,0.999943806833073,0.999827591973426,0.017789499194451414,0.8894749597225706,0.2222222222222222
