seed,budget,policy,macro_recall,worst_client_recall,federation_fpr,budget_usage,fallback_rate
0,false_positive_0p001,eq_fpr,0.4222474832157217,0.0,0.002250838639308731,2.250838639308731,0.0
0,false_positive_0p001,greedy,0.0,0.0,0.0,0.0,0.0
0,false_positive_0p001,fabrid_macro,0.4222474832157217,0.0,0.002250838639308731,2.250838639308731,0.0
0,false_positive_0p001,fabrid_cvar,0.4222474832157217,0.0,0.002250838639308731,2.250838639308731,0.0
0,false_positive_0p001,fabrid_macro_finite_safe,0.24445216287118304,0.0,0.00035511695547421905,0.35511695547421906,0.0
0,false_positive_0p001,fabrid_cvar_finite_safe,0.24445216287118304,0.0,0.00035511695547421905,0.35511695547421906,0.0
0,false_positive_0p001,fabrid_macro_no_rate_minimization,0.4222474832157217,0.0,0.002250838639308731,2.250838639308731,0.0
0,false_positive_0p001,common_rate_macro,0.4222474832157217,0.0,0.002250838639308731,2.250838639308731,0.0
0,false_positive_0p001,pooled_shared,0.8666163373618436,0.6,0.0024378175107664327,2.4378175107664326,0.0
0,false_positive_0p001,eq_fpr_matched_macro,0.3111363721046106,0.0,0.000937668816798459,0.9376688167984589,0.0
0,false_positive_0p001,eq_fpr_matched_cvar,0.3111363721046106,0.0,0.000937668816798459,0.9376688167984589,0.0
0,false_positive_0p0025,eq_fpr,0.4444487753056431,0.0,0.002422032430680564,0.9688129722722255,0.0
0,false_positive_0p0025,greedy,0.0,0.0,0.0,0.0,0.0
0,false_positive_0p0025,fabrid_macro,0.466661773187035,0.0,0.0030607278123692596,1.2242911249477038,0.0
0,false_positive_0p0025,fabrid_cvar,0.466661773187035,0.0,0.0030607278123692596,1.2242911249477038,0.0
0,false_positive_0p0025,fabrid_macro_finite_safe,0.3111363721046106,0.0,0.000937668816798459,0.3750675267193836,0.0
0,false_positive_0p0025,fabrid_cvar_finite_safe,0.3111363721046106,0.0,0.000937668816798459,0.3750675267193836,0.0
0,false_positive_0p0025,fabrid_macro_no_rate_minimization,0.48886319657361593,0.0,0.003266794413094614,1.3067177652378457,0.0
0,false_positive_0p0025,common_rate_macro,0.4444487753056431,0.0,0.002383989365931268,0.9535957463725071,0.0
0,false_positive_0p0025,pooled_shared,0.9110492558794747,0.6,0.0033176666873378155,1.327066674935126,0.0
0,false_positive_0p0025,eq_fpr_matched_macro,0.5555487830169006,0.0,0.003111169335158396,1.2444677340633583,0.0
0,false_positive_0p0025,eq_fpr_matched_cvar,0.5555487830169006,0.0,0.003111169335158396,1.2444677340633583,0.0
0,false_positive_0p005,eq_fpr,0.8443577037459726,0.0,0.00707716925476797,1.415433850953594,0.0
0,false_positive_0p005,greedy,0.0,0.0,0.0,0.0,0.0
0,false_positive_0p005,fabrid_macro,0.5110694411823101,0.0,0.003906178594573712,0.7812357189147424,0.0
0,false_positive_0p005,fabrid_cvar,0.5555077746051932,0.0,0.0071792049317944,1.43584098635888,0.0
0,false_positive_0p005,fabrid_macro_finite_safe,0.3333409650881028,0.0,0.0015939116837238184,0.3187823367447637,0.0
0,false_positive_0p005,fabrid_cvar_finite_safe,0.4221768715565339,0.0,0.004417161421456732,0.8834322842913463,0.0
0,false_positive_0p005,fabrid_macro_no_rate_minimization,0.5555102024602145,0.0,0.00580875858549736,1.161751717099472,0.0
0,false_positive_0p005,common_rate_macro,0.8443577037459726,0.0,0.00707716925476797,1.415433850953594,0.0
0,false_positive_0p005,pooled_shared,0.9554686500481286,0.600157883100848,0.004833119309320318,0.9666238618640636,0.0
0,false_positive_0p005,eq_fpr_matched_macro,0.6221666905428367,0.0,0.0065797545922585896,1.315950918451718,0.0
0,false_positive_0p005,eq_fpr_matched_cvar,0.7332744830705322,0.0,0.007018188129430797,1.4036376258861594,0.0
0,false_positive_0p010,eq_fpr,0.99994876097548,0.9998416420693109,0.016872555189542938,1.6872555189542937,0.0
0,false_positive_0p010,greedy,0.0,0.0,0.0,0.0,0.0
0,false_positive_0p010,fabrid_macro,0.6666308416323101,0.0,0.00821747888038694,0.821747888038694,0.0
0,false_positive_0p010,fabrid_cvar,0.777744587903942,0.0,0.018969597595208585,1.8969597595208585,0.0
0,false_positive_0p010,fabrid_macro_finite_safe,0.44439752383211206,0.0,0.006313640536439822,0.6313640536439822,0.0
0,false_positive_0p010,fabrid_cvar_finite_safe,0.5333158438700683,0.0,0.010933142300528241,1.093314230052824,0.0
0,false_positive_0p010,fabrid_macro_no_rate_minimization,0.7777435563355438,0.0,0.023046777309261125,2.3046777309261124,0.0
0,false_positive_0p010,common_rate_macro,0.99994876097548,0.9998416420693109,0.016872555189542938,1.6872555189542937,0.0
0,false_positive_0p010,pooled_shared,0.9998950787751758,0.9996430837239737,0.008551458990454336,0.8551458990454336,0.0
0,false_positive_0p010,eq_fpr_matched_macro,0.8888039421433099,0.0,0.010277047348312677,1.0277047348312676,0.0
0,false_positive_0p010,eq_fpr_matched_cvar,0.9999219175527657,0.9997537549416234,0.012747055783974226,1.2747055783974226,0.0
0,false_positive_0p020,eq_fpr,0.999989084878718,0.9999017639084606,0.037857938090158784,1.8928969045079391,0.0
0,false_positive_0p020,greedy,0.0,0.0,0.0,0.0,0.0
0,false_positive_0p020,fabrid_macro,0.7777545365168465,0.0,0.029201967329000187,1.4600983664500093,0.0
0,false_positive_0p020,fabrid_cvar,0.8888601841111268,0.0,0.0365796584282018,1.8289829214100901,0.0
0,false_positive_0p020,fabrid_macro_finite_safe,0.6666416852881127,0.0,0.02422487007677901,1.2112435038389504,0.0
0,false_positive_0p020,fabrid_cvar_finite_safe,0.7777456134341302,0.0,0.028640390983732854,1.4320195491866428,0.0
0,false_positive_0p020,fabrid_macro_no_rate_minimization,0.8888676793134634,0.0,0.0388973956687022,1.9448697834351099,0.0
0,false_positive_0p020,common_rate_macro,0.999989084878718,0.9999017639084606,0.037857938090158784,1.8928969045079391,0.0
0,false_positive_0p020,pooled_shared,0.9999353078236363,0.9997280046337276,0.01652012803326034,0.826006401663017,0.0
0,false_positive_0p020,eq_fpr_matched_macro,0.9999569192738765,0.999869524030992,0.018411587044977418,0.9205793522488709,0.0
0,false_positive_0p020,eq_fpr_matched_cvar,0.9999797688723056,0.9998855597219967,0.02285040143532313,1.1425200717661566,0.0
1,false_positive_0p001,eq_fpr,0.42226016019283563,0.0,0.002161741376053384,2.161741376053384,0.0
1,false_positive_0p001,greedy,0.08888902018554844,0.0,0.00003487280935352152,0.03487280935352152,0.0
1,false_positive_0p001,fabrid_macro,0.42226016019283563,0.0,0.002161741376053384,2.161741376053384,0.0
1,false_positive_0p001,fabrid_cvar,0.42226016019283563,0.0,0.002161741376053384,2.161741376053384,0.0
1,false_positive_0p001,fabrid_macro_finite_safe,0.24445150409201125,0.0,0.0003788920608008642,0.3788920608008642,0.0
1,false_positive_0p001,fabrid_cvar_finite_safe,0.24445150409201125,0.0,0.0003788920608008642,0.3788920608008642,0.0
1,false_positive_0p001,fabrid_macro_no_rate_minimization,0.42226016019283563,0.0,0.002161741376053384,2.161741376053384,0.0
1,false_positive_0p001,common_rate_macro,0.42226016019283563,0.0,0.002161741376053384,2.161741376053384,0.0
1,false_positive_0p001,pooled_shared,0.8666132475747175,0.6,0.002327716551996756,2.327716551996756,0.0
1,false_positive_0p001,eq_fpr_matched_macro,0.3111490490817245,0.0,0.0009756525041086221,0.975652504108622,0.0
1,false_positive_0p001,eq_fpr_matched_cvar,0.3111490490817245,0.0,0.0009756525041086221,0.975652504108622,0.0
1,false_positive_0p0025,eq_fpr,0.4444624836896801,0.0,0.0023202541458421182,0.9281016583368473,0.0
1,false_positive_0p0025,greedy,0.08888902018554844,0.0,0.00003487280935352152,0.013949123741408607,0.0
1,false_positive_0p0025,fabrid_macro,0.46666381229340914,0.0,0.003056882041015021,1.2227528164060084,0.0
1,false_positive_0p0025,fabrid_cvar,0.46666381229340914,0.0,0.003056882041015021,1.2227528164060084,0.0
1,false_positive_0p0025,fabrid_macro_finite_safe,0.3111490490817245,0.0,0.0009756525041086221,0.3902610016434488,0.0
1,false_positive_0p0025,fabrid_cvar_finite_safe,0.3111490490817245,0.0,0.0009756525041086221,0.3902610016434488,0.0
1,false_positive_0p0025,fabrid_macro_no_rate_minimization,0.48886626708691305,0.0,0.0032819701741150236,1.3127880696460095,0.0
1,false_positive_0p0025,common_rate_macro,0.4444624836896801,0.0,0.0023202541458421182,0.9281016583368473,0.0
1,false_positive_0p0025,pooled_shared,0.9110607271842213,0.6,0.0033465891384612868,1.3386356553845147,0.0
1,false_positive_0p0025,eq_fpr_matched_macro,0.5555618003895766,0.0,0.002601718607613526,1.0406874430454105,0.0
1,false_positive_0p0025,eq_fpr_matched_cvar,0.5555618003895766,0.0,0.002601718607613526,1.0406874430454105,0.0
1,false_positive_0p005,eq_fpr,0.8443701820983116,0.0,0.007098076966236401,1.4196153932472801,0.0
1,false_positive_0p005,greedy,0.08888902018554844,0.0,0.00003487280935352152,0.006974561870704304,0.0
1,false_positive_0p005,fabrid_macro,0.4888672236069654,0.0,0.0035102285626108006,0.7020457125221601,0.0
1,false_positive_0p005,fabrid_cvar,0.5333024956980107,0.0,0.0067483465116357335,1.3496693023271467,0.0
1,false_positive_0p005,fabrid_macro_finite_safe,0.3333523290986212,0.0,0.0013370616192269359,0.26741232384538716,0.0
1,false_positive_0p005,fabrid_cvar_finite_safe,0.42217615957772725,0.0,0.004458605642399586,0.8917211284799171,0.0
1,false_positive_0p005,fabrid_macro_no_rate_minimization,0.555511163461926,0.0,0.0057726675773785915,1.1545335154757184,0.0
1,false_positive_0p005,common_rate_macro,0.8443701820983116,0.0,0.007098076966236401,1.4196153932472801,0.0
1,false_positive_0p005,pooled_shared,0.999884027277186,0.9996218534965351,0.00492464167653554,0.984928335307108,0.0
1,false_positive_0p005,eq_fpr_matched_macro,0.5777768892567079,0.0,0.00485659067881255,0.9713181357625099,0.0
1,false_positive_0p005,eq_fpr_matched_cvar,0.7332707728685351,0.0,0.006569582505316974,1.3139165010633949,0.0
1,false_positive_0p010,eq_fpr,0.999949297494984,0.9998416420693109,0.01675347658469139,1.675347658469139,0.0
1,false_positive_0p010,greedy,0.08888902018554844,0.0,0.00003487280935352152,0.003487280935352152,0.0
1,false_positive_0p010,fabrid_macro,0.5555234501775569,0.0,0.007752637767552922,0.7752637767552922,0.0
1,false_positive_0p010,fabrid_cvar,0.7555409107226596,0.0,0.012604256481138734,1.2604256481138734,0.0
1,false_positive_0p010,fabrid_macro_finite_safe,0.4443952187116489,0.0,0.00616942911779748,0.6169429117797479,0.0
1,false_positive_0p010,fabrid_cvar_finite_safe,0.6444144202858068,0.0,0.007992483588963002,0.7992483588963001,0.0
1,false_positive_0p010,fabrid_macro_no_rate_minimization,0.7777372133348722,0.0,0.02621895088456284,2.621895088456284,0.0
1,false_positive_0p010,common_rate_macro,0.999949297494984,0.9998416420693109,0.01675347658469139,1.675347658469139,0.0
1,false_positive_0p010,pooled_shared,0.9999027762166727,0.999640823683745,0.007913207340204967,0.7913207340204966,0.0
1,false_positive_0p010,eq_fpr_matched_macro,0.8887907213136419,0.0,0.008335718190766913,0.8335718190766913,0.0
1,false_positive_0p010,eq_fpr_matched_cvar,0.8888096620884234,0.0,0.01091540614527222,1.091540614527222,0.0
1,false_positive_0p020,eq_fpr,0.9999885208388756,0.999897881907734,0.037355228509662386,1.8677614254831192,0.0
1,false_positive_0p020,greedy,0.08888902018554844,0.0,0.00003487280935352152,0.001743640467676076,0.0
1,false_positive_0p020,fabrid_macro,0.777750043958859,0.0,0.028315613830662827,1.4157806915331412,0.0
1,false_positive_0p020,fabrid_cvar,0.8888599172348811,0.0,0.03559098391450717,1.7795491957253584,0.0
1,false_positive_0p020,fabrid_macro_finite_safe,0.6666350635589537,0.0,0.025688436940270655,1.2844218470135327,0.0
1,false_positive_0p020,fabrid_cvar_finite_safe,0.7777441476535969,0.0,0.028721151598004126,1.4360575799002062,0.0
1,false_positive_0p020,fabrid_macro_no_rate_minimization,0.8888662703244149,0.0,0.03823260234500257,1.9116301172501287,0.0
1,false_positive_0p020,common_rate_macro,0.9999885208388756,0.999897881907734,0.037355228509662386,1.8677614254831192,0.0
1,false_positive_0p020,pooled_shared,0.9999382175026297,0.9997254479717055,0.016469819167635204,0.8234909583817602,0.0
1,false_positive_0p020,eq_fpr_matched_macro,0.9999544086313258,0.9998658105257249,0.017977151236465296,0.8988575618232647,0.0
1,false_positive_0p020,eq_fpr_matched_cvar,0.9999778104602489,0.999875600876131,0.02368121892887854,1.184060946443927,0.0
2,false_positive_0p001,eq_fpr,0.4222607971566806,0.0,0.00228133955122741,2.28133955122741,0.0
2,false_positive_0p001,greedy,0.0,0.0,0.0,0.0,0.0
2,false_positive_0p001,fabrid_macro,0.4222607971566806,0.0,0.00228133955122741,2.28133955122741,0.0
2,false_positive_0p001,fabrid_cvar,0.4222607971566806,0.0,0.00228133955122741,2.28133955122741,0.0
2,false_positive_0p001,fabrid_macro_finite_safe,0.24445077949165825,0.0,0.00037140928540937995,0.37140928540937995,0.0
2,false_positive_0p001,fabrid_cvar_finite_safe,0.24445077949165825,0.0,0.00037140928540937995,0.37140928540937995,0.0
2,false_positive_0p001,fabrid_macro_no_rate_minimization,0.4222607971566806,0.0,0.00228133955122741,2.28133955122741,0.0
2,false_positive_0p001,common_rate_macro,0.4222607971566806,0.0,0.00228133955122741,2.28133955122741,0.0
2,false_positive_0p001,pooled_shared,0.8666082202225288,0.6,0.0024351607921005384,2.4351607921005383,0.0
2,false_positive_0p001,eq_fpr_matched_macro,0.3111496860455695,0.0,0.0009681697287171377,0.9681697287171377,0.0
2,false_positive_0p001,eq_fpr_matched_cvar,0.3111496860455695,0.0,0.0009681697287171377,0.9681697287171377,0.0
2,false_positive_0p0025,eq_fpr,0.4444626518766756,0.0,0.0024842358965569897,0.9936943586227959,0.0
2,false_positive_0p0025,greedy,0.0,0.0,0.0,0.0,0.0
2,false_positive_0p0025,fabrid_macro,0.46666471652152364,0.0,0.0030912287242879383,1.2364914897151753,0.0
2,false_positive_0p0025,fabrid_cvar,0.46666471652152364,0.0,0.0030912287242879383,1.2364914897151753,0.0
2,false_positive_0p0025,fabrid_macro_finite_safe,0.3111496860455695,0.0,0.0009681697287171377,0.3872678914868551,0.0
2,false_positive_0p0025,fabrid_cvar_finite_safe,0.3111496860455695,0.0,0.0009681697287171377,0.3872678914868551,0.0
2,false_positive_0p0025,fabrid_macro_no_rate_minimization,0.5110682462699728,0.0,0.003363564491500821,1.3454257966003282,0.0
2,false_positive_0p0025,common_rate_macro,0.4444626518766756,0.0,0.0024842358965569897,0.9936943586227959,0.0
2,false_positive_0p0025,pooled_shared,0.911065788287349,0.6,0.003312184380680497,1.3248737522721987,0.0
2,false_positive_0p0025,eq_fpr_matched_macro,0.5555641345615054,0.0,0.003081779528783625,1.23271181151345,0.0
2,false_positive_0p0025,eq_fpr_matched_cvar,0.5555641345615054,0.0,0.003081779528783625,1.23271181151345,0.0
2,false_positive_0p005,eq_fpr,0.8443694846139285,0.0,0.007316577838855186,1.4633155677710372,0.0
2,false_positive_0p005,greedy,0.0,0.0,0.0,0.0,0.0
2,false_positive_0p005,fabrid_macro,0.5110742919522208,0.0,0.003962041549658588,0.7924083099317176,0.0
2,false_positive_0p005,fabrid_cvar,0.5333033464129366,0.0,0.006988414391849197,1.3976828783698394,0.0
2,false_positive_0p005,fabrid_macro_finite_safe,0.3333561918245306,0.0,0.0016719664265791175,0.3343932853158235,0.0
2,false_positive_0p005,fabrid_cvar_finite_safe,0.4221765808716684,0.0,0.004540363202882177,0.9080726405764353,0.0
2,false_positive_0p005,fabrid_macro_no_rate_minimization,0.5555150532301253,0.0,0.005827207663624814,1.1654415327249628,0.0
2,false_positive_0p005,common_rate_macro,0.8443694846139285,0.0,0.007316577838855186,1.4633155677710372,0.0
2,false_positive_0p005,pooled_shared,0.955486236403741,0.6002901589852014,0.004913708749737739,0.9827417499475478,0.0
2,false_positive_0p005,eq_fpr_matched_macro,0.6221821971845327,0.0,0.006818018099785028,1.3636036199570056,0.0
2,false_positive_0p005,eq_fpr_matched_cvar,0.7332853052633581,0.0,0.006967942795367929,1.3935885590735857,0.0
2,false_positive_0p010,eq_fpr,0.9999497472939205,0.9998416420693109,0.01725820012089849,1.725820012089849,0.0
2,false_positive_0p010,greedy,0.0,0.0,0.0,0.0,0.0
2,false_positive_0p010,fabrid_macro,0.5555230571074452,0.0,0.007794217353546917,0.7794217353546917,0.0
2,false_positive_0p010,fabrid_cvar,0.6444337265839782,0.0,0.016131397100552166,1.6131397100552165,0.0
2,false_positive_0p010,fabrid_macro_finite_safe,0.4221947109720036,0.0,0.006033483429061464,0.6033483429061465,0.0
2,false_positive_0p010,fabrid_cvar_finite_safe,0.5333192881965688,0.0,0.009370169705478206,0.9370169705478206,0.0
2,false_positive_0p010,fabrid_macro_no_rate_minimization,0.7777424239509146,0.0,0.025923853381496578,2.5923853381496578,0.0
2,false_positive_0p010,common_rate_macro,0.9999497472939205,0.9998416420693109,0.01725820012089849,1.725820012089849,0.0
2,false_positive_0p010,pooled_shared,0.9999063283852916,0.9996430837239737,0.008930584677700734,0.8930584677700734,0.0
2,false_positive_0p010,eq_fpr_matched_macro,0.888791653214811,0.0,0.008470114381788917,0.8470114381788917,0.0
2,false_positive_0p010,eq_fpr_matched_cvar,0.8888170943544299,0.0,0.013127864037893375,1.3127864037893375,0.0
2,false_positive_0p020,eq_fpr,0.9999885222486442,0.9998967002377981,0.03785990645465896,1.8929953227329481,0.0
2,false_positive_0p020,greedy,0.0,0.0,0.0,0.0,0.0
2,false_positive_0p020,fabrid_macro,0.7777505635967029,0.0,0.02815793975191177,1.4078969875955885,0.0
2,false_positive_0p020,fabrid_cvar,0.88886073083902,0.0,0.03493074093462148,1.746537046731074,0.0
2,false_positive_0p020,fabrid_macro_finite_safe,0.6666359876607643,0.0,0.019184221935919957,0.9592110967959978,0.0
2,false_positive_0p020,fabrid_cvar_finite_safe,0.77774640747933,0.0,0.02555869088082688,1.2779345440413439,0.0
2,false_positive_0p020,fabrid_macro_no_rate_minimization,0.8888669573546875,0.0,0.038573079730492836,1.9286539865246417,0.0
2,false_positive_0p020,common_rate_macro,0.9999885222486442,0.9998967002377981,0.03785990645465896,1.8929953227329481,0.0
2,false_positive_0p020,pooled_shared,0.9999409641552334,0.9997280046337276,0.018043253886399428,0.9021626943199714,0.0
2,false_positive_0p020,eq_fpr_matched_macro,0.9999560650513337,0.9998658105257249,0.018285568097080054,0.9142784048540027,0.0
2,false_positive_0p020,eq_fpr_matched_cvar,0.9999766668255623,0.999875600876131,0.021103840884238438,1.0551920442119218,0.0
3,false_positive_0p001,eq_fpr,0.31114818820970425,0.0,0.0009462380996340749,0.9462380996340749,0.0
3,false_positive_0p001,greedy,0.08888888888888889,0.0,3.1702553957746837e-6,0.0031702553957746837,0.0
3,false_positive_0p001,fabrid_macro,0.31114818820970425,0.0,0.0009462380996340749,0.9462380996340749,0.0
3,false_positive_0p001,fabrid_cvar,0.31114818820970425,0.0,0.0009462380996340749,0.9462380996340749,0.0
3,false_positive_0p001,fabrid_macro_finite_safe,0.24444954260935,0.0,0.00034947765632631714,0.3494776563263171,0.0
3,false_positive_0p001,fabrid_cvar_finite_safe,0.24444954260935,0.0,0.00034947765632631714,0.3494776563263171,0.0
3,false_positive_0p001,fabrid_macro_no_rate_minimization,0.31114818820970425,0.0,0.0009462380996340749,0.9462380996340749,0.0
3,false_positive_0p001,common_rate_macro,0.31114818820970425,0.0,0.0009462380996340749,0.9462380996340749,0.0
3,false_positive_0p001,pooled_shared,0.8666112607307423,0.6,0.002373247124247701,2.3732471242477007,0.0
3,false_positive_0p001,eq_fpr_matched_macro,0.31114818820970425,0.0,0.0009462380996340749,0.9462380996340749,0.0
3,false_positive_0p001,eq_fpr_matched_cvar,0.31114818820970425,0.0,0.0009462380996340749,0.9462380996340749,0.0
3,false_positive_0p0025,eq_fpr,0.4444623729095461,0.0,0.0023438578211201645,0.9375431284480658,0.0
3,false_positive_0p0025,greedy,0.08888888888888889,0.0,3.1702553957746837e-6,0.0012681021583098734,0.0
3,false_positive_0p0025,fabrid_macro,0.3555518339995652,0.0,0.0017561272726946036,0.7024509090778414,0.0
3,false_positive_0p0025,fabrid_cvar,0.3555518339995652,0.0,0.0017561272726946036,0.7024509090778414,0.0
3,false_positive_0p0025,fabrid_macro_finite_safe,0.31114818820970425,0.0,0.0009462380996340749,0.37849523985363,0.0
3,false_positive_0p0025,fabrid_cvar_finite_safe,0.31114818820970425,0.0,0.0009462380996340749,0.37849523985363,0.0
3,false_positive_0p0025,fabrid_macro_no_rate_minimization,0.39995423267083247,0.0,0.0018575754453593932,0.7430301781437573,0.0
3,false_positive_0p0025,common_rate_macro,0.4444623729095461,0.0,0.0023438578211201645,0.9375431284480658,0.0
3,false_positive_0p0025,pooled_shared,0.9110681208228668,0.6,0.003227335073606898,1.2909340294427591,0.0
3,false_positive_0p0025,eq_fpr_matched_macro,0.5555616828642351,0.0,0.00283395690411673,1.133582761646692,0.0
3,false_positive_0p0025,eq_fpr_matched_cvar,0.5555616828642351,0.0,0.00283395690411673,1.133582761646692,0.0
3,false_positive_0p005,eq_fpr,0.8443680735999091,0.0,0.007144827039989356,1.428965407997871,0.0
3,false_positive_0p005,greedy,0.08888888888888889,0.0,3.1702553957746837e-6,0.0006340510791549367,0.0
3,false_positive_0p005,fabrid_macro,0.3999596851606717,0.0,0.0022887597851834725,0.45775195703669447,0.0
3,false_positive_0p005,fabrid_cvar,0.44439169238916676,0.0,0.005641029860885887,1.1282059721771776,0.0
3,false_positive_0p005,fabrid_macro_finite_safe,0.3333524809118063,0.0,0.0013583713010847838,0.27167426021695673,0.0
3,false_positive_0p005,fabrid_cvar_finite_safe,0.42217452347483375,0.0,0.004469606720866105,0.8939213441732209,0.0
3,false_positive_0p005,fabrid_macro_no_rate_minimization,0.4444070033945788,0.0,0.00487683322910784,0.975366645821568,0.0
3,false_positive_0p005,common_rate_macro,0.8443680735999091,0.0,0.007144827039989356,1.428965407997871,0.0
3,false_positive_0p005,pooled_shared,0.9998895083404958,0.9996218534965351,0.005347042840424021,1.0694085680848042,0.0
3,false_positive_0p005,eq_fpr_matched_macro,0.5777786142005827,0.0,0.004701401836467975,0.940280367293595,0.0
3,false_positive_0p005,eq_fpr_matched_cvar,0.7332900161737886,0.0,0.007103302489202209,1.4206604978404418,0.0
3,false_positive_0p010,eq_fpr,0.9999506767643719,0.9998416420693109,0.01683608510387876,1.683608510387876,0.0
3,false_positive_0p010,greedy,0.08888888888888889,0.0,3.1702553957746837e-6,0.00031702553957746834,0.0
3,false_positive_0p010,fabrid_macro,0.44441160751831693,0.0,0.0065109291396245605,0.651092913962456,0.0
3,false_positive_0p010,fabrid_cvar,0.6666297276252472,0.0,0.018028248120657904,1.8028248120657904,0.0
3,false_positive_0p010,fabrid_macro_finite_safe,0.42219373668301446,0.0,0.006154611235001386,0.6154611235001386,0.0
3,false_positive_0p010,fabrid_cvar_finite_safe,0.5333065867187616,0.0,0.010506487484420547,1.0506487484420548,0.0
3,false_positive_0p010,fabrid_macro_no_rate_minimization,0.6666316115464985,0.0,0.02504228360509051,2.504228360509051,0.0
3,false_positive_0p010,common_rate_macro,0.9999506767643719,0.9998416420693109,0.01683608510387876,1.683608510387876,0.0
3,false_positive_0p010,pooled_shared,0.9999046201220767,0.999640823683745,0.008754363371551045,0.8754363371551044,0.0
3,false_positive_0p010,eq_fpr_matched_macro,0.888794102106485,0.0,0.008589712030912834,0.8589712030912834,0.0
3,false_positive_0p010,eq_fpr_matched_cvar,0.999924849064128,0.9997537549416234,0.01353080188887531,1.353080188887531,0.0
3,false_positive_0p020,eq_fpr,0.999988372230267,0.9998953500724028,0.0377121948008278,1.8856097400413898,0.0
3,false_positive_0p020,greedy,0.08888888888888889,0.0,3.1702553957746837e-6,0.00015851276978873417,0.0
3,false_positive_0p020,fabrid_macro,0.6666411064724098,0.0,0.02724652953223665,1.3623264766118324,0.0
3,false_positive_0p020,fabrid_cvar,0.7777509797484319,0.0,0.03426283050351355,1.7131415251756776,0.0
3,false_positive_0p020,fabrid_macro_finite_safe,0.666636726979344,0.0,0.025682337555874565,1.2841168777937282,0.0
3,false_positive_0p020,fabrid_cvar_finite_safe,0.7777462120699624,0.0,0.029638599629429066,1.4819299814714533,0.0
3,false_positive_0p020,fabrid_macro_no_rate_minimization,0.7777570892709695,0.0,0.03741002975976719,1.8705014879883595,0.0
3,false_positive_0p020,common_rate_macro,0.999988372230267,0.9998953500724028,0.0377121948008278,1.8856097400413898,0.0
3,false_positive_0p020,pooled_shared,0.9999373656713788,0.9997254479717055,0.01736163497188105,0.8680817485940524,0.0
3,false_positive_0p020,eq_fpr_matched_macro,0.9999583381996773,0.9998658105257249,0.018668643644795667,0.9334321822397833,0.0
3,false_positive_0p020,eq_fpr_matched_cvar,0.9999800314276344,0.999875600876131,0.024516722104457725,1.2258361052228863,0.0
4,false_positive_0p001,eq_fpr,0.4222617198553311,0.0,0.002294285463608033,2.294285463608033,0.0
4,false_positive_0p001,greedy,0.08888915148220798,0.0,3.1702553957746837e-6,0.0031702553957746837,0.0
4,false_positive_0p001,fabrid_macro,0.4222617198553311,0.0,0.002294285463608033,2.294285463608033,0.0
4,false_positive_0p001,fabrid_cvar,0.4222617198553311,0.0,0.002294285463608033,2.294285463608033,0.0
4,false_positive_0p001,fabrid_macro_finite_safe,0.24445197576529085,0.0,0.00034199488093483287,0.3419948809348329,0.0
4,false_positive_0p001,fabrid_cvar_finite_safe,0.24445197576529085,0.0,0.00034199488093483287,0.3419948809348329,0.0
4,false_positive_0p001,fabrid_macro_no_rate_minimization,0.4222617198553311,0.0,0.002294285463608033,2.294285463608033,0.0
4,false_positive_0p001,common_rate_macro,0.4222617198553311,0.0,0.002294285463608033,2.294285463608033,0.0
4,false_positive_0p001,pooled_shared,0.8666146783046219,0.6,0.002379119412208568,2.379119412208568,0.0
4,false_positive_0p001,eq_fpr_matched_macro,0.31115060874422,0.0,0.0009387553242425907,0.9387553242425907,0.0
4,false_positive_0p001,eq_fpr_matched_cvar,0.31115060874422,0.0,0.0009387553242425907,0.9387553242425907,0.0
4,false_positive_0p0025,eq_fpr,0.4444647934440618,0.0,0.0025003520643333875,1.000140825733355,0.0
4,false_positive_0p0025,greedy,0.08888915148220798,0.0,3.1702553957746837e-6,0.0012681021583098734,0.0
4,false_positive_0p0025,fabrid_macro,0.46666509838092257,0.0,0.0030899660546850434,1.2359864218740173,0.0
4,false_positive_0p0025,fabrid_cvar,0.46666509838092257,0.0,0.0030899660546850434,1.2359864218740173,0.0
4,false_positive_0p0025,fabrid_macro_finite_safe,0.31115060874422,0.0,0.0009387553242425907,0.3755021296970363,0.0
4,false_positive_0p0025,fabrid_cvar_finite_safe,0.31115060874422,0.0,0.0009387553242425907,0.3755021296970363,0.0
4,false_positive_0p0025,fabrid_macro_no_rate_minimization,0.4888685845813495,0.0,0.003368948529513216,1.3475794118052864,0.0
4,false_positive_0p0025,common_rate_macro,0.4444647934440618,0.0,0.0025003520643333875,1.000140825733355,0.0
4,false_positive_0p0025,pooled_shared,0.911069690975142,0.6,0.003264628629594555,1.3058514518378221,0.0
4,false_positive_0p0025,eq_fpr_matched_macro,0.5555662086449663,0.0,0.0031706395035497057,1.2682558014198821,0.0
4,false_positive_0p0025,eq_fpr_matched_cvar,0.5555662086449663,0.0,0.0031706395035497057,1.2682558014198821,0.0
4,false_positive_0p005,eq_fpr,0.8443685029114562,0.0,0.006902990112938107,1.3805980225876213,0.0
4,false_positive_0p005,greedy,0.08888915148220798,0.0,3.1702553957746837e-6,0.0006340510791549367,0.0
4,false_positive_0p005,fabrid_macro,0.5110787903276415,0.0,0.005425821596980565,1.085164319396113,0.0
4,false_positive_0p005,fabrid_cvar,0.5333072052420967,0.0,0.00707706016153905,1.4154120323078099,0.0
4,false_positive_0p005,fabrid_macro_finite_safe,0.37776535867232397,0.0,0.0038444525018363736,0.7688905003672747,0.0
4,false_positive_0p005,fabrid_cvar_finite_safe,0.4221791154484484,0.0,0.004410636396112925,0.882127279222585,0.0
4,false_positive_0p005,fabrid_macro_no_rate_minimization,0.6666197806341255,0.0,0.007259209788419374,1.4518419576838748,0.0
4,false_positive_0p005,common_rate_macro,0.8443685029114562,0.0,0.006902990112938107,1.3805980225876213,0.0
4,false_positive_0p005,pooled_shared,0.9554856630042335,0.6002876968103624,0.004934204689749157,0.9868409379498314,0.0
4,false_positive_0p005,eq_fpr_matched_macro,0.6221812374054138,0.0,0.006481134443315044,1.2962268886630088,0.0
4,false_positive_0p005,eq_fpr_matched_cvar,0.7332860083851656,0.0,0.006620647659167811,1.3241295318335622,0.0
4,false_positive_0p010,eq_fpr,0.999948991638003,0.9998416420693109,0.016284768739848274,1.6284768739848274,0.0
4,false_positive_0p010,greedy,0.08888915148220798,0.0,3.1702553957746837e-6,0.00031702553957746834,0.0
4,false_positive_0p010,fabrid_macro,0.5555239711674086,0.0,0.007954966271384334,0.7954966271384334,0.0
4,false_positive_0p010,fabrid_cvar,0.7777407724587085,0.0,0.012137517603849986,1.2137517603849985,0.0
4,false_positive_0p010,fabrid_macro_finite_safe,0.42219673246902895,0.0,0.006197838923140778,0.6197838923140778,0.0
4,false_positive_0p010,fabrid_cvar_finite_safe,0.6444225958089765,0.0,0.008610327523958877,0.8610327523958877,0.0
4,false_positive_0p010,fabrid_macro_no_rate_minimization,0.8888525473970196,0.0,0.01514130675700691,1.514130675700691,0.0
4,false_positive_0p010,common_rate_macro,0.999948991638003,0.9998416420693109,0.016284768739848274,1.6284768739848274,0.0
4,false_positive_0p010,pooled_shared,0.9999035735791758,0.999640823683745,0.008692510181116752,0.8692510181116753,0.0
4,false_positive_0p010,eq_fpr_matched_macro,0.8887935824867409,0.0,0.008452523108266977,0.8452523108266977,0.0
4,false_positive_0p010,eq_fpr_matched_cvar,0.9999252149193877,0.9997537549416234,0.012923687946816625,1.2923687946816624,0.0
4,false_positive_0p020,eq_fpr,0.9999885206499933,0.999897881907734,0.03732289151761136,1.866144575880568,0.0
4,false_positive_0p020,greedy,0.08888915148220798,0.0,3.1702553957746837e-6,0.00015851276978873417,0.0
4,false_positive_0p020,fabrid_macro,0.7777500293207914,0.0,0.02776276877041462,1.388138438520731,0.0
4,false_positive_0p020,fabrid_cvar,0.8888596138228647,0.0,0.03483347986535277,1.7416739932676384,0.0
4,false_positive_0p020,fabrid_macro_finite_safe,0.6444353578769062,0.0,0.024362076105713452,1.2181038052856725,0.0
4,false_positive_0p020,fabrid_cvar_finite_safe,0.7555444305947983,0.0,0.027946033854628807,1.3973016927314403,0.0
4,false_positive_0p020,fabrid_macro_no_rate_minimization,0.8888663193086345,0.0,0.03800807881671531,1.9004039408357654,0.0
4,false_positive_0p020,common_rate_macro,0.9999885206499933,0.999897881907734,0.03732289151761136,1.866144575880568,0.0
4,false_positive_0p020,pooled_shared,0.9999397296699707,0.9997206312694548,0.01798178464223487,0.8990892321117435,0.0
4,false_positive_0p020,eq_fpr_matched_macro,0.9999560860845101,0.9998732375362591,0.017888886149591762,0.8944443074795881,0.0
4,false_positive_0p020,eq_fpr_matched_cvar,0.9999804184691976,0.9998867413919326,0.02336637072240174,1.168318536120087,0.0
5,false_positive_0p001,eq_fpr,0.3111464236855832,0.0,0.0009707144166043676,0.9707144166043675,0.0
5,false_positive_0p001,greedy,0.0,0.0,0.0,0.0,0.0
5,false_positive_0p001,fabrid_macro,0.3111464236855832,0.0,0.0009707144166043676,0.9707144166043675,0.0
5,false_positive_0p001,fabrid_cvar,0.3111464236855832,0.0,0.0009707144166043676,0.9707144166043675,0.0
5,false_positive_0p001,fabrid_macro_finite_safe,0.2444510294314517,0.0,0.00037395397329660976,0.37395397329660973,0.0
5,false_positive_0p001,fabrid_cvar_finite_safe,0.2444510294314517,0.0,0.00037395397329660976,0.37395397329660973,0.0
5,false_positive_0p001,fabrid_macro_no_rate_minimization,0.3111464236855832,0.0,0.0009707144166043676,0.9707144166043675,0.0
5,false_positive_0p001,common_rate_macro,0.3111464236855832,0.0,0.0009707144166043676,0.9707144166043675,0.0
5,false_positive_0p001,pooled_shared,0.866612372100196,0.6,0.0024717910441410746,2.4717910441410744,0.0
5,false_positive_0p001,eq_fpr_matched_macro,0.3111464236855832,0.0,0.0009707144166043676,0.9707144166043675,0.0
5,false_positive_0p001,eq_fpr_matched_cvar,0.3111464236855832,0.0,0.0009707144166043676,0.9707144166043675,0.0
5,false_positive_0p0025,eq_fpr,0.44445940823840707,0.0,0.0025789887256562082,1.0315954902624833,0.0
5,false_positive_0p0025,greedy,0.0,0.0,0.0,0.0,0.0
5,false_positive_0p0025,fabrid_macro,0.3555530409359722,0.0,0.0018374379175989683,0.7349751670395873,0.0
5,false_positive_0p0025,fabrid_cvar,0.3555530409359722,0.0,0.0018374379175989683,0.7349751670395873,0.0
5,false_positive_0p0025,fabrid_macro_finite_safe,0.3111464236855832,0.0,0.0009707144166043676,0.388285766641747,0.0
5,false_positive_0p0025,fabrid_cvar_finite_safe,0.3111464236855832,0.0,0.0009707144166043676,0.388285766641747,0.0
5,false_positive_0p0025,fabrid_macro_no_rate_minimization,0.39995704200178056,0.0,0.002050240043935779,0.8200960175743116,0.0
5,false_positive_0p0025,common_rate_macro,0.44445940823840707,0.0,0.0025789887256562082,1.0315954902624833,0.0
5,false_positive_0p0025,pooled_shared,0.9110634501516885,0.6,0.0033799067407018642,1.3519626962807456,0.0
5,false_positive_0p0025,eq_fpr_matched_macro,0.55555913271971,0.0,0.0032997421505352193,1.3198968602140877,0.0
5,false_positive_0p0025,eq_fpr_matched_cvar,0.55555913271971,0.0,0.0032997421505352193,1.3198968602140877,0.0
5,false_positive_0p005,eq_fpr,0.8443644102898217,0.0,0.00712886061841188,1.425772123682376,0.0
5,false_positive_0p005,greedy,0.0,0.0,0.0,0.0,0.0
5,false_positive_0p005,fabrid_macro,0.39996261390305254,0.0,0.002771685456883834,0.5543370913767668,0.0
5,false_positive_0p005,fabrid_cvar,0.42219141573066066,0.0,0.0057924451510836215,1.1584890302167243,0.0
5,false_positive_0p005,fabrid_macro_finite_safe,0.35555226113893623,0.0,0.001681918245722729,0.33638364914454577,0.0
5,false_positive_0p005,fabrid_cvar_finite_safe,0.42217742647316203,0.0,0.004660362367023682,0.9320724734047363,0.0
5,false_positive_0p005,fabrid_macro_no_rate_minimization,0.5555091505126705,0.0,0.005030336299608594,1.0060672599217186,0.0
5,false_positive_0p005,common_rate_macro,0.8443644102898217,0.0,0.00712886061841188,1.425772123682376,0.0
5,false_positive_0p005,pooled_shared,0.9554808702507169,0.6002585482871841,0.004869028678466656,0.9738057356933312,0.0
5,false_positive_0p005,eq_fpr_matched_macro,0.622177496165974,0.0,0.006590621467808046,1.3181242935616093,0.0
5,false_positive_0p005,eq_fpr_matched_cvar,0.7332835204969813,0.0,0.006904363679200292,1.3808727358400583,0.0
5,false_positive_0p010,eq_fpr,0.9999479043779493,0.9998416420693109,0.017097645106851196,1.7097645106851196,0.0
5,false_positive_0p010,greedy,0.0,0.0,0.0,0.0,0.0
5,false_positive_0p010,fabrid_macro,0.555518250119261,0.0,0.006962703449367048,0.6962703449367047,0.0
5,false_positive_0p010,fabrid_cvar,0.666627824435547,0.0,0.010104641136014681,1.010464113601468,0.0
5,false_positive_0p010,fabrid_macro_finite_safe,0.5554848872375011,0.0,0.006140209062326986,0.6140209062326986,0.0
5,false_positive_0p010,fabrid_cvar_finite_safe,0.6444217572594905,0.0,0.008121141469253301,0.8121141469253301,0.0
5,false_positive_0p010,fabrid_macro_no_rate_minimization,0.7777444980587777,0.0,0.022103181928456655,2.210318192845665,0.0
5,false_positive_0p010,common_rate_macro,0.9999479043779493,0.9998416420693109,0.017097645106851196,1.7097645106851196,0.0
5,false_positive_0p010,pooled_shared,0.9999007494710015,0.999640823683745,0.008830757822478346,0.8830757822478346,0.0
5,false_positive_0p010,eq_fpr_matched_macro,0.8888007229407762,0.0,0.009934800247099041,0.9934800247099042,0.0
5,false_positive_0p010,eq_fpr_matched_cvar,0.8888183105079908,0.0,0.013207377327563875,1.3207377327563874,0.0
5,false_positive_0p020,eq_fpr,0.999988389542216,0.9998967002377981,0.036085431421943565,1.8042715710971782,0.0
5,false_positive_0p020,greedy,0.0,0.0,0.0,0.0,0.0
5,false_positive_0p020,fabrid_macro,0.6666408779324358,0.0,0.02711744105246865,1.3558720526234325,0.0
5,false_positive_0p020,fabrid_cvar,0.7777481693040488,0.0,0.03489055195688518,1.744527597844259,0.0
5,false_positive_0p020,fabrid_macro_finite_safe,0.6666386927095247,0.0,0.024129043795545795,1.2064521897772897,0.0
5,false_positive_0p020,fabrid_cvar_finite_safe,0.7777445521774555,0.0,0.02901506759878271,1.4507533799391354,0.0
5,false_positive_0p020,fabrid_macro_no_rate_minimization,0.7777535931935594,0.0,0.03637151253325914,1.818575626662957,0.0
5,false_positive_0p020,common_rate_macro,0.999988389542216,0.9998967002377981,0.036085431421943565,1.8042715710971782,0.0
5,false_positive_0p020,pooled_shared,0.9999394768064302,0.999720927891248,0.017411017312770033,0.8705508656385016,0.0
5,false_positive_0p020,eq_fpr_matched_macro,0.999954485312132,0.999864628855789,0.018910687797166096,0.9455343898583047,0.0
5,false_positive_0p020,eq_fpr_matched_cvar,0.9999778602121068,0.999874419206195,0.024381493869686226,1.2190746934843113,0.0
6,false_positive_0p001,eq_fpr,0.3111353774100633,0.0,0.0009430678442383003,0.9430678442383003,0.0
6,false_positive_0p001,greedy,0.08888888888888889,0.0,3.1702553957746837e-6,0.0031702553957746837,0.0
6,false_positive_0p001,fabrid_macro,0.3111353774100633,0.0,0.0009430678442383003,0.9430678442383003,0.0
6,false_positive_0p001,fabrid_cvar,0.3111353774100633,0.0,0.0009430678442383003,0.9430678442383003,0.0
6,false_positive_0p001,fabrid_macro_finite_safe,0.2444498066124377,0.0,0.00034630740093054247,0.34630740093054246,0.0
6,false_positive_0p001,fabrid_cvar_finite_safe,0.2444498066124377,0.0,0.00034630740093054247,0.34630740093054246,0.0
6,false_positive_0p001,fabrid_macro_no_rate_minimization,0.3111353774100633,0.0,0.0009430678442383003,0.9430678442383003,0.0
6,false_positive_0p001,common_rate_macro,0.3111353774100633,0.0,0.0009430678442383003,0.9430678442383003,0.0
6,false_positive_0p001,pooled_shared,0.866605736571539,0.6,0.0022685049167090114,2.2685049167090114,0.0
6,false_positive_0p001,eq_fpr_matched_macro,0.3111353774100633,0.0,0.0009430678442383003,0.9430678442383003,0.0
6,false_positive_0p001,eq_fpr_matched_cvar,0.3111353774100633,0.0,0.0009430678442383003,0.9430678442383003,0.0
6,false_positive_0p0025,eq_fpr,0.44444943081324556,0.0,0.0024919835627459984,0.9967934250983993,0.0
6,false_positive_0p0025,greedy,0.08888888888888889,0.0,3.1702553957746837e-6,0.0012681021583098734,0.0
6,false_positive_0p0025,fabrid_macro,0.3555496421385264,0.0,0.0017955827632493827,0.718233105299753,0.0
6,false_positive_0p0025,fabrid_cvar,0.3555496421385264,0.0,0.0017955827632493827,0.718233105299753,0.0
6,false_positive_0p0025,fabrid_macro_finite_safe,0.3111353774100633,0.0,0.0009430678442383003,0.3772271376953201,0.0
6,false_positive_0p0025,fabrid_cvar_finite_safe,0.3111353774100633,0.0,0.0009430678442383003,0.3772271376953201,0.0
6,false_positive_0p0025,fabrid_macro_no_rate_minimization,0.39995482208912536,0.0,0.0020439589105833624,0.817583564233345,0.0
6,false_positive_0p0025,common_rate_macro,0.44444943081324556,0.0,0.0024919835627459984,0.9967934250983993,0.0
6,false_positive_0p0025,pooled_shared,0.9110525086573303,0.6,0.0034647241923980044,1.3858896769592017,0.0
6,false_positive_0p0025,eq_fpr_matched_macro,0.5555494214609779,0.0,0.002697447928575381,1.0789791714301524,0.0
6,false_positive_0p0025,eq_fpr_matched_cvar,0.5555494214609779,0.0,0.002697447928575381,1.0789791714301524,0.0
6,false_positive_0p005,eq_fpr,0.8443544531824764,0.0,0.007577012098512087,1.5154024197024174,0.0
6,false_positive_0p005,greedy,0.08888888888888889,0.0,3.1702553957746837e-6,0.0006340510791549367,0.0
6,false_positive_0p005,fabrid_macro,0.39995892948437123,0.0,0.002639966924989003,0.5279933849978006,0.0
6,false_positive_0p005,fabrid_cvar,0.42219568329099344,0.0,0.005832772745032788,1.1665545490065576,0.0
6,false_positive_0p005,fabrid_macro_finite_safe,0.3333421457823435,0.0,0.0016532050528918294,0.33064101057836587,0.0
6,false_positive_0p005,fabrid_cvar_finite_safe,0.42217767611633933,0.0,0.004442582842062063,0.8885165684124126,0.0
6,false_positive_0p005,fabrid_macro_no_rate_minimization,0.39996802425388334,0.0,0.004362185742829185,0.8724371485658369,0.0
6,false_positive_0p005,common_rate_macro,0.7332732936413416,0.0,0.007435246551623627,1.4870493103247255,0.0
6,false_positive_0p005,pooled_shared,0.9998727080671281,0.9996218534965351,0.004952136672494801,0.9904273344989603,0.0
6,false_positive_0p005,eq_fpr_matched_macro,0.6221670338838223,0.0,0.007044704551650019,1.4089409103300037,0.0
6,false_positive_0p005,eq_fpr_matched_cvar,0.7332732936413416,0.0,0.007435246551623627,1.4870493103247255,0.0
6,false_positive_0p010,eq_fpr,0.999951224784739,0.9998416420693109,0.01688277307832872,1.6882773078328719,0.0
6,false_positive_0p010,greedy,0.08888888888888889,0.0,3.1702553957746837e-6,0.00031702553957746834,0.0
6,false_positive_0p010,fabrid_macro,0.4444155069985795,0.0,0.006646041239037144,0.6646041239037144,0.0
6,false_positive_0p010,fabrid_cvar,0.6666320052104625,0.0,0.011862386543900582,1.186238654390058,0.0
6,false_positive_0p010,fabrid_macro_finite_safe,0.4222001852303563,0.0,0.006232994540112488,0.6232994540112488,0.0
6,false_positive_0p010,fabrid_cvar_finite_safe,0.5333045416104869,0.0,0.00695653243227485,0.695653243227485,0.0
6,false_positive_0p010,fabrid_macro_no_rate_minimization,0.7777371609518969,0.0,0.029157896249157655,2.9157896249157655,0.0
6,false_positive_0p010,common_rate_macro,0.999951224784739,0.9998416420693109,0.01688277307832872,1.6882773078328719,0.0
6,false_positive_0p010,pooled_shared,0.9998969317422001,0.999640823683745,0.008434168333031615,0.8434168333031615,0.0
6,false_positive_0p010,eq_fpr_matched_macro,0.8887976556795422,0.0,0.009559103097734759,0.9559103097734759,0.0
6,false_positive_0p010,eq_fpr_matched_cvar,0.888820246989987,0.0,0.01298185045681812,1.2981850456818118,0.0
6,false_positive_0p020,eq_fpr,0.9999885222486442,0.9998967002377981,0.037746934285584594,1.8873467142792297,0.0
6,false_positive_0p020,greedy,0.08888888888888889,0.0,3.1702553957746837e-6,0.00015851276978873417,0.0
6,false_positive_0p020,fabrid_macro,0.7777475977738956,0.0,0.03095404557557224,1.5477022787786119,0.0
6,false_positive_0p020,fabrid_cvar,0.7777473164588589,0.0,0.03573458922858909,1.7867294614294544,0.0
6,false_positive_0p020,fabrid_macro_finite_safe,0.6444337004249504,0.0,0.02531620340472222,1.2658101702361109,0.0
6,false_positive_0p020,fabrid_cvar_finite_safe,0.7555446645899839,0.0,0.030682553499095492,1.5341276749547745,0.0
6,false_positive_0p020,fabrid_macro_no_rate_minimization,0.7777551046747097,0.0,0.03934994729176494,1.967497364588247,0.0
6,false_positive_0p020,common_rate_macro,0.9999885222486442,0.9998967002377981,0.037446855597908744,1.8723427798954373,0.0
6,false_positive_0p020,pooled_shared,0.9999392021954334,0.9997305612957497,0.016702162229392022,0.8351081114696011,0.0
6,false_positive_0p020,eq_fpr_matched_macro,0.9999560729763906,0.99986716069112,0.017865638140305472,0.8932819070152735,0.0
6,false_positive_0p020,eq_fpr_matched_cvar,0.9999791278258903,0.9998793143813982,0.02300217045939355,1.1501085229696775,0.0
7,false_positive_0p001,eq_fpr,0.3111443109008731,0.0,0.0009462380996340749,0.9462380996340749,0.0
7,false_positive_0p001,greedy,0.0,0.0,0.0,0.0,0.0
7,false_positive_0p001,fabrid_macro,0.3111443109008731,0.0,0.0009462380996340749,0.9462380996340749,0.0
7,false_positive_0p001,fabrid_cvar,0.3111443109008731,0.0,0.0009462380996340749,0.9462380996340749,0.0
7,false_positive_0p001,fabrid_macro_finite_safe,0.24445013450327485,0.0,0.00033679663474321843,0.3367966347432184,0.0
7,false_positive_0p001,fabrid_cvar_finite_safe,0.24445013450327485,0.0,0.00033679663474321843,0.3367966347432184,0.0
7,false_positive_0p001,fabrid_macro_no_rate_minimization,0.3111443109008731,0.0,0.0009462380996340749,0.9462380996340749,0.0
7,false_positive_0p001,common_rate_macro,0.3111443109008731,0.0,0.0009462380996340749,0.9462380996340749,0.0
7,false_positive_0p001,pooled_shared,0.8666072670653309,0.6,0.002288526490537361,2.288526490537361,0.0
7,false_positive_0p001,eq_fpr_matched_macro,0.3111443109008731,0.0,0.0009462380996340749,0.9462380996340749,0.0
7,false_positive_0p001,eq_fpr_matched_cvar,0.3111443109008731,0.0,0.0009462380996340749,0.9462380996340749,0.0
7,false_positive_0p0025,eq_fpr,0.44445729545369694,0.0,0.0023671966056006866,0.9468786422402746,0.0
7,false_positive_0p0025,greedy,0.0,0.0,0.0,0.0,0.0
7,false_positive_0p0025,fabrid_macro,0.35555039993343546,0.0,0.001827170182612194,0.7308680730448776,0.0
7,false_positive_0p0025,fabrid_cvar,0.35555039993343546,0.0,0.001827170182612194,0.7308680730448776,0.0
7,false_positive_0p0025,fabrid_macro_finite_safe,0.31114416088249586,0.0,0.0009335570780509762,0.37342283122039044,0.0
7,false_positive_0p0025,fabrid_cvar_finite_safe,0.31114416088249586,0.0,0.0009335570780509762,0.37342283122039044,0.0
7,false_positive_0p0025,fabrid_macro_no_rate_minimization,0.39995465569200633,0.0,0.002051952118888456,0.8207808475553824,0.0
7,false_positive_0p0025,common_rate_macro,0.44445729545369694,0.0,0.0023671966056006866,0.9468786422402746,0.0
7,false_positive_0p0025,pooled_shared,0.9110574047160266,0.6,0.0033097467265135105,1.3238986906054042,0.0
7,false_positive_0p0025,eq_fpr_matched_macro,0.5555567570849559,0.0,0.0030436524884954195,1.2174609953981677,0.0
7,false_positive_0p0025,eq_fpr_matched_cvar,0.5555567570849559,0.0,0.0030436524884954195,1.2174609953981677,0.0
7,false_positive_0p005,eq_fpr,0.8443644398136849,0.0,0.006623120611885247,1.3246241223770494,0.0
7,false_positive_0p005,greedy,0.0,0.0,0.0,0.0,0.0
7,false_positive_0p005,fabrid_macro,0.3999596514235737,0.0,0.0027053901392392254,0.5410780278478451,0.0
7,false_positive_0p005,fabrid_cvar,0.444383937609274,0.0,0.005535964808581367,1.1071929617162732,0.0
7,false_positive_0p005,fabrid_macro_finite_safe,0.3555512885637729,0.0,0.0016602763813257483,0.3320552762651497,0.0
7,false_positive_0p005,fabrid_cvar_finite_safe,0.422167942563291,0.0,0.003713389090962602,0.7426778181925204,0.0
7,false_positive_0p005,fabrid_macro_no_rate_minimization,0.44440409586801816,0.0,0.004910567512201833,0.9821135024403667,0.0
7,false_positive_0p005,common_rate_macro,0.8443644398136849,0.0,0.006623120611885247,1.3246241223770494,0.0
7,false_positive_0p005,pooled_shared,0.9554761464704806,0.6002462374129889,0.0052528237415456,1.05056474830912,0.0
7,false_positive_0p005,eq_fpr_matched_macro,0.6221759796824547,0.0,0.006000482910997862,1.2000965821995724,0.0
7,false_positive_0p005,eq_fpr_matched_cvar,0.7332772190668663,0.0,0.006147037849285826,1.2294075698571652,0.0
7,false_positive_0p010,eq_fpr,0.9999459959070075,0.9998416420693109,0.016452457314752676,1.6452457314752675,0.0
7,false_positive_0p010,greedy,0.0,0.0,0.0,0.0,0.0
7,false_positive_0p010,fabrid_macro,0.44441194634846615,0.0,0.0066156654642315895,0.6615665464231589,0.0
7,false_positive_0p010,fabrid_cvar,0.6666257851330514,0.0,0.010825060138999535,1.0825060138999534,0.0
7,false_positive_0p010,fabrid_macro_finite_safe,0.4443949551502058,0.0,0.006181602468418498,0.6181602468418498,0.0
7,false_positive_0p010,fabrid_cvar_finite_safe,0.644421222728583,0.0,0.009180388352408083,0.9180388352408083,0.0
7,false_positive_0p010,fabrid_macro_no_rate_minimization,0.6666263405195987,0.0,0.021245959833106526,2.1245959833106527,0.0
7,false_positive_0p010,common_rate_macro,0.9999459959070075,0.9998416420693109,0.016452457314752676,1.6452457314752675,0.0
7,false_positive_0p010,pooled_shared,0.9998994376050313,0.999640823683745,0.00952866695843281,0.952866695843281,0.0
7,false_positive_0p010,eq_fpr_matched_macro,0.8887874698123024,0.0,0.008316532241829348,0.8316532241829347,0.0
7,false_positive_0p010,eq_fpr_matched_cvar,0.9999182818693251,0.9997537549416234,0.012830589430359552,1.2830589430359551,0.0
7,false_positive_0p020,eq_fpr,0.9999885035269265,0.999896531742339,0.03757526272130653,1.8787631360653263,0.0
7,false_positive_0p020,greedy,0.0,0.0,0.0,0.0,0.0
7,false_positive_0p020,fabrid_macro,0.6666424633196331,0.0,0.026557374913232377,1.3278687456616187,0.0
7,false_positive_0p020,fabrid_cvar,0.7777484061633317,0.0,0.033300098849121815,1.6650049424560907,0.0
7,false_positive_0p020,fabrid_macro_finite_safe,0.6666388307527753,0.0,0.023640646857350345,1.1820323428675172,0.0
7,false_positive_0p020,fabrid_cvar_finite_safe,0.7777433904122225,0.0,0.02975244855354721,1.4876224276773604,0.0
7,false_positive_0p020,fabrid_macro_no_rate_minimization,0.7777550489363687,0.0,0.03714840316450637,1.8574201582253185,0.0
7,false_positive_0p020,common_rate_macro,0.9999885035269265,0.999896531742339,0.03715184689837018,1.857592344918509,0.0
7,false_positive_0p020,pooled_shared,0.9999349723754042,0.9997231879314767,0.017944623206916355,0.8972311603458177,0.0
7,false_positive_0p020,eq_fpr_matched_macro,0.9999542881912833,0.9998669921956609,0.017996419893833344,0.8998209946916672,0.0
7,false_positive_0p020,eq_fpr_matched_cvar,0.9999780290346061,0.999875600876131,0.02419310543799263,1.2096552718996316,0.0
8,false_positive_0p001,eq_fpr,0.42225882614497207,0.0,0.0019722119557932234,1.9722119557932234,0.0
8,false_positive_0p001,greedy,0.08888888888888889,0.0,3.1702553957746837e-6,0.0031702553957746837,0.0
8,false_positive_0p001,fabrid_macro,0.42225882614497207,0.0,0.0019722119557932234,1.9722119557932234,0.0
8,false_positive_0p001,fabrid_cvar,0.42225882614497207,0.0,0.0019722119557932234,1.9722119557932234,0.0
8,false_positive_0p001,fabrid_macro_finite_safe,0.2444506919512618,0.0,0.00035880390796138385,0.35880390796138384,0.0
8,false_positive_0p001,fabrid_cvar_finite_safe,0.2444506919512618,0.0,0.00035880390796138385,0.35880390796138384,0.0
8,false_positive_0p001,fabrid_macro_no_rate_minimization,0.42225882614497207,0.0,0.0019722119557932234,1.9722119557932234,0.0
8,false_positive_0p001,common_rate_macro,0.42225882614497207,0.0,0.0019722119557932234,1.9722119557932234,0.0
8,false_positive_0p001,pooled_shared,0.8666149394555811,0.6,0.0022398256628906412,2.2398256628906412,0.0
8,false_positive_0p001,eq_fpr_matched_macro,0.31114771503386096,0.0,0.0009555643512691417,0.9555643512691416,0.0
8,false_positive_0p001,eq_fpr_matched_cvar,0.31114771503386096,0.0,0.0009555643512691417,0.9555643512691416,0.0
8,false_positive_0p0025,eq_fpr,0.44446158097523064,0.0,0.0022099811104763245,0.8839924441905298,0.0
8,false_positive_0p0025,greedy,0.08888888888888889,0.0,3.1702553957746837e-6,0.0012681021583098734,0.0
8,false_positive_0p0025,fabrid_macro,0.4666635473026239,0.0,0.0031799414243922574,1.271976569756903,0.0
8,false_positive_0p0025,fabrid_cvar,0.4666635473026239,0.0,0.0031799414243922574,1.271976569756903,0.0
8,false_positive_0p0025,fabrid_macro_finite_safe,0.31114771503386096,0.0,0.0009555643512691417,0.3822257405076567,0.0
8,false_positive_0p0025,fabrid_cvar_finite_safe,0.31114771503386096,0.0,0.0009555643512691417,0.3822257405076567,0.0
8,false_positive_0p0025,fabrid_macro_no_rate_minimization,0.48886643342954195,0.0,0.0035033074747612748,1.4013229899045099,0.0
8,false_positive_0p0025,common_rate_macro,0.44446158097523064,0.0,0.0022099811104763245,0.8839924441905298,0.0
8,false_positive_0p0025,pooled_shared,0.9110582030583525,0.6,0.0032021424234613288,1.2808569693845315,0.0
8,false_positive_0p0025,eq_fpr_matched_macro,0.555561157096349,0.0,0.002605316665825919,1.0421266663303677,0.0
8,false_positive_0p0025,eq_fpr_matched_cvar,0.555561157096349,0.0,0.002605316665825919,1.0421266663303677,0.0
8,false_positive_0p005,eq_fpr,0.844372619844493,0.0,0.008103217225776406,1.6206434451552811,0.0
8,false_positive_0p005,greedy,0.08888888888888889,0.0,3.1702553957746837e-6,0.0006340510791549367,0.0
8,false_positive_0p005,fabrid_macro,0.5110738558691786,0.0,0.0041025449565601346,0.8205089913120269,0.0
8,false_positive_0p005,fabrid_cvar,0.5333029347825177,0.0,0.006785676676867385,1.357135335373477,0.0
8,false_positive_0p005,fabrid_macro_finite_safe,0.3333536207393131,0.0,0.001703744624671967,0.3407489249343934,0.0
8,false_positive_0p005,fabrid_cvar_finite_safe,0.42217688681551313,0.0,0.004788887301701798,0.9577774603403595,0.0
8,false_positive_0p005,fabrid_macro_no_rate_minimization,0.666621062527518,0.0,0.006180254387047607,1.2360508774095214,0.0
8,false_positive_0p005,common_rate_macro,0.844372619844493,0.0,0.008103217225776406,1.6206434451552811,0.0
8,false_positive_0p005,pooled_shared,0.9554838209346348,0.6002732077433925,0.0048127946545287814,0.9625589309057563,0.0
8,false_positive_0p005,eq_fpr_matched_macro,0.6221814481159502,0.0,0.007574433000170897,1.5148866000341794,0.0
8,false_positive_0p005,eq_fpr_matched_cvar,0.7332856619693066,0.0,0.007716049850954606,1.5432099701909212,0.0
8,false_positive_0p010,eq_fpr,0.9999511043283472,0.9998439021095397,0.017511173241134555,1.7511173241134554,0.0
8,false_positive_0p010,greedy,0.08888888888888889,0.0,3.1702553957746837e-6,0.00031702553957746834,0.0
8,false_positive_0p010,fabrid_macro,0.6666302981017186,0.0,0.00774625352603543,0.774625352603543,0.0
8,false_positive_0p010,fabrid_cvar,0.8888481283780615,0.0,0.014904116366098596,1.4904116366098596,0.0
8,false_positive_0p010,fabrid_macro_finite_safe,0.4221948090022183,0.0,0.006118540403892127,0.6118540403892127,0.0
8,false_positive_0p010,fabrid_cvar_finite_safe,0.6444220399980565,0.0,0.01176902353652693,1.176902353652693,0.0
8,false_positive_0p010,fabrid_macro_no_rate_minimization,0.7777416283638621,0.0,0.02575071771229553,2.575071771229553,0.0
8,false_positive_0p010,common_rate_macro,0.9999511043283472,0.9998439021095397,0.017511173241134555,1.7511173241134554,0.0
8,false_positive_0p010,pooled_shared,0.9999047837163472,0.9996456403859957,0.008500347559637085,0.8500347559637085,0.0
8,false_positive_0p010,eq_fpr_matched_macro,0.8888057104938113,0.0,0.01128111861053638,1.128111861053638,0.0
8,false_positive_0p010,eq_fpr_matched_cvar,0.9999268962209958,0.9997662416299405,0.014703039216146846,1.4703039216146847,0.0
8,false_positive_0p020,eq_fpr,0.9999885222486442,0.9998967002377981,0.03818104902840595,1.9090524514202976,0.0
8,false_positive_0p020,greedy,0.08888888888888889,0.0,3.1702553957746837e-6,0.00015851276978873417,0.0
8,false_positive_0p020,fabrid_macro,0.7777507326414032,0.0,0.027426611098804204,1.3713305549402102,0.0
8,false_positive_0p020,fabrid_cvar,0.8888607559358025,0.0,0.03476361473871787,1.7381807369358935,0.0
8,false_positive_0p020,fabrid_macro_finite_safe,0.6444338539554941,0.0,0.0245448341194558,1.22724170597279,0.0
8,false_positive_0p020,fabrid_cvar_finite_safe,0.7555444189223449,0.0,0.029997893899761385,1.4998946949880692,0.0
8,false_positive_0p020,fabrid_macro_no_rate_minimization,0.8888690768931451,0.0,0.03682750483118961,1.8413752415594804,0.0
8,false_positive_0p020,common_rate_macro,0.9999885222486442,0.9998967002377981,0.03818104902840595,1.9090524514202976,0.0
8,false_positive_0p020,pooled_shared,0.9999374522789447,0.9997331179577718,0.018211764669392578,0.9105882334696289,0.0
8,false_positive_0p020,eq_fpr_matched_macro,0.9999569240981939,0.9998658105257249,0.01848958495967625,0.9244792479838125,0.0
8,false_positive_0p020,eq_fpr_matched_cvar,0.9999774705024626,0.9998804960513341,0.021539570357872465,1.0769785178936233,0.0
9,false_positive_0p001,eq_fpr,0.42224339022328616,0.0,0.002190979618369168,2.190979618369168,0.0
9,false_positive_0p001,greedy,0.08888888888888889,0.0,0.00001585127697887342,0.015851276978873417,0.0
9,false_positive_0p001,fabrid_macro,0.42224339022328616,0.0,0.002190979618369168,2.190979618369168,0.0
9,false_positive_0p001,fabrid_cvar,0.42224339022328616,0.0,0.002190979618369168,2.190979618369168,0.0
9,false_positive_0p001,fabrid_macro_finite_safe,0.24444994072863452,0.0,0.00036576998626147803,0.365769986261478,0.0
9,false_positive_0p001,fabrid_cvar_finite_safe,0.24444994072863452,0.0,0.00036576998626147803,0.365769986261478,0.0
9,false_positive_0p001,fabrid_macro_no_rate_minimization,0.42224339022328616,0.0,0.002190979618369168,2.190979618369168,0.0
9,false_positive_0p001,common_rate_macro,0.42224339022328616,0.0,0.002190979618369168,2.190979618369168,0.0
9,false_positive_0p001,pooled_shared,0.8666079083916561,0.6,0.002373247124247701,2.3732471242477007,0.0
9,false_positive_0p001,eq_fpr_matched_macro,0.31113227911217506,0.0,0.0009625304295692358,0.9625304295692358,0.0
9,false_positive_0p001,eq_fpr_matched_cvar,0.31113227911217506,0.0,0.0009625304295692358,0.9625304295692358,0.0
9,false_positive_0p0025,eq_fpr,0.44444685770199555,0.0,0.0024128974960733957,0.9651589984293583,0.0
9,false_positive_0p0025,greedy,0.08888888888888889,0.0,0.00001585127697887342,0.0063405107915493674,0.0
9,false_positive_0p0025,fabrid_macro,0.4666549002697905,0.0,0.003086120283330805,1.234448113332322,0.0
9,false_positive_0p0025,fabrid_cvar,0.4666549002697905,0.0,0.003086120283330805,1.234448113332322,0.0
9,false_positive_0p0025,fabrid_macro_finite_safe,0.31113227911217506,0.0,0.0009625304295692358,0.3850121718276943,0.0
9,false_positive_0p0025,fabrid_cvar_finite_safe,0.31113227911217506,0.0,0.0009625304295692358,0.3850121718276943,0.0
9,false_positive_0p0025,fabrid_macro_no_rate_minimization,0.5110616395324206,0.0,0.003429604092538025,1.37184163701521,0.0
9,false_positive_0p0025,common_rate_macro,0.44444685770199555,0.0,0.0024128974960733957,0.9651589984293583,0.0
9,false_positive_0p0025,pooled_shared,0.9110457329628746,0.6,0.003385677955199609,1.3542711820798436,0.0
9,false_positive_0p0025,eq_fpr_matched_macro,0.5555476996977836,0.0,0.003405432549423356,1.3621730197693425,0.0
9,false_positive_0p0025,eq_fpr_matched_cvar,0.5555476996977836,0.0,0.003405432549423356,1.3621730197693425,0.0
9,false_positive_0p005,eq_fpr,0.8443516310735765,0.0,0.0072954752864565426,1.4590950572913084,0.0
9,false_positive_0p005,greedy,0.08888888888888889,0.0,0.00001585127697887342,0.0031702553957746837,0.0
9,false_positive_0p005,fabrid_macro,0.5110656156310068,0.0,0.003968547509819721,0.7937095019639443,0.0
9,false_positive_0p005,fabrid_cvar,0.5555015060535543,0.0,0.0069068017087022815,1.3813603417404563,0.0
9,false_positive_0p005,fabrid_macro_finite_safe,0.33333959139281116,0.0,0.0016948594259931877,0.3389718851986375,0.0
9,false_positive_0p005,fabrid_cvar_finite_safe,0.42217451979158077,0.0,0.004296321019807207,0.8592642039614413,0.0
9,false_positive_0p005,fabrid_macro_no_rate_minimization,0.6666021151345455,0.0,0.0058767251903607065,1.1753450380721413,0.0
9,false_positive_0p005,common_rate_macro,0.8443516310735765,0.0,0.0072954752864565426,1.4590950572913084,0.0
9,false_positive_0p005,pooled_shared,0.9998669275836067,0.9996218534965351,0.00510920826393704,1.0218416527874081,0.0
9,false_positive_0p005,eq_fpr_matched_macro,0.622165339519541,0.0,0.006628929732481154,1.325785946496231,0.0
9,false_positive_0p005,eq_fpr_matched_cvar,0.7332716749326496,0.0,0.007178993326638336,1.435798665327667,0.0
9,false_positive_0p010,eq_fpr,0.9999455791473252,0.9998416420693109,0.016337560525692452,1.6337560525692452,0.0
9,false_positive_0p010,greedy,0.08888888888888889,0.0,0.00001585127697887342,0.0015851276978873419,0.0
9,false_positive_0p010,fabrid_macro,0.5555228237464017,0.0,0.007683512729445165,0.7683512729445164,0.0
9,false_positive_0p010,fabrid_cvar,0.7555410698114612,0.0,0.022397752345603178,2.2397752345603177,0.0
9,false_positive_0p010,fabrid_macro_finite_safe,0.4221944114463853,0.0,0.006067029459262793,0.6067029459262794,0.0
9,false_positive_0p010,fabrid_cvar_finite_safe,0.5333156564777471,0.0,0.011392301308781846,1.1392301308781845,0.0
9,false_positive_0p010,fabrid_macro_no_rate_minimization,0.8888413609213457,0.0,0.015523009254816452,1.552300925481645,0.0
9,false_positive_0p010,common_rate_macro,0.9999455791473252,0.9998416420693109,0.016337560525692452,1.6337560525692452,0.0
9,false_positive_0p010,pooled_shared,0.999890221328462,0.9996430837239737,0.008248583085306009,0.8248583085306009,0.0
9,false_positive_0p010,eq_fpr_matched_macro,0.8887671935624205,0.0,0.008625156208748295,0.8625156208748295,0.0
9,false_positive_0p010,eq_fpr_matched_cvar,0.9999239766413522,0.9997537549416234,0.013112852150346833,1.3112852150346834,0.0
9,false_positive_0p020,eq_fpr,0.9999883881324474,0.999897881907734,0.0375814733344637,1.8790736667231849,0.0
9,false_positive_0p020,greedy,0.08888888888888889,0.0,0.00001585127697887342,0.0007925638489436709,0.0
9,false_positive_0p020,fabrid_macro,0.7777503187515322,0.0,0.027805852646495263,1.390292632324763,0.0
9,false_positive_0p020,fabrid_cvar,0.8888604571929588,0.0,0.034647550827628396,1.7323775413814197,0.0
9,false_positive_0p020,fabrid_macro_finite_safe,0.6666373800959964,0.0,0.02459852696030268,1.229926348015134,0.0
9,false_positive_0p020,fabrid_cvar_finite_safe,0.7777448347705919,0.0,0.030052601762691925,1.5026300881345962,0.0
9,false_positive_0p020,fabrid_macro_no_rate_minimization,0.8888675075758711,0.0,0.03768004643139193,1.8840023215695965,0.0
9,false_positive_0p020,common_rate_macro,0.9999883881324474,0.999897881907734,0.0375814733344637,1.8790736667231849,0.0
9,false_positive_0p020,pooled_shared,0.9999350728958054,0.9997254479717055,0.016100405045355932,0.8050202522677966,0.0
9,false_positive_0p020,eq_fpr_matched_macro,0.9999562991514878,0.9998753589850665,0.017668005979690305,0.8834002989845152,0.0
9,false_positive_0p020,eq_fpr_matched_cvar,0.999977249221513,0.9998928182370717,0.023841224706683983,1.192061235334199,0.0
0,false_positive_0p001,eq_fpr,0.4222474832157217,0.0,0.001609809796995869,1.6098097969958691,0.0
0,false_positive_0p001,greedy,0.0,0.0,0.0,0.0,0.0
0,false_positive_0p001,fabrid_macro,0.33335655023470445,0.0,0.0014449128812667978,1.4449128812667977,0.0
0,false_positive_0p001,fabrid_cvar,0.33335655023470445,0.0,0.0014449128812667978,1.4449128812667977,0.0
0,false_positive_0p001,fabrid_macro_finite_safe,0.15556122989016574,0.0,0.000307086630220124,0.307086630220124,0.0
0,false_positive_0p001,fabrid_cvar_finite_safe,0.15556122989016574,0.0,0.000307086630220124,0.307086630220124,0.0
0,false_positive_0p001,fabrid_macro_no_rate_minimization,0.33335655023470445,0.0,0.0014449128812667978,1.4449128812667977,0.0
0,false_positive_0p001,common_rate_macro,0.4222474832157217,0.0,0.001609809796995869,1.6098097969958691,0.0
0,false_positive_0p001,eq_alert,0.4222474832157217,0.0,0.001609809796995869,1.6098097969958691,0.0
0,false_positive_0p001,pooled_shared,0.8888170668216915,0.6,0.0016168702761439873,1.6168702761439873,0.0
0,false_positive_0p001,eq_fpr_matched_macro,0.17778303132110748,0.0,0.0001497752815361228,0.1497752815361228,0.0
0,false_positive_0p001,eq_fpr_matched_cvar,0.17778303132110748,0.0,0.0001497752815361228,0.1497752815361228,0.0
0,false_positive_0p0025,eq_fpr,0.4444487753056431,0.0,0.0019168592262844843,0.7667436905137938,0.0
0,false_positive_0p0025,greedy,0.0,0.0,0.0,0.0,0.0
0,false_positive_0p0025,fabrid_macro,0.466661773187035,0.0,0.0022959575317532503,0.9183830127013001,0.0
0,false_positive_0p0025,fabrid_cvar,0.466661773187035,0.0,0.0022959575317532503,0.9183830127013001,0.0
0,false_positive_0p0025,fabrid_macro_finite_safe,0.3111363721046106,0.0,0.0009655284077922236,0.3862113631168894,0.0
0,false_positive_0p0025,fabrid_cvar_finite_safe,0.3111363721046106,0.0,0.0009655284077922236,0.3862113631168894,0.0
0,false_positive_0p0025,fabrid_macro_no_rate_minimization,0.5110657463987606,0.0,0.0026485283711072906,1.0594113484429162,0.0
0,false_positive_0p0025,common_rate_macro,0.4444487753056431,0.0,0.0018486260197759033,0.7394504079103613,0.0
0,false_positive_0p0025,eq_alert,0.5555593237866806,0.0,0.0038614345257620836,1.5445738103048334,0.0
0,false_positive_0p0025,pooled_shared,0.9110492558794747,0.6,0.0025386316950986414,1.0154526780394566,0.0
0,false_positive_0p0025,eq_fpr_matched_macro,0.5555486517202409,0.0,0.002325646445802363,0.9302585783209453,0.0
0,false_positive_0p0025,eq_fpr_matched_cvar,0.5555486517202409,0.0,0.002325646445802363,0.9302585783209453,0.0
0,false_positive_0p005,eq_fpr,0.8443577037459726,0.0,0.0051717633782841655,1.034352675656833,0.0
0,false_positive_0p005,greedy,0.0,0.0,0.0,0.0,0.0
0,false_positive_0p005,fabrid_macro,0.5110783583051309,0.0,0.004357878868222169,0.8715757736444338,0.0
0,false_positive_0p005,fabrid_cvar,0.5332953473919586,0.0,0.005948451322765054,1.1896902645530107,0.0
0,false_positive_0p005,fabrid_macro_finite_safe,0.37776386747453194,0.0,0.003507534296821643,0.7015068593643285,0.0
0,false_positive_0p005,fabrid_cvar_finite_safe,0.42216896407361926,0.0,0.0036258292464438286,0.7251658492887657,0.0
0,false_positive_0p005,fabrid_macro_no_rate_minimization,0.5555095272551991,0.0,0.005425018773881899,1.0850037547763798,0.0
0,false_positive_0p005,common_rate_macro,0.8443577037459726,0.0,0.0051717633782841655,1.034352675656833,0.0
0,false_positive_0p005,eq_alert,0.888779764856769,0.0,0.006297671675882738,1.2595343351765476,0.0
0,false_positive_0p005,pooled_shared,0.9998708188369699,0.9996218534965351,0.004430773097511421,0.8861546195022841,0.0
0,false_positive_0p005,eq_fpr_matched_macro,0.6221665592461771,0.0,0.004640454137719323,0.9280908275438646,0.0
0,false_positive_0p005,eq_fpr_matched_cvar,0.7332616792626578,0.0,0.004676607437623737,0.9353214875247473,0.0
0,false_positive_0p010,eq_fpr,0.99994876097548,0.9998416420693109,0.014009330345889337,1.4009330345889337,0.0
0,false_positive_0p010,greedy,0.0,0.0,0.0,0.0,0.0
0,false_positive_0p010,fabrid_macro,0.5555222222946998,0.0,0.007292242608093426,0.7292242608093427,0.0
0,false_positive_0p010,fabrid_cvar,0.7777382144775248,0.0,0.012355557123474999,1.2355557123474998,0.0
0,false_positive_0p010,fabrid_macro_finite_safe,0.42219444882032914,0.0,0.006202543882796358,0.6202543882796359,0.0
0,false_positive_0p010,fabrid_cvar_finite_safe,0.6444137572604859,0.0,0.010405824458828785,1.0405824458828785,0.0
0,false_positive_0p010,fabrid_macro_no_rate_minimization,0.7777321433674,0.0,0.024253903950642173,2.425390395064217,0.0
0,false_positive_0p010,common_rate_macro,0.99994876097548,0.9998416420693109,0.014009330345889337,1.4009330345889337,0.0
0,false_positive_0p010,eq_alert,0.9999463107857058,0.9998416420693109,0.015440858423530124,1.5440858423530124,0.0
0,false_positive_0p010,pooled_shared,0.9998966017318646,0.9996430837239737,0.008161517454186747,0.8161517454186747,0.0
0,false_positive_0p010,eq_fpr_matched_macro,0.888798742280887,0.0,0.0072772245093538895,0.7277224509353889,0.0
0,false_positive_0p010,eq_fpr_matched_cvar,0.9999219175527657,0.9997537549416234,0.010426767302469298,1.0426767302469298,0.0
0,false_positive_0p020,eq_fpr,0.999989084878718,0.9999017639084606,0.03312548849394873,1.6562744246974366,0.0
0,false_positive_0p020,greedy,0.0,0.0,0.0,0.0,0.0
0,false_positive_0p020,fabrid_macro,0.8888551999965689,0.0,0.027457231451685635,1.3728615725842817,0.0
0,false_positive_0p020,fabrid_cvar,0.8888600528144672,0.0,0.031698876087291786,1.5849438043645891,0.0
0,false_positive_0p020,fabrid_macro_finite_safe,0.7555264481025303,0.0,0.023059139545039152,1.1529569772519577,0.0
0,false_positive_0p020,fabrid_cvar_finite_safe,0.7777443283882928,0.0,0.02578209830126081,1.2891049150630405,0.0
0,false_positive_0p020,fabrid_macro_no_rate_minimization,0.8888676793134634,0.0,0.034011843679159916,1.7005921839579958,0.0
0,false_positive_0p020,common_rate_macro,0.999989084878718,0.9999017639084606,0.03312548849394873,1.6562744246974366,0.0
0,false_positive_0p020,eq_alert,0.9999826071402929,0.9998658105257249,0.03401251670927895,1.7006258354639474,0.0
0,false_positive_0p020,pooled_shared,0.999936392261507,0.9997302646739563,0.016487938115813082,0.824396905790654,0.0
0,false_positive_0p020,eq_fpr_matched_macro,0.9999569192738765,0.999869524030992,0.015643173185888686,0.7821586592944343,0.0
0,false_positive_0p020,eq_fpr_matched_cvar,0.9999778254592377,0.9998804960513341,0.018738230303497937,0.9369115151748968,0.0
1,false_positive_0p001,eq_fpr,0.42226016019283563,0.0,0.0015822417458741032,1.5822417458741032,0.0
1,false_positive_0p001,greedy,0.08888902018554844,0.0,0.00006254710596619942,0.06254710596619942,0.0
1,false_positive_0p001,fabrid_macro,0.42225901621097073,0.0,0.0014855780366536133,1.4855780366536133,0.0
1,false_positive_0p001,fabrid_cvar,0.42225901621097073,0.0,0.0014855780366536133,1.4855780366536133,0.0
1,false_positive_0p001,fabrid_macro_finite_safe,0.15556133992459792,0.0,0.0003355168119420101,0.3355168119420101,0.0
1,false_positive_0p001,fabrid_cvar_finite_safe,0.15556133992459792,0.0,0.0003355168119420101,0.3355168119420101,0.0
1,false_positive_0p001,fabrid_macro_no_rate_minimization,0.42225901621097073,0.0,0.0014855780366536133,1.4855780366536133,0.0
1,false_positive_0p001,common_rate_macro,0.42226016019283563,0.0,0.0015822417458741032,1.5822417458741032,0.0
1,false_positive_0p001,eq_alert,0.42226016019283563,0.0,0.0015822417458741032,1.5822417458741032,0.0
1,false_positive_0p001,pooled_shared,0.8888141083312248,0.6,0.0015716516045291382,1.5716516045291382,0.0
1,false_positive_0p001,eq_fpr_matched_macro,0.17778267099096134,0.0,0.00016112791918506384,0.16112791918506383,0.0
1,false_positive_0p001,eq_fpr_matched_cvar,0.17778267099096134,0.0,0.00016112791918506384,0.16112791918506383,0.0
1,false_positive_0p0025,eq_fpr,0.4444624836896801,0.0,0.0018665467729931916,0.7466187091972766,0.0
1,false_positive_0p0025,greedy,0.08888902018554844,0.0,0.00006254710596619942,0.025018842386479768,0.0
1,false_positive_0p0025,fabrid_macro,0.46666381229340914,0.0,0.0023406155579743662,0.9362462231897465,0.0
1,false_positive_0p0025,fabrid_cvar,0.46666381229340914,0.0,0.0023406155579743662,0.9362462231897465,0.0
1,false_positive_0p0025,fabrid_macro_finite_safe,0.3111490490817245,0.0,0.001000310168528875,0.40012406741155,0.0
1,false_positive_0p0025,fabrid_cvar_finite_safe,0.3111490490817245,0.0,0.001000310168528875,0.40012406741155,0.0
1,false_positive_0p0025,fabrid_macro_no_rate_minimization,0.4888661357902536,0.0,0.0026078622834663093,1.0431449133865236,0.0
1,false_positive_0p0025,common_rate_macro,0.4444624836896801,0.0,0.0018665467729931916,0.7466187091972766,0.0
1,false_positive_0p0025,eq_alert,0.5555730321707176,0.0,0.003892571146141226,1.5570284584564904,0.0
1,false_positive_0p0025,pooled_shared,0.9110607271842213,0.6,0.0026071259812095347,1.042850392483814,0.0
1,false_positive_0p0025,eq_fpr_matched_macro,0.4444624836896801,0.0,0.0018892911751627185,0.7557164700650874,0.0
1,false_positive_0p0025,eq_fpr_matched_cvar,0.4444624836896801,0.0,0.0018892911751627185,0.7557164700650874,0.0
1,false_positive_0p005,eq_fpr,0.8443701820983116,0.0,0.005320423611781322,1.0640847223562644,0.0
1,false_positive_0p005,greedy,0.08888902018554844,0.0,0.00006254710596619942,0.012509421193239884,0.0
1,false_positive_0p005,fabrid_macro,0.4666737263142335,0.0,0.003941626939074922,0.7883253878149844,0.0
1,false_positive_0p005,fabrid_cvar,0.5332947486407142,0.0,0.005797879283818134,1.1595758567636267,0.0
1,false_positive_0p005,fabrid_macro_finite_safe,0.35555646812492214,0.0,0.0028420751407723715,0.5684150281544743,0.0
1,false_positive_0p005,fabrid_cvar_finite_safe,0.42217053562576623,0.0,0.003964993930566334,0.7929987861132668,0.0
1,false_positive_0p005,fabrid_macro_no_rate_minimization,0.6666127962162127,0.0,0.0055434466853551065,1.1086893370710214,0.0
1,false_positive_0p005,common_rate_macro,0.8443701820983116,0.0,0.005320423611781322,1.0640847223562644,0.0
1,false_positive_0p005,eq_alert,0.8887842465849454,0.0,0.006522834539776437,1.3045669079552873,0.0
1,false_positive_0p005,pooled_shared,0.9998845937370946,0.9996218534965351,0.004392197807190711,0.8784395614381421,0.0
1,false_positive_0p005,eq_fpr_matched_macro,0.5777662107514069,0.0,0.0027334849261279252,0.5466969852255851,0.0
1,false_positive_0p005,eq_fpr_matched_cvar,0.7332707728685351,0.0,0.004721026841940743,0.9442053683881486,0.0
1,false_positive_0p010,eq_fpr,0.999949297494984,0.9998416420693109,0.0136324147884889,1.36324147884889,0.0
1,false_positive_0p010,greedy,0.08888902018554844,0.0,0.00006254710596619942,0.006254710596619942,0.0
1,false_positive_0p010,fabrid_macro,0.777737785829725,0.0,0.008555294936039761,0.8555294936039761,0.0
1,false_positive_0p010,fabrid_cvar,0.7555369516261874,0.0,0.011851338816058092,1.1851338816058092,0.0
1,false_positive_0p010,fabrid_macro_finite_safe,0.533296580989621,0.0,0.005886381584556163,0.5886381584556163,0.0
1,false_positive_0p010,fabrid_cvar_finite_safe,0.6444183965441114,0.0,0.010271584288095402,1.0271584288095401,0.0
1,false_positive_0p010,fabrid_macro_no_rate_minimization,0.7777392338348247,0.0,0.0139220515659595,1.39220515659595,0.0
1,false_positive_0p010,common_rate_macro,0.999949297494984,0.9998416420693109,0.0136324147884889,1.36324147884889,0.0
1,false_positive_0p010,eq_alert,0.9999461609381025,0.9998416420693109,0.015050821993330002,1.5050821993330001,0.0
1,false_positive_0p010,pooled_shared,0.9999030273322538,0.9996430837239737,0.007514627585785708,0.7514627585785708,0.0
1,false_positive_0p010,eq_fpr_matched_macro,0.8888040112538232,0.0,0.007708238601227763,0.7708238601227763,0.0
1,false_positive_0p010,eq_fpr_matched_cvar,0.888817706220403,0.0,0.009836637219661158,0.9836637219661157,0.0
1,false_positive_0p020,eq_fpr,0.9999885208388756,0.999897881907734,0.03231967471027819,1.6159837355139095,0.0
1,false_positive_0p020,greedy,0.08888902018554844,0.0,0.00006254710596619942,0.003127355298309971,0.0
1,false_positive_0p020,fabrid_macro,0.7777475153021303,0.0,0.02650565277833398,1.325282638916699,0.0
1,false_positive_0p020,fabrid_cvar,0.8888593410651765,0.0,0.03074332528438035,1.5371662642190176,0.0
1,false_positive_0p020,fabrid_macro_finite_safe,0.6444317610413246,0.0,0.024570366481351143,1.228518324067557,0.0
1,false_positive_0p020,fabrid_cvar_finite_safe,0.7555434831257588,0.0,0.024915610902424248,1.2457805451212123,0.0
1,false_positive_0p020,fabrid_macro_no_rate_minimization,0.8888658693284397,0.0,0.03345183358708847,1.6725916793544233,0.0
1,false_positive_0p020,common_rate_macro,0.9999885208388756,0.999897881907734,0.03231967471027819,1.6159837355139095,0.0
1,false_positive_0p020,eq_alert,0.9999797489637658,0.9998658105257249,0.033605815177428534,1.6802907588714266,0.0
1,false_positive_0p020,pooled_shared,0.9999390205068264,0.9997302646739563,0.01601236153515879,0.8006180767579396,0.0
1,false_positive_0p020,eq_fpr_matched_macro,0.9999531751816279,0.9998632786903936,0.014241279438243777,0.7120639719121888,0.0
1,false_positive_0p020,eq_fpr_matched_cvar,0.9999766091374434,0.999874419206195,0.01891417028160759,0.9457085140803795,0.0
2,false_positive_0p001,eq_fpr,0.4222607971566806,0.0,0.0016398543879664262,1.6398543879664262,0.0
2,false_positive_0p001,greedy,0.0,0.0,0.0,0.0,0.0
2,false_positive_0p001,fabrid_macro,0.33337164567447264,0.0,0.001474957472237355,1.4749574722373548,0.0
2,false_positive_0p001,fabrid_cvar,0.33337164567447264,0.0,0.001474957472237355,1.4749574722373548,0.0
2,false_positive_0p001,fabrid_macro_finite_safe,0.15556162800945023,0.0,0.00032509354163353396,0.32509354163353393,0.0
2,false_positive_0p001,fabrid_cvar_finite_safe,0.15556162800945023,0.0,0.00032509354163353396,0.32509354163353393,0.0
2,false_positive_0p001,fabrid_macro_no_rate_minimization,0.33337164567447264,0.0,0.001474957472237355,1.4749574722373548,0.0
2,false_positive_0p001,common_rate_macro,0.4222607971566806,0.0,0.0016398543879664262,1.6398543879664262,0.0
2,false_positive_0p001,eq_alert,0.4222607971566806,0.0,0.0016398543879664262,1.6398543879664262,0.0
2,false_positive_0p001,pooled_shared,0.8888092362427501,0.6,0.0016195464414358795,1.6195464414358796,0.0
2,false_positive_0p001,eq_fpr_matched_macro,0.15556162800945023,0.0,0.00032509354163353396,0.32509354163353393,0.0
2,false_positive_0p001,eq_fpr_matched_cvar,0.15556162800945023,0.0,0.00032509354163353396,0.32509354163353393,0.0
2,false_positive_0p0025,eq_fpr,0.4444626518766756,0.0,0.002003764822678859,0.8015059290715436,0.0
2,false_positive_0p0025,greedy,0.0,0.0,0.0,0.0,0.0
2,false_positive_0p0025,fabrid_macro,0.46666471652152364,0.0,0.002326002122723807,0.9304008490895228,0.0
2,false_positive_0p0025,fabrid_cvar,0.46666471652152364,0.0,0.002326002122723807,0.9304008490895228,0.0
2,false_positive_0p0025,fabrid_macro_finite_safe,0.3111496860455695,0.0,0.0009955729987627807,0.39822919950511226,0.0
2,false_positive_0p0025,fabrid_cvar_finite_safe,0.3111496860455695,0.0,0.0009955729987627807,0.39822919950511226,0.0
2,false_positive_0p0025,fabrid_macro_no_rate_minimization,0.4888669541800515,0.0,0.0024321730981928793,0.9728692392771517,0.0
2,false_positive_0p0025,common_rate_macro,0.4444626518766756,0.0,0.002003764822678859,0.8015059290715436,0.0
2,false_positive_0p0025,eq_alert,0.5555726377276395,0.0,0.004067524329893753,1.6270097319575012,0.0
2,false_positive_0p0025,pooled_shared,0.911065788287349,0.6,0.0025597631408533265,1.0239052563413304,0.0
2,false_positive_0p0025,eq_fpr_matched_macro,0.4444626518766756,0.0,0.002003764822678859,0.8015059290715436,0.0
2,false_positive_0p0025,eq_fpr_matched_cvar,0.4444626518766756,0.0,0.002003764822678859,0.8015059290715436,0.0
2,false_positive_0p005,eq_fpr,0.8443694846139285,0.0,0.005410888861931587,1.0821777723863173,0.0
2,false_positive_0p005,greedy,0.0,0.0,0.0,0.0,0.0
2,false_positive_0p005,fabrid_macro,0.46667246718534133,0.0,0.0039631265424958035,0.7926253084991607,0.0
2,false_positive_0p005,fabrid_cvar,0.5332969220300502,0.0,0.0054706973368431056,1.094139467368621,0.0
2,false_positive_0p005,fabrid_macro_finite_safe,0.35555601078883875,0.0,0.002753074214106248,0.5506148428212495,0.0
2,false_positive_0p005,fabrid_cvar_finite_safe,0.42217494939123634,0.0,0.004315660734293443,0.8631321468586886,0.0
2,false_positive_0p005,fabrid_macro_no_rate_minimization,0.5555139654134135,0.0,0.005351772108428639,1.0703544216857277,0.0
2,false_positive_0p005,common_rate_macro,0.8443694846139285,0.0,0.005410888861931587,1.0821777723863173,0.0
2,false_positive_0p005,eq_alert,0.8887842124250904,0.0,0.006423891533859392,1.2847783067718783,0.0
2,false_positive_0p005,pooled_shared,0.999887747423705,0.9996218534965351,0.004375083336081476,0.8750166672162952,0.0
2,false_positive_0p005,eq_fpr_matched_macro,0.5555641345615054,0.0,0.002429716782003641,0.48594335640072817,0.0
2,false_positive_0p005,eq_fpr_matched_cvar,0.6221821971845327,0.0,0.004870244116932105,0.974048823386421,0.0
2,false_positive_0p010,eq_fpr,0.9999497472939205,0.9998416420693109,0.014231189204632259,1.423118920463226,0.0
2,false_positive_0p010,greedy,0.0,0.0,0.0,0.0,0.0
2,false_positive_0p010,fabrid_macro,0.5555227757924084,0.0,0.007241746865954967,0.7241746865954967,0.0
2,false_positive_0p010,fabrid_cvar,0.7555397293496023,0.0,0.01300055411816515,1.300055411816515,0.0
2,false_positive_0p010,fabrid_macro_finite_safe,0.4221945796753441,0.0,0.006108635555165474,0.6108635555165474,0.0
2,false_positive_0p010,fabrid_cvar_finite_safe,0.6444153898790228,0.0,0.01025316821312929,1.025316821312929,0.0
2,false_positive_0p010,fabrid_macro_no_rate_minimization,0.7777409586188875,0.0,0.02498351630017474,2.4983516300174737,0.0
2,false_positive_0p010,common_rate_macro,0.9999497472939205,0.9998416420693109,0.014231189204632259,1.423118920463226,0.0
2,false_positive_0p010,eq_alert,0.99994836023049,0.9998416420693109,0.016050613344541925,1.6050613344541924,0.0
2,false_positive_0p010,pooled_shared,0.9999067273307117,0.9996430837239737,0.008443088288315845,0.8443088288315844,0.0
2,false_positive_0p010,eq_fpr_matched_macro,0.8888053149401968,0.0,0.007563227481020957,0.7563227481020957,0.0
2,false_positive_0p010,eq_fpr_matched_cvar,0.8888211090936635,0.0,0.011144648703408212,1.114464870340821,0.0
2,false_positive_0p020,eq_fpr,0.9999885222486442,0.9998967002377981,0.032744922947968824,1.6372461473984412,0.0
2,false_positive_0p020,greedy,0.0,0.0,0.0,0.0,0.0
2,false_positive_0p020,fabrid_macro,0.7777499685895575,0.0,0.02693016929737955,1.3465084648689774,0.0
2,false_positive_0p020,fabrid_cvar,0.888859407219006,0.0,0.029891327418186096,1.4945663709093047,0.0
2,false_positive_0p020,fabrid_macro_finite_safe,0.6444305640382813,0.0,0.022321781332304745,1.1160890666152372,0.0
2,false_positive_0p020,fabrid_cvar_finite_safe,0.7555440385241426,0.0,0.02191516253546314,1.095758126773157,0.0
2,false_positive_0p020,fabrid_macro_no_rate_minimization,0.8888669573546875,0.0,0.0334291837937579,1.671459189687895,0.0
2,false_positive_0p020,common_rate_macro,0.9999885222486442,0.9998967002377981,0.032744922947968824,1.6372461473984412,0.0
2,false_positive_0p020,eq_alert,0.9999802799783607,0.9998658105257249,0.03428139893372364,1.714069946686182,0.0
2,false_positive_0p020,pooled_shared,0.9999413491783431,0.9997302646739563,0.01721765263799498,0.860882631899749,0.0
2,false_positive_0p020,eq_fpr_matched_macro,0.9999560650513337,0.9998658105257249,0.01522611105781429,0.7613055528907146,0.0
2,false_positive_0p020,eq_fpr_matched_cvar,0.9999731105998914,0.999874419206195,0.01706705969020829,0.8533529845104144,0.0
3,false_positive_0p001,eq_fpr,0.31114818820970425,0.0,0.000969982446244437,0.969982446244437,0.0
3,false_positive_0p001,greedy,0.08888888888888889,0.0,5.6861005423817655e-6,0.005686100542381766,0.0
3,false_positive_0p001,fabrid_macro,0.31114818820970425,0.0,0.000969982446244437,0.969982446244437,0.0
3,false_positive_0p001,fabrid_cvar,0.31114818820970425,0.0,0.000969982446244437,0.969982446244437,0.0
3,false_positive_0p001,fabrid_macro_finite_safe,0.15555555555555556,0.0,0.00028997615943078547,0.2899761594307855,0.0
3,false_positive_0p001,fabrid_cvar_finite_safe,0.24444954260935,0.0,0.00042648169931959283,0.42648169931959284,0.0
3,false_positive_0p001,fabrid_macro_no_rate_minimization,0.31114818820970425,0.0,0.000969982446244437,0.969982446244437,0.0
3,false_positive_0p001,common_rate_macro,0.31114818820970425,0.0,0.000969982446244437,0.969982446244437,0.0
3,false_positive_0p001,eq_alert,0.42225929932081535,0.0,0.00159348056482861,1.5934805648286101,0.0
3,false_positive_0p001,pooled_shared,0.8888122541936779,0.6,0.0015817418506318252,1.581741850631825,0.0
3,false_positive_0p001,eq_fpr_matched_macro,0.31114818820970425,0.0,0.000969982446244437,0.969982446244437,0.0
3,false_positive_0p001,eq_fpr_matched_cvar,0.31114818820970425,0.0,0.000969982446244437,0.969982446244437,0.0
3,false_positive_0p0025,eq_fpr,0.4444623729095461,0.0,0.0018209245865238807,0.7283698346095523,0.0
3,false_positive_0p0025,greedy,0.08888888888888889,0.0,5.6861005423817655e-6,0.002274440216952706,0.0
3,false_positive_0p0025,fabrid_macro,0.3555518339995652,0.0,0.001656130181001818,0.6624520724007271,0.0
3,false_positive_0p0025,fabrid_cvar,0.3555518339995652,0.0,0.001656130181001818,0.6624520724007271,0.0
3,false_positive_0p0025,fabrid_macro_finite_safe,0.31114818820970425,0.0,0.000969982446244437,0.3879929784977748,0.0
3,false_positive_0p0025,fabrid_cvar_finite_safe,0.31114818820970425,0.0,0.000969982446244437,0.3879929784977748,0.0
3,false_positive_0p0025,fabrid_macro_no_rate_minimization,0.3777528092842515,0.0,0.001656130181001818,0.6624520724007271,0.0
3,false_positive_0p0025,common_rate_macro,0.4444623729095461,0.0,0.0018209245865238807,0.7283698346095523,0.0
3,false_positive_0p0025,eq_alert,0.5555712711884337,0.0,0.00396229073294392,1.584916293177568,0.0
3,false_positive_0p0025,pooled_shared,0.9110681208228668,0.6,0.002646618465839897,1.0586473863359587,0.0
3,false_positive_0p0025,eq_fpr_matched_macro,0.4444623729095461,0.0,0.0018209245865238807,0.7283698346095523,0.0
3,false_positive_0p0025,eq_fpr_matched_cvar,0.4444623729095461,0.0,0.0018209245865238807,0.7283698346095523,0.0
3,false_positive_0p005,eq_fpr,0.8443680735999091,0.0,0.005168853549591876,1.033770709918375,0.0
3,false_positive_0p005,greedy,0.08888888888888889,0.0,5.6861005423817655e-6,0.001137220108476353,0.0
3,false_positive_0p005,fabrid_macro,0.3999650916576906,0.0,0.0035795756267458763,0.7159151253491752,0.0
3,false_positive_0p005,fabrid_cvar,0.4221909703179828,0.0,0.005340154782896927,1.0680309565793853,0.0
3,false_positive_0p005,fabrid_macro_finite_safe,0.37776112996680655,0.0,0.00348222687561718,0.696445375123436,0.0
3,false_positive_0p005,fabrid_cvar_finite_safe,0.4221802766630553,0.0,0.004774719877983571,0.9549439755967141,0.0
3,false_positive_0p005,fabrid_macro_no_rate_minimization,0.44440158317646156,0.0,0.004835404354945067,0.9670808709890134,0.0
3,false_positive_0p005,common_rate_macro,0.8443680735999091,0.0,0.005168853549591876,1.033770709918375,0.0
3,false_positive_0p005,eq_alert,0.8887864513739505,0.0,0.006264355712008409,1.2528711424016818,0.0
3,false_positive_0p005,pooled_shared,0.9998895083404958,0.9996218534965351,0.004664508394377032,0.9329016788754064,0.0
3,false_positive_0p005,eq_fpr_matched_macro,0.6221817512429972,0.0,0.0035804120059847195,0.7160824011969439,0.0
3,false_positive_0p005,eq_fpr_matched_cvar,0.7332877441388062,0.0,0.004658351306026776,0.9316702612053551,0.0
3,false_positive_0p010,eq_fpr,0.9999506767643719,0.9998416420693109,0.013939274031082303,1.3939274031082303,0.0
3,false_positive_0p010,greedy,0.08888888888888889,0.0,5.6861005423817655e-6,0.0005686100542381766,0.0
3,false_positive_0p010,fabrid_macro,0.4444107967873361,0.0,0.006650794326948049,0.6650794326948049,0.0
3,false_positive_0p010,fabrid_cvar,0.6666261890409171,0.0,0.011763392647996591,1.1763392647996591,0.0
3,false_positive_0p010,fabrid_macro_finite_safe,0.4221934740896954,0.0,0.006209462687408954,0.6209462687408954,0.0
3,false_positive_0p010,fabrid_cvar_finite_safe,0.6444060093173307,0.0,0.010405840683082979,1.0405840683082979,0.0
3,false_positive_0p010,fabrid_macro_no_rate_minimization,0.6666292256168009,0.0,0.024021880927785007,2.4021880927785006,0.0
3,false_positive_0p010,common_rate_macro,0.9999506767643719,0.9998416420693109,0.013939274031082303,1.3939274031082303,0.0
3,false_positive_0p010,eq_alert,0.9999484723402864,0.9998386343189187,0.015139703554158859,1.5139703554158859,0.0
3,false_positive_0p010,pooled_shared,0.9999053300079773,0.9996430837239737,0.008171098756456989,0.8171098756456989,0.0
3,false_positive_0p010,eq_fpr_matched_macro,0.8888061612715559,0.0,0.007634384295466888,0.7634384295466888,0.0
3,false_positive_0p010,eq_fpr_matched_cvar,0.999924849064128,0.9997537549416234,0.010912552878913033,1.0912552878913033,0.0
3,false_positive_0p020,eq_fpr,0.999988372230267,0.9998953500724028,0.032507242085625256,1.6253621042812627,0.0
3,false_positive_0p020,greedy,0.08888888888888889,0.0,5.6861005423817655e-6,0.0002843050271190883,0.0
3,false_positive_0p020,fabrid_macro,0.6666380453376969,0.0,0.02604694367441409,1.3023471837207046,0.0
3,false_positive_0p020,fabrid_cvar,0.7777509797484319,0.0,0.030129453559091943,1.5064726779545972,0.0
3,false_positive_0p020,fabrid_macro_finite_safe,0.6444298731622502,0.0,0.024498324751131662,1.2249162375565832,0.0
3,false_positive_0p020,fabrid_cvar_finite_safe,0.7777462120699624,0.0,0.0258363264086463,1.291816320432315,0.0
3,false_positive_0p020,fabrid_macro_no_rate_minimization,0.7777570892709695,0.0,0.033092787586027954,1.6546393793013976,0.0
3,false_positive_0p020,common_rate_macro,0.999988372230267,0.9998953500724028,0.032507242085625256,1.6253621042812627,0.0
3,false_positive_0p020,eq_alert,0.9999810863122929,0.9998632786903936,0.03386166246169363,1.6930831230846815,0.0
3,false_positive_0p020,pooled_shared,0.9999381686755755,0.9997302646739563,0.016757939018694823,0.8378969509347411,0.0
3,false_positive_0p020,eq_fpr_matched_macro,0.9999554821656235,0.9998632786903936,0.014715801427430508,0.7357900713715254,0.0
3,false_positive_0p020,eq_fpr_matched_cvar,0.9999773989480296,0.999874419206195,0.018025310677778027,0.9012655338889014,0.0
4,false_positive_0p001,eq_fpr,0.4222617198553311,0.0,0.0016303099363014603,1.6303099363014604,0.0
4,false_positive_0p001,greedy,0.08888915148220798,0.0,5.6861005423817655e-6,0.005686100542381766,0.0
4,false_positive_0p001,fabrid_macro,0.4222617198553311,0.0,0.0016303099363014603,1.6303099363014604,0.0
4,false_positive_0p001,fabrid_cvar,0.4222617198553311,0.0,0.0016303099363014603,1.6303099363014604,0.0
4,false_positive_0p001,fabrid_macro_finite_safe,0.1555559494455342,0.0,0.00028523898966469107,0.2852389896646911,0.0
4,false_positive_0p001,fabrid_cvar_finite_safe,0.24445009187775277,0.0,0.0004065772473436309,0.4065772473436309,0.0
4,false_positive_0p001,fabrid_macro_no_rate_minimization,0.4222617198553311,0.0,0.0016303099363014603,1.6303099363014604,0.0
4,false_positive_0p001,common_rate_macro,0.4222617198553311,0.0,0.0016303099363014603,1.6303099363014604,0.0
4,false_positive_0p001,eq_alert,0.4222617198553311,0.0,0.0016303099363014603,1.6303099363014604,0.0
4,false_positive_0p001,pooled_shared,0.8888154077644698,0.6,0.001601872554228259,1.601872554228259,0.0
4,false_positive_0p001,eq_fpr_matched_macro,0.31115060874422,0.0,0.0009652452764783426,0.9652452764783426,0.0
4,false_positive_0p001,eq_fpr_matched_cvar,0.31115060874422,0.0,0.0009652452764783426,0.9652452764783426,0.0
4,false_positive_0p0025,eq_fpr,0.4444647934440618,0.0,0.001999906471556275,0.79996258862251,0.0
4,false_positive_0p0025,greedy,0.08888915148220798,0.0,5.6861005423817655e-6,0.002274440216952706,0.0
4,false_positive_0p0025,fabrid_macro,0.46666509838092257,0.0,0.0023044199915016944,0.9217679966006778,0.0
4,false_positive_0p0025,fabrid_cvar,0.46666509838092257,0.0,0.0023044199915016944,0.9217679966006778,0.0
4,false_positive_0p0025,fabrid_macro_finite_safe,0.31115060874422,0.0,0.0009652452764783426,0.38609811059133703,0.0
4,false_positive_0p0025,fabrid_cvar_finite_safe,0.31115060874422,0.0,0.0009652452764783426,0.38609811059133703,0.0
4,false_positive_0p0025,fabrid_macro_no_rate_minimization,0.4888681719696532,0.0,0.0026683304262141274,1.0673321704856509,0.0
4,false_positive_0p0025,common_rate_macro,0.4444647934440618,0.0,0.001999906471556275,0.79996258862251,0.0
4,false_positive_0p0025,eq_alert,0.5555748731482499,0.0,0.0039029574215916026,1.561182968636641,0.0
4,false_positive_0p0025,pooled_shared,0.911069690975142,0.6,0.002542629274126112,1.0170517096504448,0.0
4,false_positive_0p0025,eq_fpr_matched_macro,0.4444649247407214,0.0,0.002028336974268184,0.8113347897072736,0.0
4,false_positive_0p0025,eq_fpr_matched_cvar,0.4444649247407214,0.0,0.002028336974268184,0.8113347897072736,0.0
4,false_positive_0p005,eq_fpr,0.8443685029114562,0.0,0.00510264367952745,1.02052873590549,0.0
4,false_positive_0p005,greedy,0.08888915148220798,0.0,5.6861005423817655e-6,0.001137220108476353,0.0
4,false_positive_0p005,fabrid_macro,0.5110780896310927,0.0,0.004414274693054183,0.8828549386108365,0.0
4,false_positive_0p005,fabrid_cvar,0.5333074778379167,0.0,0.00610735713652308,1.2214714273046159,0.0
4,false_positive_0p005,fabrid_macro_finite_safe,0.37776459452967054,0.0,0.0034868654715186987,0.6973730943037397,0.0
4,false_positive_0p005,fabrid_cvar_finite_safe,0.4221844047176539,0.0,0.004377246476305083,0.8754492952610166,0.0
4,false_positive_0p005,fabrid_macro_no_rate_minimization,0.6666152351356501,0.0,0.005976217884399412,1.1952435768798824,0.0
4,false_positive_0p005,common_rate_macro,0.8443685029114562,0.0,0.00510264367952745,1.02052873590549,0.0
4,false_positive_0p005,eq_alert,0.888786087974172,0.0,0.006239301502510976,1.247860300502195,0.0
4,false_positive_0p005,pooled_shared,0.9998866172192612,0.9996218534965351,0.004439748060697919,0.8879496121395838,0.0
4,false_positive_0p005,eq_fpr_matched_macro,0.6221808247937174,0.0,0.003791392245412899,0.7582784490825798,0.0
4,false_positive_0p005,eq_fpr_matched_cvar,0.7332771795833817,0.0,0.004724765043781903,0.9449530087563807,0.0
4,false_positive_0p010,eq_fpr,0.999948991638003,0.9998416420693109,0.01355542038640543,1.355542038640543,0.0
4,false_positive_0p010,greedy,0.08888915148220798,0.0,5.6861005423817655e-6,0.0005686100542381766,0.0
4,false_positive_0p010,fabrid_macro,0.6666266703255144,0.0,0.008409790706533212,0.8409790706533212,0.0
4,false_positive_0p010,fabrid_cvar,0.7555364080326546,0.0,0.01260372975095778,1.260372975095778,0.0
4,false_positive_0p010,fabrid_macro_finite_safe,0.533294831075698,0.0,0.006231080590343444,0.6231080590343444,0.0
4,false_positive_0p010,fabrid_cvar_finite_safe,0.6444054076582699,0.0,0.009633319697770544,0.9633319697770544,0.0
4,false_positive_0p010,fabrid_macro_no_rate_minimization,0.7777413255288866,0.0,0.02475768723268088,2.4757687232680876,0.0
4,false_positive_0p010,common_rate_macro,0.999948991638003,0.9998416420693109,0.01355542038640543,1.355542038640543,0.0
4,false_positive_0p010,eq_alert,0.9999467510419424,0.9998416420693109,0.014908712273523698,1.4908712273523697,0.0
4,false_positive_0p010,pooled_shared,0.9999040917598846,0.9996430837239737,0.008257648769468221,0.8257648769468221,0.0
4,false_positive_0p010,eq_fpr_matched_macro,0.8888069329691697,0.0,0.007905997954386686,0.7905997954386685,0.0
4,false_positive_0p010,eq_fpr_matched_cvar,0.8888164571604966,0.0,0.009684581933760074,0.9684581933760074,0.0
4,false_positive_0p020,eq_fpr,0.9999885206499933,0.999897881907734,0.0323531821792458,1.61765910896229,0.0
4,false_positive_0p020,greedy,0.08888915148220798,0.0,5.6861005423817655e-6,0.0002843050271190883,0.0
4,false_positive_0p020,fabrid_macro,0.7777499816722008,0.0,0.02645187044758589,1.3225935223792946,0.0
4,false_positive_0p020,fabrid_cvar,0.8888596138228647,0.0,0.029924436369786905,1.4962218184893452,0.0
4,false_positive_0p020,fabrid_macro_finite_safe,0.644432590206257,0.0,0.021965215877994174,1.0982607938997087,0.0
4,false_positive_0p020,fabrid_cvar_finite_safe,0.7555444305947983,0.0,0.02418465679150874,1.209232839575437,0.0
4,false_positive_0p020,fabrid_macro_no_rate_minimization,0.8888663195028274,0.0,0.032971996137111506,1.6485998068555752,0.0
4,false_positive_0p020,common_rate_macro,0.9999885206499933,0.999897881907734,0.0323531821792458,1.61765910896229,0.0
4,false_positive_0p020,eq_alert,0.9999819911132882,0.9998732375362591,0.033725516499589485,1.6862758249794743,0.0
4,false_positive_0p020,pooled_shared,0.9999406800816752,0.9997254479717055,0.01722761323263188,0.8613806616315939,0.0
4,false_positive_0p020,eq_fpr_matched_macro,0.9999539368188347,0.999869524030992,0.014605976603285867,0.7302988301642933,0.0
4,false_positive_0p020,eq_fpr_matched_cvar,0.9999767300993088,0.9998830278866654,0.017495116046703115,0.8747558023351557,0.0
5,false_positive_0p001,eq_fpr,0.3111464236855832,0.0,0.0009965150874037712,0.9965150874037711,0.0
5,false_positive_0p001,greedy,0.0,0.0,0.0,0.0,0.0
5,false_positive_0p001,fabrid_macro,0.3111464236855832,0.0,0.0009965150874037712,0.9965150874037711,0.0
5,false_positive_0p001,fabrid_cvar,0.22225620335301677,0.0,0.0008259320711323182,0.8259320711323181,0.0
5,false_positive_0p001,fabrid_macro_finite_safe,0.2444510294314517,0.0,0.0004909325460035955,0.49093254600359554,0.0
5,false_positive_0p001,fabrid_cvar_finite_safe,0.15556080909888526,0.0,0.00032034952973214264,0.32034952973214265,0.0
5,false_positive_0p001,fabrid_macro_no_rate_minimization,0.3111464236855832,0.0,0.0009965150874037712,0.9965150874037711,0.0
5,false_positive_0p001,common_rate_macro,0.3111464236855832,0.0,0.0009965150874037712,0.9965150874037711,0.0
5,false_positive_0p001,eq_alert,0.42225753479669437,0.0,0.001703146288465834,1.703146288465834,0.0
5,false_positive_0p001,pooled_shared,0.8888139483246914,0.6,0.0016318341216166941,1.631834121616694,0.0
5,false_positive_0p001,eq_fpr_matched_macro,0.3111464236855832,0.0,0.0009965150874037712,0.9965150874037711,0.0
5,false_positive_0p001,eq_fpr_matched_cvar,0.15556080909888526,0.0,0.00032034952973214264,0.32034952973214265,0.0
5,false_positive_0p0025,eq_fpr,0.44445940823840707,0.0,0.0020045096172120673,0.8018038468848269,0.0
5,false_positive_0p0025,greedy,0.0,0.0,0.0,0.0,0.0
5,false_positive_0p0025,fabrid_macro,0.3555530409359722,0.0,0.0017308135403897402,0.692325416155896,0.0
5,false_positive_0p0025,fabrid_cvar,0.3555530409359722,0.0,0.0017308135403897402,0.692325416155896,0.0
5,false_positive_0p0025,fabrid_macro_finite_safe,0.3111464236855832,0.0,0.0009965150874037712,0.3986060349615085,0.0
5,false_positive_0p0025,fabrid_cvar_finite_safe,0.3111464236855832,0.0,0.0009965150874037712,0.3986060349615085,0.0
5,false_positive_0p0025,fabrid_macro_no_rate_minimization,0.39995704200178056,0.0,0.0020795892986186764,0.8318357194474706,0.0
5,false_positive_0p0025,common_rate_macro,0.44445940823840707,0.0,0.0020045096172120673,0.8018038468848269,0.0
5,false_positive_0p0025,eq_alert,0.5555699567194446,0.0,0.003913310914172861,1.5653243656691445,0.0
5,false_positive_0p0025,pooled_shared,0.9110634501516885,0.6,0.002626035215811853,1.050414086324741,0.0
5,false_positive_0p0025,eq_fpr_matched_macro,0.44445953953506667,0.0,0.0020272540193815945,0.8109016077526378,0.0
5,false_positive_0p0025,eq_fpr_matched_cvar,0.44445953953506667,0.0,0.0020272540193815945,0.8109016077526378,0.0
5,false_positive_0p005,eq_fpr,0.8443644102898217,0.0,0.005303191899107688,1.0606383798215375,0.0
5,false_positive_0p005,greedy,0.0,0.0,0.0,0.0,0.0
5,false_positive_0p005,fabrid_macro,0.39996614160837113,0.0,0.0037167137183906733,0.7433427436781347,0.0
5,false_positive_0p005,fabrid_cvar,0.42218634791282894,0.0,0.0054529577994296445,1.0905915598859288,0.0
5,false_positive_0p005,fabrid_macro_finite_safe,0.3777634513542019,0.0,0.003554913799587952,0.7109827599175904,0.0
5,false_positive_0p005,fabrid_cvar_finite_safe,0.4221708190038675,0.0,0.004102020406056007,0.8204040812112013,0.0
5,false_positive_0p005,fabrid_macro_no_rate_minimization,0.44440070303929763,0.0,0.0049394733479764365,0.9878946695952873,0.0
5,false_positive_0p005,common_rate_macro,0.8443644102898217,0.0,0.005303191899107688,1.0606383798215375,0.0
5,false_positive_0p005,eq_alert,0.8887843715979749,0.0,0.00638500153756343,1.277000307512686,0.0
5,false_positive_0p005,pooled_shared,0.999883167097805,0.9996218534965351,0.0043876010472589455,0.8775202094517891,0.0
5,false_positive_0p005,eq_fpr_matched_macro,0.6221772148509371,0.0,0.0046970810591767664,0.9394162118353533,0.0
5,false_positive_0p005,eq_fpr_matched_cvar,0.7332678429638307,0.0,0.004765459942918193,0.9530919885836385,0.0
5,false_positive_0p010,eq_fpr,0.9999479043779493,0.9998416420693109,0.01401842984863169,1.401842984863169,0.0
5,false_positive_0p010,greedy,0.0,0.0,0.0,0.0,0.0
5,false_positive_0p010,fabrid_macro,0.4444098026458882,0.0,0.006622086572087488,0.6622086572087488,0.0
5,false_positive_0p010,fabrid_cvar,0.7555304090935386,0.0,0.013065368853325309,1.3065368853325308,0.0
5,false_positive_0p010,fabrid_macro_finite_safe,0.42219416399665866,0.0,0.006176011562627047,0.6176011562627046,0.0
5,false_positive_0p010,fabrid_cvar_finite_safe,0.7554988826310136,0.0,0.010779829306867625,1.0779829306867623,0.0
5,false_positive_0p010,fabrid_macro_no_rate_minimization,0.7777289479641595,0.0,0.013497231542989032,1.3497231542989032,0.0
5,false_positive_0p010,common_rate_macro,0.9999479043779493,0.9998416420693109,0.01401842984863169,1.401842984863169,0.0
5,false_positive_0p010,eq_alert,0.9999451374045082,0.9998416420693109,0.01505047415081606,1.505047415081606,0.0
5,false_positive_0p010,pooled_shared,0.9999013029791123,0.9996430837239737,0.008268621939928661,0.8268621939928661,0.0
5,false_positive_0p010,eq_fpr_matched_macro,0.8888007229407762,0.0,0.007701307407926988,0.7701307407926988,0.0
5,false_positive_0p010,eq_fpr_matched_cvar,0.9999250486095064,0.9997639815897118,0.011198949461336887,1.1198949461336887,0.0
5,false_positive_0p020,eq_fpr,0.999988389542216,0.9998967002377981,0.03145792489881745,1.5728962449408723,0.0
5,false_positive_0p020,greedy,0.0,0.0,0.0,0.0,0.0
5,false_positive_0p020,fabrid_macro,0.777743798328467,0.0,0.02716994615264054,1.358497307632027,0.0
5,false_positive_0p020,fabrid_cvar,0.7777481693040488,0.0,0.030419984190318224,1.520999209515911,0.0
5,false_positive_0p020,fabrid_macro_finite_safe,0.7777258945421397,0.0,0.023842808977765046,1.1921404488882523,0.0
5,false_positive_0p020,fabrid_cvar_finite_safe,0.7777445521774555,0.0,0.025185688101508424,1.2592844050754213,0.0
5,false_positive_0p020,fabrid_macro_no_rate_minimization,0.7777540074575273,0.0,0.033012748217271966,1.6506374108635982,0.0
5,false_positive_0p020,common_rate_macro,0.999988389542216,0.9998967002377981,0.03145792489881745,1.5728962449408723,0.0
5,false_positive_0p020,eq_alert,0.9999789079648376,0.999864628855789,0.03367223545063325,1.6836117725316624,0.0
5,false_positive_0p020,pooled_shared,0.9999405291299275,0.9997254479717055,0.016923768907200012,0.8461884453600006,0.0
5,false_positive_0p020,eq_fpr_matched_macro,0.9999566260686881,0.999864628855789,0.015893499309398828,0.7946749654699414,0.0
5,false_positive_0p020,eq_fpr_matched_cvar,0.9999744539278215,0.999874419206195,0.017373382483972553,0.8686691241986276,0.0
6,false_positive_0p001,eq_fpr,0.3111353774100633,0.0,0.0009642963457020552,0.9642963457020551,0.0
6,false_positive_0p001,greedy,0.08888888888888889,0.0,5.6861005423817655e-6,0.005686100542381766,0.0
6,false_positive_0p001,fabrid_macro,0.3111353774100633,0.0,0.0009642963457020552,0.9642963457020551,0.0
6,false_positive_0p001,fabrid_cvar,0.31113524611340376,0.0,0.0008107716310577476,0.8107716310577475,0.0
6,false_positive_0p001,fabrid_macro_finite_safe,0.2444498066124377,0.0,0.0004587138043018797,0.4587138043018797,0.0
6,false_positive_0p001,fabrid_cvar_finite_safe,0.15556078642688925,0.0,0.00029950298911519025,0.29950298911519024,0.0
6,false_positive_0p001,fabrid_macro_no_rate_minimization,0.3111353774100633,0.0,0.0009642963457020552,0.9642963457020551,0.0
6,false_positive_0p001,common_rate_macro,0.3111353774100633,0.0,0.0009642963457020552,0.9642963457020551,0.0
6,false_positive_0p001,eq_alert,0.4222464885211744,0.0,0.0016293610055251732,1.629361005525173,0.0
6,false_positive_0p001,pooled_shared,0.8888078308172664,0.6,0.0015319124917199686,1.5319124917199687,0.0
6,false_positive_0p001,eq_fpr_matched_macro,0.3111353774100633,0.0,0.0009642963457020552,0.9642963457020551,0.0
6,false_positive_0p001,eq_fpr_matched_cvar,0.1777830086491115,0.0,0.00019905916700028087,0.19905916700028087,0.0
6,false_positive_0p0025,eq_fpr,0.44444943081324556,0.0,0.001976213138610461,0.7904852554441844,0.0
6,false_positive_0p0025,greedy,0.08888888888888889,0.0,5.6861005423817655e-6,0.002274440216952706,0.0
6,false_positive_0p0025,fabrid_macro,0.3555496421385264,0.0,0.0016865571191308772,0.6746228476523509,0.0
6,false_positive_0p0025,fabrid_cvar,0.3555496421385264,0.0,0.0016865571191308772,0.6746228476523509,0.0
6,false_positive_0p0025,fabrid_macro_finite_safe,0.3111353774100633,0.0,0.0009642963457020552,0.3857185382808221,0.0
6,false_positive_0p0025,fabrid_cvar_finite_safe,0.3111353774100633,0.0,0.0009642963457020552,0.3857185382808221,0.0
6,false_positive_0p0025,fabrid_macro_no_rate_minimization,0.3555496421385264,0.0,0.0016865571191308772,0.6746228476523509,0.0
6,false_positive_0p0025,common_rate_macro,0.44444943081324556,0.0,0.001976213138610461,0.7904852554441844,0.0
6,false_positive_0p0025,eq_alert,0.5555602418876022,0.0,0.004263398993533964,1.7053595974135856,0.0
6,false_positive_0p0025,pooled_shared,0.9110525086573303,0.6,0.0026168805851104586,1.0467522340441835,0.0
6,false_positive_0p0025,eq_fpr_matched_macro,0.44444943081324556,0.0,0.001976213138610461,0.7904852554441844,0.0
6,false_positive_0p0025,eq_fpr_matched_cvar,0.44444943081324556,0.0,0.001976213138610461,0.7904852554441844,0.0
6,false_positive_0p005,eq_fpr,0.8443544531824764,0.0,0.005481198626286805,1.096239725257361,0.0
6,false_positive_0p005,greedy,0.08888888888888889,0.0,5.6861005423817655e-6,0.001137220108476353,0.0
6,false_positive_0p005,fabrid_macro,0.3777637315517813,0.0,0.003464641117243895,0.6929282234487789,0.0
6,false_positive_0p005,fabrid_cvar,0.533290976426251,0.0,0.0055712082608827705,1.1142416521765541,0.0
6,false_positive_0p005,fabrid_macro_finite_safe,0.3555606504592792,0.0,0.0033236815389028744,0.6647363077805749,0.0
6,false_positive_0p005,fabrid_cvar_finite_safe,0.42217511127034896,0.0,0.004079999743544614,0.8159999487089228,0.0
6,false_positive_0p005,fabrid_macro_no_rate_minimization,0.5555088815893027,0.0,0.006681122348003182,1.3362244696006365,0.0
6,false_positive_0p005,common_rate_macro,0.7332732936413416,0.0,0.005330370915947383,1.0660741831894767,0.0
6,false_positive_0p005,eq_alert,0.8887805096394791,0.0,0.006482814790046231,1.2965629580092461,0.0
6,false_positive_0p005,pooled_shared,0.9998728496821053,0.9996218534965351,0.004288738592687697,0.8577477185375394,0.0
6,false_positive_0p005,eq_fpr_matched_macro,0.5777641622542641,0.0,0.0036774954062190448,0.7354990812438089,0.0
6,false_positive_0p005,eq_fpr_matched_cvar,0.733271553052339,0.0,0.0051938918734220725,1.0387783746844144,0.0
6,false_positive_0p010,eq_fpr,0.999951224784739,0.9998416420693109,0.014028845123368713,1.4028845123368712,0.0
6,false_positive_0p010,greedy,0.08888888888888889,0.0,5.6861005423817655e-6,0.0005686100542381766,0.0
6,false_positive_0p010,fabrid_macro,0.5555227789640776,0.0,0.0076230488024937185,0.7623048802493718,0.0
6,false_positive_0p010,fabrid_cvar,0.6666303662414151,0.0,0.012014277349921408,1.2014277349921407,0.0
6,false_positive_0p010,fabrid_macro_finite_safe,0.42219695389856743,0.0,0.006016800747440357,0.6016800747440357,0.0
6,false_positive_0p010,fabrid_cvar_finite_safe,0.644411296129662,0.0,0.010396112483304215,1.0396112483304214,0.0
6,false_positive_0p010,fabrid_macro_no_rate_minimization,0.6666262025201983,0.0,0.023601439153714737,2.3601439153714736,0.0
6,false_positive_0p010,common_rate_macro,0.999951224784739,0.9998416420693109,0.014028845123368713,1.4028845123368712,0.0
6,false_positive_0p010,eq_alert,0.9999484860717944,0.9998416420693109,0.015338606896139079,1.533860689613908,0.0
6,false_positive_0p010,pooled_shared,0.9998990768999634,0.9996430837239737,0.008039163617879782,0.8039163617879782,0.0
6,false_positive_0p010,eq_fpr_matched_macro,0.888801917334351,0.0,0.007745376332539198,0.7745376332539198,0.0
6,false_positive_0p010,eq_fpr_matched_cvar,0.9999260838970918,0.9997614249276896,0.011063237194739303,1.1063237194739302,0.0
6,false_positive_0p020,eq_fpr,0.9999885222486442,0.9998967002377981,0.033008123254810964,1.6504061627405482,0.0
6,false_positive_0p020,greedy,0.08888888888888889,0.0,5.6861005423817655e-6,0.0002843050271190883,0.0
6,false_positive_0p020,fabrid_macro,0.7777473466583147,0.0,0.026251784726065264,1.3125892363032632,0.0
6,false_positive_0p020,fabrid_cvar,0.7777478926285635,0.0,0.03154340171466841,1.5771700857334205,0.0
6,false_positive_0p020,fabrid_macro_finite_safe,0.7555304273452632,0.0,0.02484172649715625,1.2420863248578125,0.0
6,false_positive_0p020,fabrid_cvar_finite_safe,0.7555446645899839,0.0,0.02680002512842239,1.3400012564211194,0.0
6,false_positive_0p020,fabrid_macro_no_rate_minimization,0.7777551046747097,0.0,0.03520666408050031,1.7603332040250157,0.0
6,false_positive_0p020,common_rate_macro,0.9999885222486442,0.9998967002377981,0.03269686492170751,1.6348432460853755,0.0
6,false_positive_0p020,eq_alert,0.9999824451809355,0.9998683423610559,0.03421444098694167,1.7107220493470836,0.0
6,false_positive_0p020,pooled_shared,0.9999398712921013,0.9997353779980005,0.016167696144252452,0.8083848072126226,0.0
6,false_positive_0p020,eq_fpr_matched_macro,0.9999560729763906,0.99986716069112,0.01487267969913154,0.7436339849565771,0.0
6,false_positive_0p020,eq_fpr_matched_cvar,0.999972006507103,0.999875600876131,0.016161294901518856,0.8080647450759427,0.0
7,false_positive_0p001,eq_fpr,0.3111443109008731,0.0,0.000969982446244437,0.969982446244437,0.0
7,false_positive_0p001,greedy,0.0,0.0,0.0,0.0,0.0
7,false_positive_0p001,fabrid_macro,0.3111443109008731,0.0,0.000969982446244437,0.969982446244437,0.0
7,false_positive_0p001,fabrid_cvar,0.22225425930840162,0.0,0.0008050855305153658,0.8050855305153658,0.0
7,false_positive_0p001,fabrid_macro_finite_safe,0.15555656824076092,0.0,0.0002672317572612584,0.2672317572612584,0.0
7,false_positive_0p001,fabrid_cvar_finite_safe,0.15556023292918061,0.0,0.00029950298911519025,0.29950298911519024,0.0
7,false_positive_0p001,fabrid_macro_no_rate_minimization,0.3111443109008731,0.0,0.000969982446244437,0.969982446244437,0.0
7,false_positive_0p001,common_rate_macro,0.3111443109008731,0.0,0.000969982446244437,0.969982446244437,0.0
7,false_positive_0p001,eq_alert,0.42225467192009797,0.0,0.0015574028300242649,1.5574028300242648,0.0
7,false_positive_0p001,pooled_shared,0.8888082590037876,0.6,0.0015432846928047322,1.5432846928047321,0.0
7,false_positive_0p001,eq_fpr_matched_macro,0.3111443109008731,0.0,0.000969982446244437,0.969982446244437,0.0
7,false_positive_0p001,eq_fpr_matched_cvar,0.0,0.0,0.0,0.0,0.0
7,false_positive_0p0025,eq_fpr,0.44445729545369694,0.0,0.0018075912538890624,0.7230365015556249,0.0
7,false_positive_0p0025,greedy,0.0,0.0,0.0,0.0,0.0
7,false_positive_0p0025,fabrid_macro,0.35555039993343546,0.0,0.0017163185787875531,0.6865274315150213,0.0
7,false_positive_0p0025,fabrid_cvar,0.35555039993343546,0.0,0.0017163185787875531,0.6865274315150213,0.0
7,false_positive_0p0025,fabrid_macro_finite_safe,0.31114416088249586,0.0,0.0009472380440749099,0.378895217629964,0.0
7,false_positive_0p0025,fabrid_cvar_finite_safe,0.31114416088249586,0.0,0.0009472380440749099,0.378895217629964,0.0
7,false_positive_0p0025,fabrid_macro_no_rate_minimization,0.3999546451498727,0.0,0.0019930725705280786,0.7972290282112314,0.0
7,false_positive_0p0025,common_rate_macro,0.44445729545369694,0.0,0.0018075912538890624,0.7230365015556249,0.0
7,false_positive_0p0025,eq_alert,0.5333665331230953,0.0,0.003597144096729476,1.4388576386917904,0.0
7,false_positive_0p0025,pooled_shared,0.9110574047160266,0.6,0.0025941020943645757,1.0376408377458302,0.0
7,false_positive_0p0025,eq_fpr_matched_macro,0.5555564570482013,0.0,0.002199320171779796,0.8797280687119183,0.0
7,false_positive_0p0025,eq_fpr_matched_cvar,0.5555564570482013,0.0,0.002199320171779796,0.8797280687119183,0.0
7,false_positive_0p005,eq_fpr,0.8443644398136849,0.0,0.004823087065965141,0.9646174131930281,0.0
7,false_positive_0p005,greedy,0.0,0.0,0.0,0.0,0.0
7,false_positive_0p005,fabrid_macro,0.39996522005792,0.0,0.0036181593107429285,0.7236318621485857,0.0
7,false_positive_0p005,fabrid_cvar,0.4221821225934399,0.0,0.0051999150991206425,1.0399830198241284,0.0
7,false_positive_0p005,fabrid_macro_finite_safe,0.37776228916175547,0.0,0.0033691703432419283,0.6738340686483857,0.0
7,false_positive_0p005,fabrid_cvar_finite_safe,0.42216847775242994,0.0,0.0036982180708700347,0.7396436141740069,0.0
7,false_positive_0p005,fabrid_macro_no_rate_minimization,0.4443989639539714,0.0,0.004778080897943246,0.9556161795886492,0.0
7,false_positive_0p005,common_rate_macro,0.8443644398136849,0.0,0.004823087065965141,0.9646174131930281,0.0
7,false_positive_0p005,eq_alert,0.8887775970716508,0.0,0.006053497595611848,1.2106995191223695,0.0
7,false_positive_0p005,pooled_shared,0.9998781760532993,0.9996218534965351,0.004768427558825907,0.9536855117651813,0.0
7,false_positive_0p005,eq_fpr_matched_macro,0.6221745179959658,0.0,0.00420489264673426,0.8409785293468519,0.0
7,false_positive_0p005,eq_fpr_matched_cvar,0.7332704340831379,0.0,0.004297926515498315,0.859585303099663,0.0
7,false_positive_0p010,eq_fpr,0.9999459959070075,0.9998416420693109,0.013809641575885203,1.3809641575885203,0.0
7,false_positive_0p010,greedy,0.0,0.0,0.0,0.0,0.0
7,false_positive_0p010,fabrid_macro,0.44441095897683375,0.0,0.006590815477201968,0.6590815477201968,0.0
7,false_positive_0p010,fabrid_cvar,0.6666238615095665,0.0,0.012289548984519968,1.2289548984519967,0.0
7,false_positive_0p010,fabrid_macro_finite_safe,0.4221927392108931,0.0,0.006034800495728448,0.6034800495728447,0.0
7,false_positive_0p010,fabrid_cvar_finite_safe,0.644403174969687,0.0,0.010401937760614209,1.0401937760614208,0.0
7,false_positive_0p010,fabrid_macro_no_rate_minimization,0.6666351049533217,0.0,0.021990664080448905,2.1990664080448905,0.0
7,false_positive_0p010,common_rate_macro,0.9999459959070075,0.9998416420693109,0.013809641575885203,1.3809641575885203,0.0
7,false_positive_0p010,eq_alert,0.9999438100653862,0.9998361024835875,0.01538505039482866,1.5385050394828659,0.0
7,false_positive_0p010,pooled_shared,0.9998999622955943,0.9996430837239737,0.009019552126301794,0.9019552126301794,0.0
7,false_positive_0p010,eq_fpr_matched_macro,0.8887966926821848,0.0,0.007464520381103179,0.7464520381103179,0.0
7,false_positive_0p010,eq_fpr_matched_cvar,0.9999182818693251,0.9997537549416234,0.01057073159539567,1.057073159539567,0.0
7,false_positive_0p020,eq_fpr,0.9999885035269265,0.999896531742339,0.03252823315978921,1.6264116579894605,0.0
7,false_positive_0p020,greedy,0.0,0.0,0.0,0.0,0.0
7,false_positive_0p020,fabrid_macro,0.7777469144513984,0.0,0.026575314459622683,1.328765722981134,0.0
7,false_positive_0p020,fabrid_cvar,0.7777484061633317,0.0,0.029083932454230226,1.4541966227115113,0.0
7,false_positive_0p020,fabrid_macro_finite_safe,0.7555373571650429,0.0,0.024375404580161075,1.2187702290080538,0.0
7,false_positive_0p020,fabrid_cvar_finite_safe,0.7777435243197514,0.0,0.026245434478697885,1.3122717239348942,0.0
7,false_positive_0p020,fabrid_macro_no_rate_minimization,0.7777545144078295,0.0,0.03275058167230241,1.6375290836151204,0.0
7,false_positive_0p020,common_rate_macro,0.9999885035269265,0.999896531742339,0.03218330541394419,1.6091652706972093,0.0
7,false_positive_0p020,eq_alert,0.9999806123921869,0.9998658105257249,0.03314405763633108,1.657202881816554,0.0
7,false_positive_0p020,pooled_shared,0.9999359227871089,0.9997280046337276,0.017370350131624173,0.8685175065812086,0.0
7,false_positive_0p020,eq_fpr_matched_macro,0.9999542881912833,0.9998669921956609,0.015379862005084672,0.7689931002542336,0.0
7,false_positive_0p020,eq_fpr_matched_cvar,0.9999742578554827,0.999874419206195,0.0170402200317068,0.8520110015853399,0.0
8,false_positive_0p001,eq_fpr,0.42225882614497207,0.0,0.0014706716395390305,1.4706716395390305,0.0
8,false_positive_0p001,greedy,0.08888888888888889,0.0,5.6861005423817655e-6,0.005686100542381766,0.0
8,false_positive_0p001,fabrid_macro,0.42225882614497207,0.0,0.0014706716395390305,1.4706716395390305,0.0
8,false_positive_0p001,fabrid_cvar,0.42225783218148444,0.0,0.0013228330254371045,1.3228330254371046,0.0
8,false_positive_0p001,fabrid_macro_finite_safe,0.1555565495190432,0.0,0.0002994504989629743,0.29945049896297427,0.0
8,false_positive_0p001,fabrid_cvar_finite_safe,0.15556080909888526,0.0,0.00031276588862720893,0.31276588862720894,0.0
8,false_positive_0p001,fabrid_macro_no_rate_minimization,0.42225882614497207,0.0,0.0014706716395390305,1.4706716395390305,0.0
8,false_positive_0p001,common_rate_macro,0.42225882614497207,0.0,0.0014706716395390305,1.4706716395390305,0.0
8,false_positive_0p001,eq_alert,0.42225882614497207,0.0,0.0014706716395390305,1.4706716395390305,0.0
8,false_positive_0p001,pooled_shared,0.8888161936432264,0.6,0.0015004361965837106,1.5004361965837105,0.0
8,false_positive_0p001,eq_fpr_matched_macro,0.31114771503386096,0.0,0.0009718731446716921,0.9718731446716921,0.0
8,false_positive_0p001,eq_fpr_matched_cvar,0.17778298315757826,0.0,0.00015735240149578237,0.15735240149578236,0.0
8,false_positive_0p0025,eq_fpr,0.44446158097523064,0.0,0.0018971291802176628,0.7588516720870652,0.0
8,false_positive_0p0025,greedy,0.08888888888888889,0.0,5.6861005423817655e-6,0.002274440216952706,0.0
8,false_positive_0p0025,fabrid_macro,0.4666635473026239,0.0,0.0024938744018965283,0.9975497607586113,0.0
8,false_positive_0p0025,fabrid_cvar,0.4666635473026239,0.0,0.0024938744018965283,0.9975497607586113,0.0
8,false_positive_0p0025,fabrid_macro_finite_safe,0.31114771503386096,0.0,0.0009718731446716921,0.3887492578686768,0.0
8,false_positive_0p0025,fabrid_cvar_finite_safe,0.31114771503386096,0.0,0.0009718731446716921,0.3887492578686768,0.0
8,false_positive_0p0025,fabrid_macro_no_rate_minimization,0.48886766884868976,0.0,0.0026303799417853354,1.052151976714134,0.0
8,false_positive_0p0025,common_rate_macro,0.44446158097523064,0.0,0.0018971291802176628,0.7588516720870652,0.0
8,false_positive_0p0025,eq_alert,0.5555718481412313,0.0,0.0045360063182893,1.8144025273157198,0.0
8,false_positive_0p0025,pooled_shared,0.9110582030583525,0.6,0.0025029999813759285,1.0011999925503714,0.0
8,false_positive_0p0025,eq_fpr_matched_macro,0.44446158097523064,0.0,0.0019085013813024264,0.7634005525209706,0.0
8,false_positive_0p0025,eq_fpr_matched_cvar,0.44446158097523064,0.0,0.0019085013813024264,0.7634005525209706,0.0
8,false_positive_0p005,eq_fpr,0.844372619844493,0.0,0.005950463249475079,1.1900926498950157,0.0
8,false_positive_0p005,greedy,0.08888888888888889,0.0,5.6861005423817655e-6,0.001137220108476353,0.0
8,false_positive_0p005,fabrid_macro,0.4888753876887057,0.0,0.004228749349178956,0.8457498698357913,0.0
8,false_positive_0p005,fabrid_cvar,0.5333026332705258,0.0,0.005968686406588206,1.1937372813176412,0.0
8,false_positive_0p005,fabrid_macro_finite_safe,0.3777640139842755,0.0,0.003678110470957799,0.7356220941915598,0.0
8,false_positive_0p005,fabrid_cvar_finite_safe,0.42217608031383813,0.0,0.004444351785631046,0.8888703571262092,0.0
8,false_positive_0p005,fabrid_macro_no_rate_minimization,0.5555137919236903,0.0,0.00566465021463504,1.132930042927008,0.0
8,false_positive_0p005,common_rate_macro,0.844372619844493,0.0,0.005950463249475079,1.1900926498950157,0.0
8,false_positive_0p005,eq_alert,0.8887823391573156,0.0,0.007207402314837916,1.4414804629675833,0.0
8,false_positive_0p005,pooled_shared,0.9998855929081559,0.9996218534965351,0.004377504635349013,0.8755009270698025,0.0
8,false_positive_0p005,eq_fpr_matched_macro,0.5777742085926392,0.0,0.003657041501046447,0.7314083002092894,0.0
8,false_positive_0p005,eq_fpr_matched_cvar,0.7332760556591532,0.0,0.005452599993563383,1.0905199987126766,0.0
8,false_positive_0p010,eq_fpr,0.9999511043283472,0.9998439021095397,0.014437281204198816,1.4437281204198815,0.0
8,false_positive_0p010,greedy,0.08888888888888889,0.0,5.6861005423817655e-6,0.0005686100542381766,0.0
8,false_positive_0p010,fabrid_macro,0.5555238580813306,0.0,0.0072232560451036334,0.7223256045103633,0.0
8,false_positive_0p010,fabrid_cvar,0.7555341432950807,0.0,0.012979105140278063,1.2979105140278062,0.0
8,false_positive_0p010,fabrid_macro_finite_safe,0.4221948090022183,0.0,0.006267938423071465,0.6267938423071465,0.0
8,false_positive_0p010,fabrid_cvar_finite_safe,0.6444076896987627,0.0,0.011373502804061374,1.1373502804061373,0.0
8,false_positive_0p010,fabrid_macro_no_rate_minimization,0.8888453613980692,0.0,0.015132725042172718,1.5132725042172719,0.0
8,false_positive_0p010,common_rate_macro,0.9999511043283472,0.9998439021095397,0.014437281204198816,1.4437281204198815,0.0
8,false_positive_0p010,eq_alert,0.9999492113773757,0.9998439021095397,0.01591656643726062,1.591656643726062,0.0
8,false_positive_0p010,pooled_shared,0.9999057614753545,0.9996456403859957,0.008220093842333572,0.8220093842333572,0.0
8,false_positive_0p010,eq_fpr_matched_macro,0.8888057104938113,0.0,0.008733334861431742,0.8733334861431742,0.0
8,false_positive_0p010,eq_fpr_matched_cvar,0.88882113846497,0.0,0.011551233551414757,1.1551233551414757,0.0
8,false_positive_0p020,eq_fpr,0.9999885222486442,0.9998967002377981,0.033258470370422046,1.6629235185211022,0.0
8,false_positive_0p020,greedy,0.08888888888888889,0.0,5.6861005423817655e-6,0.0002843050271190883,0.0
8,false_positive_0p020,fabrid_macro,0.8888552908990031,0.0,0.016577608861793675,0.8288804430896838,0.0
8,false_positive_0p020,fabrid_cvar,0.8888607559358025,0.0,0.030110881987309757,1.5055440993654878,0.0
8,false_positive_0p020,fabrid_macro_finite_safe,0.7555327655977802,0.0,0.013662422486957372,0.6831211243478686,0.0
8,false_positive_0p020,fabrid_cvar_finite_safe,0.7555442876256854,0.0,0.026082905913418594,1.3041452956709296,0.0
8,false_positive_0p020,fabrid_macro_no_rate_minimization,0.8888690768931451,0.0,0.032857094757728036,1.6428547378864018,0.0
8,false_positive_0p020,common_rate_macro,0.9999885222486442,0.9998967002377981,0.033258470370422046,1.6629235185211022,0.0
8,false_positive_0p020,eq_alert,0.9999821797680792,0.9998683423610559,0.03421029878732013,1.7105149393660066,0.0
8,false_positive_0p020,pooled_shared,0.9999382749948814,0.9997353779980005,0.017785179056902398,0.8892589528451199,0.0
8,false_positive_0p020,eq_fpr_matched_macro,0.9999593758501916,0.9998696925264513,0.015899125280266213,0.7949562640133107,0.0
8,false_positive_0p020,eq_fpr_matched_cvar,0.9999738983746111,0.9998767825460669,0.0176747623356624,0.88373811678312,0.0
9,false_positive_0p001,eq_fpr,0.42224339022328616,0.0,0.0015907042056225475,1.5907042056225476,0.0
9,false_positive_0p001,greedy,0.08888888888888889,0.0,0.000028430502711908828,0.028430502711908827,0.0
9,false_positive_0p001,fabrid_macro,0.42224339022328616,0.0,0.0014542377926053851,1.454237792605385,0.0
9,false_positive_0p001,fabrid_cvar,0.42224339022328616,0.0,0.0014542377926053851,1.454237792605385,0.0
9,false_positive_0p001,fabrid_macro_finite_safe,0.15556105183974558,0.0,0.0003175099005286002,0.3175099005286002,0.0
9,false_positive_0p001,fabrid_cvar_finite_safe,0.15556105183974558,0.0,0.0003175099005286002,0.3175099005286002,0.0
9,false_positive_0p001,fabrid_macro_no_rate_minimization,0.42224339022328616,0.0,0.0014542377926053851,1.454237792605385,0.0
9,false_positive_0p001,common_rate_macro,0.42224339022328616,0.0,0.0015907042056225475,1.5907042056225476,0.0
9,false_positive_0p001,eq_alert,0.42224339022328616,0.0,0.0015907042056225475,1.5907042056225476,0.0
9,false_positive_0p001,pooled_shared,0.8888087691481634,0.6,0.001584851234043677,1.584851234043677,0.0
9,false_positive_0p001,eq_fpr_matched_macro,0.17778258785783102,0.0,0.00016114096147561217,0.16114096147561216,0.0
9,false_positive_0p001,eq_fpr_matched_cvar,0.17778258785783102,0.0,0.00016114096147561217,0.16114096147561216,0.0
9,false_positive_0p0025,eq_fpr,0.44444685770199555,0.0,0.0019887312435892712,0.7954924974357085,0.0
9,false_positive_0p0025,greedy,0.08888888888888889,0.0,0.000028430502711908828,0.011372201084763531,0.0
9,false_positive_0p0025,fabrid_macro,0.4666549002697905,0.0,0.0023490780177228107,0.9396312070891243,0.0
9,false_positive_0p0025,fabrid_cvar,0.4666549002697905,0.0,0.0023490780177228107,0.9396312070891243,0.0
9,false_positive_0p0025,fabrid_macro_finite_safe,0.31113227911217506,0.0,0.000987989357657847,0.3951957430631388,0.0
9,false_positive_0p0025,fabrid_cvar_finite_safe,0.31113227911217506,0.0,0.000987989357657847,0.3951957430631388,0.0
9,false_positive_0p0025,fabrid_macro_no_rate_minimization,0.5999670034340685,0.0,0.004381588695137561,1.7526354780550244,0.0
9,false_positive_0p0025,common_rate_macro,0.44444685770199555,0.0,0.0019887312435892712,0.7954924974357085,0.0
9,false_positive_0p0025,eq_alert,0.5555556246842238,0.0,0.004105429493127874,1.6421717972511496,0.0
9,false_positive_0p0025,pooled_shared,0.9110457329628746,0.6,0.0026473627227572723,1.0589450891029089,0.0
9,false_positive_0p0025,eq_fpr_matched_macro,0.5555472870860874,0.0,0.002567808774384268,1.0271235097537073,0.0
9,false_positive_0p0025,eq_fpr_matched_cvar,0.5555472870860874,0.0,0.002567808774384268,1.0271235097537073,0.0
9,false_positive_0p005,eq_fpr,0.8443516310735765,0.0,0.005367217917403365,1.0734435834806728,0.0
9,false_positive_0p005,greedy,0.08888888888888889,0.0,0.000028430502711908828,0.005686100542381766,0.0
9,false_positive_0p005,fabrid_macro,0.4888736144389722,0.0,0.00433740971417771,0.867481942835542,0.0
9,false_positive_0p005,fabrid_cvar,0.5332987612791884,0.0,0.006082367393656958,1.2164734787313916,0.0
9,false_positive_0p005,fabrid_macro_finite_safe,0.3777615046934229,0.0,0.0035273333327977318,0.7054666665595464,0.0
9,false_positive_0p005,fabrid_cvar_finite_safe,0.42217451979158077,0.0,0.004245376938316717,0.8490753876633435,0.0
9,false_positive_0p005,fabrid_macro_no_rate_minimization,0.5555055516855186,0.0,0.005525526888713156,1.1051053777426312,0.0
9,false_positive_0p005,common_rate_macro,0.8443516310735765,0.0,0.005367217917403365,1.0734435834806728,0.0
9,false_positive_0p005,eq_alert,0.8887610477575942,0.0,0.006278358772565485,1.255671754513097,0.0
9,false_positive_0p005,pooled_shared,0.9998685128752499,0.9996218534965351,0.0044535955036286426,0.8907191007257285,0.0
9,false_positive_0p005,eq_fpr_matched_macro,0.5777620740000042,0.0,0.003773311412488895,0.754662282497779,0.0
9,false_positive_0p005,eq_fpr_matched_cvar,0.7332600821939587,0.0,0.004809045661935026,0.9618091323870053,0.0
9,false_positive_0p010,eq_fpr,0.9999455791473252,0.9998416420693109,0.013435512897332498,1.3435512897332498,0.0
9,false_positive_0p010,greedy,0.08888888888888889,0.0,0.000028430502711908828,0.002843050271190883,0.0
9,false_positive_0p010,fabrid_macro,0.5555222798380457,0.0,0.007138575949370859,0.7138575949370859,0.0
9,false_positive_0p010,fabrid_cvar,0.8666333043953391,0.0,0.012658785302871161,1.265878530287116,0.0
9,false_positive_0p010,fabrid_macro_finite_safe,0.4221941301313485,0.0,0.0060773585811147255,0.6077358581114726,0.0
9,false_positive_0p010,fabrid_cvar_finite_safe,0.6444067603558596,0.0,0.010439011672909839,1.043901167290984,0.0
9,false_positive_0p010,fabrid_macro_no_rate_minimization,0.8888267368872389,0.0,0.0246306961887999,2.46306961887999,0.0
9,false_positive_0p010,common_rate_macro,0.9999455791473252,0.9998416420693109,0.013435512897332498,1.3435512897332498,0.0
9,false_positive_0p010,eq_alert,0.9999461667255063,0.9998416420693109,0.015156850789830914,1.5156850789830913,0.0
9,false_positive_0p010,pooled_shared,0.9998906202738822,0.9996430837239737,0.00771823542140829,0.7718235421408289,0.0
9,false_positive_0p010,eq_fpr_matched_macro,0.8887910275560603,0.0,0.007315595409082721,0.7315595409082721,0.0
9,false_positive_0p010,eq_fpr_matched_cvar,0.9999239766413522,0.9997537549416234,0.010610849510242416,1.0610849510242417,0.0
9,false_positive_0p020,eq_fpr,0.9999883881324474,0.999897881907734,0.03243120812515548,1.621560406257774,0.0
9,false_positive_0p020,greedy,0.08888888888888889,0.0,0.000028430502711908828,0.0014215251355954414,0.0
9,false_positive_0p020,fabrid_macro,0.888856736342562,0.0,0.026734578161920434,1.3367289080960216,0.0
9,false_positive_0p020,fabrid_cvar,0.8888604571929588,0.0,0.029850246671459857,1.4925123335729928,0.0
9,false_positive_0p020,fabrid_macro_finite_safe,0.6666333909491569,0.0,0.023868176759439905,1.1934088379719952,0.0
9,false_positive_0p020,fabrid_cvar_finite_safe,0.7777448347705919,0.0,0.026166439109675862,1.308321955483793,0.0
9,false_positive_0p020,fabrid_macro_no_rate_minimization,0.8888676402822993,0.0,0.032099761437028806,1.6049880718514402,0.0
9,false_positive_0p020,common_rate_macro,0.9999883881324474,0.999897881907734,0.03243120812515548,1.621560406257774,0.0
9,false_positive_0p020,eq_alert,0.9999801519861093,0.999874419206195,0.033018896954253314,1.6509448477126656,0.0
9,false_positive_0p020,pooled_shared,0.9999357314938973,0.9997277080119342,0.015637115800619186,0.7818557900309593,0.0
9,false_positive_0p020,eq_fpr_matched_macro,0.9999556113046055,0.999874419206195,0.01461663589100311,0.7308317945501555,0.0
9,false_positive_0p020,eq_fpr_matched_cvar,0.9999721699940943,0.9998867413919326,0.016968682277482185,0.8484341138741093,0.0
0,false_positive_0p001,eq_fpr,0.4222474832157217,0.0,0.0012321203759714837,1.2321203759714836,0.0
0,false_positive_0p001,greedy,0.0,0.0,0.0,0.0,0.0
0,false_positive_0p001,fabrid_macro,0.37777041941473716,0.0,0.0014389806642233951,1.438980664223395,0.0
0,false_positive_0p001,fabrid_cvar,0.46665972909490655,0.0,0.0014929436421263372,1.4929436421263371,0.0
0,false_positive_0p001,fabrid_macro_finite_safe,0.1333508759000942,0.0,0.0004766770036623184,0.47667700366231835,0.0
0,false_positive_0p001,fabrid_cvar_finite_safe,0.1333508759000942,0.0,0.0004766770036623184,0.47667700366231835,0.0
0,false_positive_0p001,fabrid_macro_no_rate_minimization,0.37777041941473716,0.0,0.0014389806642233951,1.438980664223395,0.0
0,false_positive_0p001,common_rate_macro,0.4222474832157217,0.0,0.0012321203759714837,1.2321203759714836,0.0
0,false_positive_0p001,eq_alert,0.5333458817413751,0.0,0.0014479323364879379,1.4479323364879377,0.0
0,false_positive_0p001,pooled_shared,0.8888170668216915,0.6,0.0011601463067914342,1.1601463067914342,0.0
0,false_positive_0p001,eq_fpr_matched_macro,0.4444482126755695,0.0,0.0012770899046188721,1.2770899046188722,0.0
0,false_positive_0p001,eq_fpr_matched_cvar,0.4444482126755695,0.0,0.0012770899046188721,1.2770899046188722,0.0
0,false_positive_0p0025,eq_fpr,0.4444487753056431,0.0,0.0017177912853632799,0.6871165141453119,0.0
0,false_positive_0p0025,greedy,0.0,0.0,0.0,0.0,0.0
0,false_positive_0p0025,fabrid_macro,0.466661773187035,0.0,0.0017447730025517128,0.6979092010206851,0.0
0,false_positive_0p0025,fabrid_cvar,0.5110788570694376,0.0,0.002842029501547993,1.1368118006191972,0.0
0,false_positive_0p0025,fabrid_macro_finite_safe,0.3111363721046106,0.0,0.0009533518162498003,0.3813407264999201,0.0
0,false_positive_0p0025,fabrid_cvar_finite_safe,0.3555466633180917,0.0,0.0016009130287721954,0.6403652115088782,0.0
0,false_positive_0p0025,fabrid_macro_no_rate_minimization,0.48886445430883924,0.0,0.0018796802190721056,0.7518720876288423,0.0
0,false_positive_0p0025,common_rate_macro,0.4444487753056431,0.0,0.0016098644166095473,0.643945766643819,0.0
0,false_positive_0p0025,eq_alert,0.5333585943268329,0.0,0.0028508445562063275,1.140337822482531,0.0
0,false_positive_0p0025,pooled_shared,0.9110494112578986,0.6,0.0021764458772161517,0.8705783508864606,0.0
0,false_positive_0p0025,eq_fpr_matched_macro,0.4444483439722291,0.0,0.001528919265044248,0.6115677060176992,0.0
0,false_positive_0p0025,eq_fpr_matched_cvar,0.5555487830169006,0.0,0.0020235628963629843,0.8094251585451937,0.0
0,false_positive_0p005,eq_fpr,0.8443577037459726,0.0,0.004065069440625147,0.8130138881250293,0.0
0,false_positive_0p005,greedy,0.0,0.0,0.0,0.0,0.0
0,false_positive_0p005,fabrid_macro,0.4888767554583612,0.0,0.0031118455778949058,0.6223691155789811,0.0
0,false_positive_0p005,fabrid_cvar,0.5333164384612312,0.0,0.005225414519859585,1.045082903971917,0.0
0,false_positive_0p005,fabrid_macro_finite_safe,0.3555630067180246,0.0,0.0027251512449569084,0.5450302489913816,0.0
0,false_positive_0p005,fabrid_cvar_finite_safe,0.4221911479267583,0.0,0.004667834882524093,0.9335669765048186,0.0
0,false_positive_0p005,fabrid_macro_no_rate_minimization,0.6666173374727394,0.0,0.006745087566518914,1.3490175133037827,0.0
0,false_positive_0p005,common_rate_macro,0.8443577037459726,0.0,0.004065069440625147,0.8130138881250293,0.0
0,false_positive_0p005,eq_alert,0.8665939742915575,0.0,0.006160505064106052,1.2321010128212104,0.0
0,false_positive_0p005,pooled_shared,0.9998708188369699,0.9996218534965351,0.004245024515020158,0.8490049030040315,0.0
0,false_positive_0p005,eq_fpr_matched_macro,0.5777511501851511,0.0,0.0022034371523104415,0.4406874304620883,0.0
0,false_positive_0p005,eq_fpr_matched_cvar,0.7332616792626578,0.0,0.003570411934605594,0.7140823869211188,0.0
0,false_positive_0p010,eq_fpr,0.99994876097548,0.9998416420693109,0.011700796722115698,1.1700796722115698,0.0
0,false_positive_0p010,greedy,0.0,0.0,0.0,0.0,0.0
0,false_positive_0p010,fabrid_macro,0.7777356262324049,0.0,0.00885865532165139,0.885865532165139,0.0
0,false_positive_0p010,fabrid_cvar,0.777742801805464,0.0,0.012366332889119333,1.2366332889119331,0.0
0,false_positive_0p010,fabrid_macro_finite_safe,0.6444114316086851,0.0,0.0072758105753375,0.7275810575337499,0.0
0,false_positive_0p010,fabrid_cvar_finite_safe,0.6444146714471297,0.0,0.00959626404251975,0.959626404251975,0.0
0,false_positive_0p010,fabrid_macro_no_rate_minimization,0.888832189861216,0.0,0.02079354328264813,2.079354328264813,0.0
0,false_positive_0p010,common_rate_macro,0.99994876097548,0.9998416420693109,0.011700796722115698,1.1700796722115698,0.0
0,false_positive_0p010,eq_alert,0.9999536158184839,0.9998337391437155,0.01422781783034523,1.422781783034523,0.0
0,false_positive_0p010,pooled_shared,0.9998979822848058,0.9996430837239737,0.008211278847368842,0.8211278847368843,0.0
0,false_positive_0p010,eq_fpr_matched_macro,0.8888005763958028,0.0,0.006403464163759111,0.640346416375911,0.0
0,false_positive_0p010,eq_fpr_matched_cvar,0.9999219175527657,0.9997537549416234,0.008705876580545075,0.8705876580545074,0.0
0,false_positive_0p020,eq_fpr,0.999989084878718,0.9999017639084606,0.02806954393328256,1.403477196664128,0.0
0,false_positive_0p020,greedy,0.0,0.0,0.0,0.0,0.0
0,false_positive_0p020,fabrid_macro,0.8888549374032498,0.0,0.022025710393403973,1.1012855196701987,0.0
0,false_positive_0p020,fabrid_cvar,0.8888600528144672,0.0,0.02568625006759115,1.2843125033795575,0.0
0,false_positive_0p020,fabrid_macro_finite_safe,0.7555263168058708,0.0,0.01869805160650893,0.9349025803254465,0.0
0,false_positive_0p020,fabrid_cvar_finite_safe,0.7777443283882928,0.0,0.02097352561466277,1.0486762807331385,0.0
0,false_positive_0p020,fabrid_macro_no_rate_minimization,0.8888676793134634,0.0,0.02811457245746226,1.405728622873113,0.0
0,false_positive_0p020,common_rate_macro,0.999989084878718,0.9999017639084606,0.02806954393328256,1.403477196664128,0.0
0,false_positive_0p020,eq_alert,0.9999799396119582,0.9998585520106499,0.03109123149181813,1.5545615745909065,0.0
0,false_positive_0p020,pooled_shared,0.9999381540969021,0.999739898078458,0.01669240419742205,0.8346202098711024,0.0
0,false_positive_0p020,eq_fpr_matched_macro,0.9999490261796683,0.9998416420693109,0.011880674562820898,0.5940337281410449,0.0
0,false_positive_0p020,eq_fpr_matched_cvar,0.9999693450776349,0.999875600876131,0.013832333747429261,0.6916166873714631,0.0
1,false_positive_0p001,eq_fpr,0.42226016019283563,0.0,0.0012321243993114205,1.2321243993114206,0.0
1,false_positive_0p001,greedy,0.08888902018554844,0.0,0.00009893296302425476,0.09893296302425476,0.0
1,false_positive_0p001,fabrid_macro,0.46666266831154424,0.0,0.0016458440628673951,1.6458440628673952,0.0
1,false_positive_0p001,fabrid_cvar,0.46666266831154424,0.0,0.0016458440628673951,1.6458440628673952,0.0
1,false_positive_0p001,fabrid_macro_finite_safe,0.1333642116563799,0.0,0.0005036587208507515,0.5036587208507515,0.0
1,false_positive_0p001,fabrid_cvar_finite_safe,0.1333642116563799,0.0,0.0005036587208507515,0.5036587208507515,0.0
1,false_positive_0p001,fabrid_macro_no_rate_minimization,0.46666266831154424,0.0,0.0016458440628673951,1.6458440628673952,0.0
1,false_positive_0p001,common_rate_macro,0.42226016019283563,0.0,0.0012321243993114205,1.2321243993114206,0.0
1,false_positive_0p001,eq_alert,0.5333630914300649,0.0,0.0017537107539471223,1.7537107539471222,0.0
1,false_positive_0p001,pooled_shared,0.8888150131530387,0.6,0.0011421623739711732,1.1421623739711733,0.0
1,false_positive_0p001,eq_fpr_matched_macro,0.4444619210596065,0.0,0.0012950817394177644,1.2950817394177645,0.0
1,false_positive_0p001,eq_fpr_matched_cvar,0.4444619210596065,0.0,0.0012950817394177644,1.2950817394177645,0.0
1,false_positive_0p0025,eq_fpr,0.4444624836896801,0.0,0.001681819685785306,0.6727278743141224,0.0
1,false_positive_0p0025,greedy,0.08888902018554844,0.0,0.00009893296302425476,0.039573185209701905,0.0
1,false_positive_0p0025,fabrid_macro,0.46666381229340914,0.0,0.001798740460268516,0.7194961841074065,0.0
1,false_positive_0p0025,fabrid_cvar,0.46666381229340914,0.0,0.001798740460268516,0.7194961841074065,0.0
1,false_positive_0p0025,fabrid_macro_finite_safe,0.3111490490817245,0.0,0.0009803334421434487,0.3921333768573795,0.0
1,false_positive_0p0025,fabrid_cvar_finite_safe,0.3111490490817245,0.0,0.0009803334421434487,0.3921333768573795,0.0
1,false_positive_0p0025,fabrid_macro_no_rate_minimization,0.46666381229340914,0.0,0.001798740460268516,0.7194961841074065,0.0
1,false_positive_0p0025,common_rate_macro,0.4444624836896801,0.0,0.001681819685785306,0.6727278743141224,0.0
1,false_positive_0p0025,eq_alert,0.5333712713039467,0.0,0.002877820775979803,1.1511283103919212,0.0
1,false_positive_0p0025,pooled_shared,0.9110607271842213,0.6,0.0022663862883820062,0.9065545153528025,0.0
1,false_positive_0p0025,eq_fpr_matched_macro,0.4444619210596065,0.0,0.0015109354769252295,0.6043741907700918,0.0
1,false_positive_0p0025,eq_fpr_matched_cvar,0.4444619210596065,0.0,0.0015109354769252295,0.6043741907700918,0.0
1,false_positive_0p005,eq_fpr,0.8443701820983116,0.0,0.004334890199390355,0.866978039878071,0.0
1,false_positive_0p005,greedy,0.08888902018554844,0.0,0.00009893296302425476,0.019786592604850953,0.0
1,false_positive_0p005,fabrid_macro,0.5777848374253446,0.0,0.0037233616825504178,0.7446723365100836,0.0
1,false_positive_0p005,fabrid_cvar,0.6444171020175137,0.0,0.006088726653181801,1.2177453306363601,0.0
1,false_positive_0p005,fabrid_macro_finite_safe,0.3555626152031224,0.0,0.002743138965121079,0.5486277930242158,0.0
1,false_positive_0p005,fabrid_cvar_finite_safe,0.5332863982632753,0.0,0.004496910977868835,0.899382195573767,0.0
1,false_positive_0p005,fabrid_macro_no_rate_minimization,0.7555217341914936,0.0,0.006978947402735545,1.395789480547109,0.0
1,false_positive_0p005,common_rate_macro,0.8443701820983116,0.0,0.004334890199390355,0.866978039878071,0.0
1,false_positive_0p005,eq_alert,0.8665979572810483,0.0,0.00660117692046883,1.320235384093766,0.0
1,false_positive_0p005,pooled_shared,0.9998845937370946,0.9996218534965351,0.004263016864471631,0.8526033728943262,0.0
1,false_positive_0p005,eq_fpr_matched_macro,0.5555618003895766,0.0,0.001906659960743105,0.381331992148621,0.0
1,false_positive_0p005,eq_fpr_matched_cvar,0.6221800248893538,0.0,0.003615385522125914,0.7230771044251828,0.0
1,false_positive_0p010,eq_fpr,0.999949297494984,0.9998416420693109,0.011251087615800287,1.1251087615800288,0.0
1,false_positive_0p010,greedy,0.08888902018554844,0.0,0.00009893296302425476,0.009893296302425476,0.0
1,false_positive_0p010,fabrid_macro,0.7777366980130132,0.0,0.008256081468552669,0.8256081468552668,0.0
1,false_positive_0p010,fabrid_cvar,0.7555419960857983,0.0,0.012393314572241949,1.239331457224195,0.0
1,false_positive_0p010,fabrid_macro_finite_safe,0.6444020759843319,0.0,0.006988015632083251,0.6988015632083251,0.0
1,false_positive_0p010,fabrid_cvar_finite_safe,0.6444245726124693,0.0,0.008795805420266556,0.8795805420266556,0.0
1,false_positive_0p010,fabrid_macro_no_rate_minimization,0.8888520988899674,0.0,0.020766560163939983,2.0766560163939984,0.0
1,false_positive_0p010,common_rate_macro,0.999949297494984,0.9998416420693109,0.011251087615800287,1.1251087615800288,0.0
1,false_positive_0p010,eq_alert,0.9999541472135335,0.9998349208136516,0.0145335973172626,1.45335973172626,0.0
1,false_positive_0p010,pooled_shared,0.9999035598102378,0.9996430837239737,0.007599707904778574,0.7599707904778574,0.0
1,false_positive_0p010,eq_fpr_matched_macro,0.8888031523369827,0.0,0.00587284121965118,0.587284121965118,0.0
1,false_positive_0p010,eq_fpr_matched_cvar,0.8888096620884234,0.0,0.0071139706457890185,0.7113970645789018,0.0
1,false_positive_0p020,eq_fpr,0.9999885208388756,0.999897881907734,0.026963297868881016,1.3481648934440509,0.0
1,false_positive_0p020,greedy,0.08888902018554844,0.0,0.00009893296302425476,0.004946648151212738,0.0
1,false_positive_0p020,fabrid_macro,0.8888552001665561,0.0,0.021719923943434596,1.0859961971717298,0.0
1,false_positive_0p020,fabrid_cvar,0.8888593410651765,0.0,0.02500272184572613,1.2501360922863065,0.0
1,false_positive_0p020,fabrid_macro_finite_safe,0.7555393266230953,0.0,0.02015506449374565,1.0077532246872825,0.0
1,false_positive_0p020,fabrid_cvar_finite_safe,0.7555434831257588,0.0,0.02033495596219273,1.0167477981096364,0.0
1,false_positive_0p020,fabrid_macro_no_rate_minimization,0.8888664038569788,0.0,0.027206194206324898,1.360309710316245,0.0
1,false_positive_0p020,common_rate_macro,0.9999885208388756,0.999897881907734,0.026963297868881016,1.3481648934440509,0.0
1,false_positive_0p020,eq_alert,0.9999775211263893,0.9998521381745921,0.029922035210566217,1.496101760528311,0.0
1,false_positive_0p020,pooled_shared,0.9999393018218632,0.9997302646739563,0.015972906804887124,0.7986453402443562,0.0
1,false_positive_0p020,eq_fpr_matched_macro,0.999949297494984,0.9998416420693109,0.011251087615800287,0.5625543807900144,0.0
1,false_positive_0p020,eq_fpr_matched_cvar,0.9999686663303766,0.999869524030992,0.013085824038374652,0.6542912019187326,0.0
2,false_positive_0p001,eq_fpr,0.4222607971566806,0.0,0.001259102001865132,1.259102001865132,0.0
2,false_positive_0p001,greedy,0.0,0.0,0.0,0.0,0.0
2,false_positive_0p001,fabrid_macro,0.3777755650393157,0.0,0.0015109313622905076,1.5109313622905076,0.0
2,false_positive_0p001,fabrid_cvar,0.3777755650393157,0.0,0.0015109313622905076,1.5109313622905076,0.0
2,false_positive_0p001,fabrid_macro_finite_safe,0.13336557322057793,0.0,0.0004946648151212738,0.49466481512127375,0.0
2,false_positive_0p001,fabrid_cvar_finite_safe,0.13336557322057793,0.0,0.0004946648151212738,0.49466481512127375,0.0
2,false_positive_0p001,fabrid_macro_no_rate_minimization,0.3777755650393157,0.0,0.0015109313622905076,1.5109313622905076,0.0
2,false_positive_0p001,common_rate_macro,0.4222607971566806,0.0,0.001259102001865132,1.259102001865132,0.0
2,false_positive_0p001,eq_alert,0.53336109841621,0.0,0.0015738492580153695,1.5738492580153693,0.0
2,false_positive_0p001,pooled_shared,0.8888099974055995,0.6,0.0011691411692884327,1.1691411692884326,0.0
2,false_positive_0p001,eq_fpr_matched_macro,0.4444615266165284,0.0,0.001349041059159909,1.349041059159909,0.0
2,false_positive_0p001,eq_fpr_matched_cvar,0.4444615266165284,0.0,0.001349041059159909,1.349041059159909,0.0
2,false_positive_0p0025,eq_fpr,0.4444626518766756,0.0,0.0018347119685517051,0.7338847874206821,0.0
2,false_positive_0p0025,greedy,0.0,0.0,0.0,0.0,0.0
2,false_positive_0p0025,fabrid_macro,0.46666471652152364,0.0,0.001771754628445361,0.7087018513781443,0.0
2,false_positive_0p0025,fabrid_cvar,0.46666471652152364,0.0,0.001771754628445361,0.7087018513781443,0.0
2,false_positive_0p0025,fabrid_macro_finite_safe,0.3111496860455695,0.0,0.0009803334421434487,0.3921333768573795,0.0
2,false_positive_0p0025,fabrid_cvar_finite_safe,0.3111496860455695,0.0,0.0009803334421434487,0.3921333768573795,0.0
2,false_positive_0p0025,fabrid_macro_no_rate_minimization,0.46666471652152364,0.0,0.001771754628445361,0.7087018513781443,0.0
2,false_positive_0p0025,common_rate_macro,0.4444626518766756,0.0,0.0018347119685517051,0.7338847874206821,0.0
2,false_positive_0p0025,eq_alert,0.5333719082677918,0.0,0.0029048033341436724,1.161921333657469,0.0
2,false_positive_0p0025,pooled_shared,0.911065788287349,0.6,0.0021764454267061374,0.8705781706824549,0.0
2,false_positive_0p0025,eq_fpr_matched_macro,0.4444617892098475,0.0,0.0015648947966673738,0.6259579186669495,0.0
2,false_positive_0p0025,eq_fpr_matched_cvar,0.4444617892098475,0.0,0.0015648947966673738,0.6259579186669495,0.0
2,false_positive_0p005,eq_fpr,0.8443694846139285,0.0,0.004361863309546427,0.8723726619092854,0.0
2,false_positive_0p005,greedy,0.0,0.0,0.0,0.0,0.0
2,false_positive_0p005,fabrid_macro,0.46667300171388043,0.0,0.0030309014305722397,0.606180286114448,0.0
2,false_positive_0p005,fabrid_cvar,0.5333065481679538,0.0,0.005198432711376367,1.0396865422752735,0.0
2,false_positive_0p005,fabrid_macro_finite_safe,0.3555613560742302,0.0,0.0027161572479326456,0.5432314495865291,0.0
2,false_positive_0p005,fabrid_cvar_finite_safe,0.4221821843176028,0.0,0.004460974959451321,0.8921949918902642,0.0
2,false_positive_0p005,fabrid_macro_no_rate_minimization,0.7555234741485547,0.0,0.007527555522913688,1.5055111045827376,0.0
2,false_positive_0p005,common_rate_macro,0.8443694846139285,0.0,0.004361863309546427,0.8723726619092854,0.0
2,false_positive_0p005,eq_alert,0.8665939986138347,0.0,0.0064302958513925285,1.2860591702785056,0.0
2,false_positive_0p005,pooled_shared,0.9998880581805533,0.9996218534965351,0.004119108193186419,0.8238216386372837,0.0
2,false_positive_0p005,eq_fpr_matched_macro,0.5555641345615054,0.0,0.0021674689808794147,0.4334937961758829,0.0
2,false_positive_0p005,eq_fpr_matched_cvar,0.733276785306662,0.0,0.003831229891206478,0.7662459782412956,0.0
2,false_positive_0p010,eq_fpr,0.9999497472939205,0.9998416420693109,0.011745760576913013,1.1745760576913014,0.0
2,false_positive_0p010,greedy,0.0,0.0,0.0,0.0,0.0
2,false_positive_0p010,fabrid_macro,0.7777370159124096,0.0,0.009668105086529382,0.9668105086529383,0.0
2,false_positive_0p010,fabrid_cvar,0.7555416265252669,0.0,0.010720454123308194,1.0720454123308194,0.0
2,false_positive_0p010,fabrid_macro_finite_safe,0.6444109826916582,0.0,0.007041980908529903,0.7041980908529902,0.0
2,false_positive_0p010,fabrid_cvar_finite_safe,0.6444238333836414,0.0,0.009407396536080397,0.9407396536080397,0.0
2,false_positive_0p010,fabrid_macro_no_rate_minimization,0.8888511951603159,0.0,0.021378130766533703,2.1378130766533703,0.0
2,false_positive_0p010,common_rate_macro,0.9999497472939205,0.9998416420693109,0.011745760576913013,1.1745760576913014,0.0
2,false_positive_0p010,eq_alert,0.9999539626764994,0.9998349208136516,0.013598226979046363,1.3598226979046362,0.0
2,false_positive_0p010,pooled_shared,0.9999068600371399,0.9996430837239737,0.008274238721700668,0.8274238721700667,0.0
2,false_positive_0p010,eq_fpr_matched_macro,0.8888053149401968,0.0,0.006205598752087717,0.6205598752087718,0.0
2,false_positive_0p010,eq_fpr_matched_cvar,0.8888170943544299,0.0,0.008597950107654068,0.8597950107654068,0.0
2,false_positive_0p020,eq_fpr,0.9999885222486442,0.9998967002377981,0.027314051084797446,1.3657025542398722,0.0
2,false_positive_0p020,greedy,0.0,0.0,0.0,0.0,0.0
2,false_positive_0p020,fabrid_macro,0.8888590149276783,0.0,0.02236746195745366,1.118373097872683,0.0
2,false_positive_0p020,fabrid_cvar,0.8888604495239831,0.0,0.02418426744501021,1.2092133722505105,0.0
2,false_positive_0p020,fabrid_macro_finite_safe,0.7555386978048207,0.0,0.01641360160518015,0.8206800802590074,0.0
2,false_positive_0p020,fabrid_cvar_finite_safe,0.7777460107698141,0.0,0.017924587854954852,0.8962293927477426,0.0
2,false_positive_0p020,fabrid_macro_no_rate_minimization,0.8888669573546875,0.0,0.027395045129734646,1.3697522564867324,0.0
2,false_positive_0p020,common_rate_macro,0.9999885222486442,0.9998967002377981,0.027314051084797446,1.3657025542398722,0.0
2,false_positive_0p020,eq_alert,0.9999787886823174,0.9998573703407139,0.03056056233575679,1.5280281167878396,0.0
2,false_positive_0p020,pooled_shared,0.9999420316651784,0.9997302646739563,0.01696222186299215,0.8481110931496074,0.0
2,false_positive_0p020,eq_fpr_matched_macro,0.9999502991731924,0.9998416420693109,0.011943624596549537,0.5971812298274768,0.0
2,false_positive_0p020,eq_fpr_matched_cvar,0.9999617367009146,0.9998683423610559,0.013481569546280492,0.6740784773140246,0.0
3,false_positive_0p001,eq_fpr,0.31114818820970425,0.0,0.0009533519075445852,0.9533519075445852,0.0
3,false_positive_0p001,greedy,0.08888888888888889,0.0,8.993905729477706e-6,0.008993905729477706,0.0
3,false_positive_0p001,fabrid_macro,0.3555518339995652,0.0,0.0011692061015259744,1.1692061015259743,0.0
3,false_positive_0p001,fabrid_cvar,0.3555518339995652,0.0,0.0011692061015259744,1.1692061015259743,0.0
3,false_positive_0p001,fabrid_macro_finite_safe,0.1333653122670209,0.0,0.0004856709093917961,0.4856709093917961,0.0
3,false_positive_0p001,fabrid_cvar_finite_safe,0.1333653122670209,0.0,0.0004856709093917961,0.4856709093917961,0.0
3,false_positive_0p001,fabrid_macro_no_rate_minimization,0.3555518339995652,0.0,0.0011692061015259744,1.1692061015259743,0.0
3,false_positive_0p001,common_rate_macro,0.31114818820970425,0.0,0.0009533519075445852,0.9533519075445852,0.0
3,false_positive_0p001,eq_alert,0.5333593106051829,0.0,0.001429942834298574,1.429942834298574,0.0
3,false_positive_0p001,pooled_shared,0.8888143363639137,0.6,0.0011421613654497061,1.142161365449706,0.0
3,false_positive_0p001,eq_fpr_matched_macro,0.33334904896621154,0.0,0.0010882604934867508,1.0882604934867508,0.0
3,false_positive_0p001,eq_fpr_matched_cvar,0.33334904896621154,0.0,0.0010882604934867508,1.0882604934867508,0.0
3,false_positive_0p0025,eq_fpr,0.4444623729095461,0.0,0.0015828841622608063,0.6331536649043225,0.0
3,false_positive_0p0025,greedy,0.08888888888888889,0.0,8.993905729477706e-6,0.003597562291791082,0.0
3,false_positive_0p0025,fabrid_macro,0.3555518339995652,0.0,0.0014660045341248144,0.5864018136499257,0.0
3,false_positive_0p0025,fabrid_cvar,0.3555518339995652,0.0,0.0014660045341248144,0.5864018136499257,0.0
3,false_positive_0p0025,fabrid_macro_finite_safe,0.31114818820970425,0.0,0.0009533519075445852,0.3813407630178341,0.0
3,false_positive_0p0025,fabrid_cvar_finite_safe,0.31114818820970425,0.0,0.0009533519075445852,0.3813407630178341,0.0
3,false_positive_0p0025,fabrid_macro_no_rate_minimization,0.3777528092842515,0.0,0.0014660045341248144,0.5864018136499257,0.0
3,false_positive_0p0025,common_rate_macro,0.4444623729095461,0.0,0.0015828841622608063,0.6331536649043225,0.0
3,false_positive_0p0025,eq_alert,0.5333704104319265,0.0,0.002787890601068918,1.1151562404275672,0.0
3,false_positive_0p0025,pooled_shared,0.9110686743205755,0.6,0.002230403428309832,0.8921613713239329,0.0
3,false_positive_0p0025,eq_fpr_matched_macro,0.44446016007732264,0.0,0.0014749572935070737,0.5899829174028295,0.0
3,false_positive_0p0025,eq_fpr_matched_cvar,0.44446016007732264,0.0,0.0014749572935070737,0.5899829174028295,0.0
3,false_positive_0p005,eq_fpr,0.8443680735999091,0.0,0.004038084709182966,0.8076169418365932,0.0
3,false_positive_0p005,greedy,0.08888888888888889,0.0,8.993905729477706e-6,0.001798781145895541,0.0
3,false_positive_0p005,fabrid_macro,0.3777616290051474,0.0,0.0027161574305222154,0.543231486104443,0.0
3,false_positive_0p005,fabrid_cvar,0.4221944655263747,0.0,0.004748780125384177,0.9497560250768354,0.0
3,false_positive_0p005,fabrid_macro_finite_safe,0.355560119191922,0.0,0.0027071635247927378,0.5414327049585476,0.0
3,false_positive_0p005,fabrid_cvar_finite_safe,0.4221881522584901,0.0,0.004433993424852458,0.8867986849704915,0.0
3,false_positive_0p005,fabrid_macro_no_rate_minimization,0.6666089152755937,0.0,0.006871063725003251,1.3742127450006503,0.0
3,false_positive_0p005,common_rate_macro,0.8443680735999091,0.0,0.004038084709182966,0.8076169418365932,0.0
3,false_positive_0p005,eq_alert,0.8665948460468876,0.0,0.006610181046325918,1.3220362092651834,0.0
3,false_positive_0p005,pooled_shared,0.9998896422480246,0.9996218534965351,0.004397916328714556,0.8795832657429112,0.0
3,false_positive_0p005,eq_fpr_matched_macro,0.5777637533685787,0.0,0.001969604608965382,0.39392092179307636,0.0
3,false_positive_0p005,eq_fpr_matched_cvar,0.7332766934359308,0.0,0.003534445672683498,0.7068891345366995,0.0
3,false_positive_0p010,eq_fpr,0.9999506767643719,0.9998416420693109,0.01159287291648614,1.1592872916486139,0.0
3,false_positive_0p010,greedy,0.08888888888888889,0.0,8.993905729477706e-6,0.0008993905729477705,0.0
3,false_positive_0p010,fabrid_macro,0.6666239898596096,0.0,0.008579895781602022,0.8579895781602022,0.0
3,false_positive_0p010,fabrid_cvar,0.6444279817878518,0.0,0.01025281096275237,1.025281096275237,0.0
3,false_positive_0p010,fabrid_macro_finite_safe,0.644409927245284,0.0,0.007203870473215179,0.7203870473215179,0.0
3,false_positive_0p010,fabrid_cvar_finite_safe,0.6444196384071412,0.0,0.008750842521452988,0.8750842521452988,0.0
3,false_positive_0p010,fabrid_macro_no_rate_minimization,0.7777385986139504,0.0,0.020820564853928903,2.0820564853928905,0.0
3,false_positive_0p010,common_rate_macro,0.9999506767643719,0.9998416420693109,0.01159287291648614,1.1592872916486139,0.0
3,false_positive_0p010,eq_alert,0.9999531653324287,0.9998312073083844,0.012698858979803314,1.2698858979803314,0.0
3,false_positive_0p010,pooled_shared,0.9999055962469695,0.9996430837239737,0.008040395287105958,0.8040395287105957,0.0
3,false_positive_0p010,eq_fpr_matched_macro,0.8888061612715559,0.0,0.006187615861763505,0.6187615861763505,0.0
3,false_positive_0p010,eq_fpr_matched_cvar,0.8888185531307448,0.0,0.008454061181458836,0.8454061181458836,0.0
3,false_positive_0p020,eq_fpr,0.999988372230267,0.9998953500724028,0.02708020765077617,1.3540103825388086,0.0
3,false_positive_0p020,greedy,0.08888888888888889,0.0,8.993905729477706e-6,0.00044969528647388526,0.0
3,false_positive_0p020,fabrid_macro,0.7777469725090205,0.0,0.021971784079313966,1.0985892039656984,0.0
3,false_positive_0p020,fabrid_cvar,0.7777505362851554,0.0,0.024750935196899054,1.2375467598449528,0.0
3,false_positive_0p020,fabrid_macro_finite_safe,0.7555383854859731,0.0,0.020451866762616393,1.0225933381308197,0.0
3,false_positive_0p020,fabrid_cvar_finite_safe,0.7777456585722536,0.0,0.02109045173218675,1.0545225866093373,0.0
3,false_positive_0p020,fabrid_macro_no_rate_minimization,0.7777570892709695,0.0,0.027512019581920635,1.3756009790960317,0.0
3,false_positive_0p020,common_rate_macro,0.999988372230267,0.9998953500724028,0.02708020765077617,1.3540103825388086,0.0
3,false_positive_0p020,eq_alert,0.9999793190612597,0.999850956504656,0.02985908687479653,1.4929543437398265,0.0
3,false_positive_0p020,pooled_shared,0.9999384499906123,0.9997302646739563,0.016620460965964513,0.8310230482982256,0.0
3,false_positive_0p020,eq_fpr_matched_macro,0.9999513382399877,0.9998416420693109,0.011808724965903817,0.5904362482951908,0.0
3,false_positive_0p020,eq_fpr_matched_cvar,0.999970598040314,0.999869524030992,0.013634458187348333,0.6817229093674166,0.0
4,false_positive_0p001,eq_fpr,0.4222617198553311,0.0,0.0012411130014508389,1.241113001450839,0.0
4,false_positive_0p001,greedy,0.08888915148220798,0.0,8.993905729477706e-6,0.008993905729477706,0.0
4,false_positive_0p001,fabrid_macro,0.46666496708426297,0.0,0.001483948456146737,1.483948456146737,0.0
4,false_positive_0p001,fabrid_cvar,0.46666496708426297,0.0,0.001483948456146737,1.483948456146737,0.0
4,false_positive_0p001,fabrid_macro_finite_safe,0.13336529964559582,0.0,0.0004766770036623184,0.47667700366231835,0.0
4,false_positive_0p001,fabrid_cvar_finite_safe,0.13336529964559582,0.0,0.0004766770036623184,0.47667700366231835,0.0
4,false_positive_0p001,fabrid_macro_no_rate_minimization,0.46666496708426297,0.0,0.001483948456146737,1.483948456146737,0.0
4,false_positive_0p001,common_rate_macro,0.4222617198553311,0.0,0.0012411130014508389,1.241113001450839,0.0
4,false_positive_0p001,eq_alert,0.5333627224445392,0.0,0.0015558611586211051,1.555861158621105,0.0
4,false_positive_0p001,pooled_shared,0.8888180800016847,0.6,0.0011691422691046847,1.1691422691046847,0.0
4,false_positive_0p001,eq_fpr_matched_macro,0.44446288064859296,0.0,0.001546905796253081,1.546905796253081,0.0
4,false_positive_0p001,eq_fpr_matched_cvar,0.44446288064859296,0.0,0.001546905796253081,1.546905796253081,0.0
4,false_positive_0p0025,eq_fpr,0.4444647934440618,0.0,0.0018257168738668897,0.7302867495467559,0.0
4,false_positive_0p0025,greedy,0.08888915148220798,0.0,8.993905729477706e-6,0.003597562291791082,0.0
4,false_positive_0p0025,fabrid_macro,0.46666509838092257,0.0,0.0017447717223015905,0.6979086889206362,0.0
4,false_positive_0p0025,fabrid_cvar,0.46666509838092257,0.0,0.0017447717223015905,0.6979086889206362,0.0
4,false_positive_0p0025,fabrid_macro_finite_safe,0.31115060874422,0.0,0.0009533519075445852,0.3813407630178341,0.0
4,false_positive_0p0025,fabrid_cvar_finite_safe,0.31115060874422,0.0,0.0009533519075445852,0.3813407630178341,0.0
4,false_positive_0p0025,fabrid_macro_no_rate_minimization,0.46666509838092257,0.0,0.0017447717223015905,0.6979086889206362,0.0
4,false_positive_0p0025,common_rate_macro,0.4444647934440618,0.0,0.0018257168738668897,0.7302867495467559,0.0
4,false_positive_0p0025,eq_alert,0.5333728309664423,0.0,0.0026529962811601606,1.0611985124640642,0.0
4,false_positive_0p0025,pooled_shared,0.9110698236815702,0.6,0.0021854409933830072,0.8741763973532028,0.0
4,false_positive_0p0025,eq_fpr_matched_macro,0.4444637620371388,0.0,0.0015738875134415139,0.6295550053766056,0.0
4,false_positive_0p0025,eq_fpr_matched_cvar,0.4444637620371388,0.0,0.0015738875134415139,0.6295550053766056,0.0
4,false_positive_0p005,eq_fpr,0.8443685029114562,0.0,0.00411904005082823,0.8238080101656459,0.0
4,false_positive_0p005,greedy,0.08888915148220798,0.0,8.993905729477706e-6,0.001798781145895541,0.0
4,false_positive_0p005,fabrid_macro,0.4888757475904908,0.0,0.0031298319265141692,0.6259663853028339,0.0
4,false_positive_0p005,fabrid_cvar,0.6444225695471563,0.0,0.006205748964122532,1.2411497928245065,0.0
4,false_positive_0p005,fabrid_macro_finite_safe,0.3555625523478628,0.0,0.0026801818076043044,0.5360363615208609,0.0
4,false_positive_0p005,fabrid_cvar_finite_safe,0.5332893602896702,0.0,0.0047038105967367886,0.9407621193473577,0.0
4,false_positive_0p005,fabrid_macro_no_rate_minimization,0.6444297526873526,0.0,0.007824350725723746,1.564870145144749,0.0
4,false_positive_0p005,common_rate_macro,0.8443685029114562,0.0,0.00411904005082823,0.8238080101656459,0.0
4,false_positive_0p005,eq_alert,0.8665995846845183,0.0,0.006295413840433963,1.2590827680867924,0.0
4,false_positive_0p005,pooled_shared,0.9998869004492157,0.9996218534965351,0.004200056109902593,0.8400112219805186,0.0
4,false_positive_0p005,eq_fpr_matched_macro,0.5777666063501793,0.0,0.002284386633042716,0.45687732660854324,0.0
4,false_positive_0p005,eq_fpr_matched_cvar,0.7332860083851656,0.0,0.0038762089509506784,0.7752417901901356,0.0
4,false_positive_0p010,eq_fpr,0.999948991638003,0.9998416420693109,0.011386027439100886,1.1386027439100885,0.0
4,false_positive_0p010,greedy,0.08888915148220798,0.0,8.993905729477706e-6,0.0008993905729477705,0.0
4,false_positive_0p010,fabrid_macro,0.7777351676999724,0.0,0.009281372946219463,0.9281372946219463,0.0
4,false_positive_0p010,fabrid_cvar,0.7555405064217603,0.0,0.010126847787928186,1.0126847787928186,0.0
4,false_positive_0p010,fabrid_macro_finite_safe,0.6444032790548183,0.0,0.007221853679499669,0.7221853679499668,0.0
4,false_positive_0p010,fabrid_cvar_finite_safe,0.6444243357305408,0.0,0.009065628300949815,0.9065628300949814,0.0
4,false_positive_0p010,fabrid_macro_no_rate_minimization,0.8888471128776239,0.0,0.022880125156643387,2.2880125156643385,0.0
4,false_positive_0p010,common_rate_macro,0.999948991638003,0.9998416420693109,0.011386027439100886,1.1386027439100885,0.0
4,false_positive_0p010,eq_alert,0.999952343793114,0.9998372841535235,0.013742135751083762,1.3742135751083762,0.0
4,false_positive_0p010,pooled_shared,0.999904357172741,0.9996430837239737,0.008121338945878617,0.8121338945878617,0.0
4,false_positive_0p010,eq_fpr_matched_macro,0.8888041073188774,0.0,0.005971776082339276,0.5971776082339276,0.0
4,false_positive_0p010,eq_fpr_matched_cvar,0.8888164571604966,0.0,0.007941409136983019,0.7941409136983019,0.0
4,false_positive_0p020,eq_fpr,0.9999885206499933,0.999897881907734,0.027116196735358214,1.3558098367679106,0.0
4,false_positive_0p020,greedy,0.08888915148220798,0.0,8.993905729477706e-6,0.00044969528647388526,0.0
4,false_positive_0p020,fabrid_macro,0.8888559452199449,0.0,0.022097655358178828,1.1048827679089415,0.0
4,false_positive_0p020,fabrid_cvar,0.8888596138228647,0.0,0.024238236313915577,1.2119118156957789,0.0
4,false_positive_0p020,fabrid_macro_finite_safe,0.7555415363693787,0.0,0.02041589544168939,1.0207947720844694,0.0
4,false_positive_0p020,fabrid_cvar_finite_safe,0.7555444305947983,0.0,0.019669409883905628,0.9834704941952814,0.0
4,false_positive_0p020,fabrid_macro_no_rate_minimization,0.8888660522385577,0.0,0.027098257452334875,1.3549128726167436,0.0
4,false_positive_0p020,common_rate_macro,0.9999885206499933,0.999897881907734,0.027116196735358214,1.3558098367679106,0.0
4,false_positive_0p020,eq_alert,0.999978626712038,0.999853319844528,0.029085601938269607,1.4542800969134804,0.0
4,false_positive_0p020,pooled_shared,0.9999410651047851,0.9997277080119342,0.01704316626478717,0.8521583132393584,0.0
4,false_positive_0p020,eq_fpr_matched_macro,0.9999429776309086,0.9998368253670602,0.01066651555954764,0.533325777977382,0.0
4,false_positive_0p020,eq_fpr_matched_cvar,0.999970342201595,0.9998793143813982,0.013976234341731005,0.6988117170865502,0.0
5,false_positive_0p001,eq_fpr,0.3111464236855832,0.0,0.0009803336247330183,0.9803336247330182,0.0
5,false_positive_0p001,greedy,0.0,0.0,0.0,0.0,0.0
5,false_positive_0p001,fabrid_macro,0.26666282060340574,0.0,0.0012591447023468272,1.2591447023468272,0.0
5,false_positive_0p001,fabrid_cvar,0.26666282060340574,0.0,0.0012591447023468272,1.2591447023468272,0.0
5,false_positive_0p001,fabrid_macro_finite_safe,0.13336206092079822,0.0,0.0005036587208507515,0.5036587208507515,0.0
5,false_positive_0p001,fabrid_cvar_finite_safe,0.13336206092079822,0.0,0.0005036587208507515,0.5036587208507515,0.0
5,false_positive_0p001,fabrid_macro_no_rate_minimization,0.26666282060340574,0.0,0.0012591447023468272,1.2591447023468272,0.0
5,false_positive_0p001,common_rate_macro,0.3111464236855832,0.0,0.0009803336247330183,0.9803336247330182,0.0
5,false_positive_0p001,eq_alert,0.5333576792926391,0.0,0.0016278064077226906,1.6278064077226906,0.0
5,false_positive_0p001,pooled_shared,0.8888151578948102,0.6,0.001178134336572587,1.178134336572587,0.0
5,false_positive_0p001,eq_fpr_matched_macro,0.3333477344972224,0.0,0.001142223927863617,1.142223927863617,0.0
5,false_positive_0p001,eq_fpr_matched_cvar,0.3333477344972224,0.0,0.001142223927863617,1.142223927863617,0.0
5,false_positive_0p0025,eq_fpr,0.44445940823840707,0.0,0.0017627567906707312,0.7051027162682925,0.0
5,false_positive_0p0025,greedy,0.0,0.0,0.0,0.0,0.0
5,false_positive_0p0025,fabrid_macro,0.3555530409359722,0.0,0.0015289618742311583,0.6115847496924633,0.0
5,false_positive_0p0025,fabrid_cvar,0.39997126111260684,0.0,0.0025542671273916166,1.0217068509566467,0.0
5,false_positive_0p0025,fabrid_macro_finite_safe,0.3111464236855832,0.0,0.0009803336247330183,0.3921334498932073,0.0
5,false_positive_0p0025,fabrid_cvar_finite_safe,0.3555569989726224,0.0,0.0015289618742311583,0.6115847496924633,0.0
5,false_positive_0p0025,fabrid_macro_no_rate_minimization,0.3555530409359722,0.0,0.0015289618742311583,0.6115847496924633,0.0
5,false_positive_0p0025,common_rate_macro,0.44445940823840707,0.0,0.0017627567906707312,0.7051027162682925,0.0
5,false_positive_0p0025,eq_alert,0.5333686459078054,0.0,0.0028868134927539433,1.1547253971015774,0.0
5,false_positive_0p0025,pooled_shared,0.9110640489933891,0.6,0.002257389298021314,0.9029557192085256,0.0
5,false_positive_0p0025,eq_fpr_matched_macro,0.4444588456083335,0.0,0.0015918725818106548,0.6367490327242619,0.0
5,false_positive_0p0025,eq_fpr_matched_cvar,0.55555913271971,0.0,0.0021404787264713643,0.8561914905885457,0.0
5,false_positive_0p005,eq_fpr,0.8443644102898217,0.0,0.0042809249963650245,0.8561849992730048,0.0
5,false_positive_0p005,greedy,0.0,0.0,0.0,0.0,0.0
5,false_positive_0p005,fabrid_macro,0.3777658639693442,0.0,0.0029679845998727547,0.5935969199745509,0.0
5,false_positive_0p005,fabrid_cvar,0.4221911444181246,0.0,0.0048387191826789544,0.9677438365357909,0.0
5,false_positive_0p005,fabrid_macro_finite_safe,0.3777626723639727,0.0,0.0027701205910147272,0.5540241182029454,0.0
5,false_positive_0p005,fabrid_cvar_finite_safe,0.4221770138614657,0.0,0.003894359081083795,0.778871816216759,0.0
5,false_positive_0p005,fabrid_macro_no_rate_minimization,0.6666130655099063,0.0,0.007599553244665562,1.5199106489331125,0.0
5,false_positive_0p005,common_rate_macro,0.8443644102898217,0.0,0.0042809249963650245,0.8561849992730048,0.0
5,false_positive_0p005,eq_alert,0.8665972195735825,0.0,0.0063223996850548265,1.2644799370109652,0.0
5,false_positive_0p005,pooled_shared,0.9998836127486954,0.9996218534965351,0.004164084644583485,0.832816928916697,0.0
5,false_positive_0p005,eq_fpr_matched_macro,0.5777622429885212,0.0,0.0024552596349964166,0.4910519269992833,0.0
5,false_positive_0p005,eq_fpr_matched_cvar,0.622177496165974,0.0,0.003660353228718381,0.7320706457436762,0.0
5,false_positive_0p010,eq_fpr,0.9999479043779493,0.9998416420693109,0.011511921154052241,1.151192115405224,0.0
5,false_positive_0p010,greedy,0.0,0.0,0.0,0.0,0.0
5,false_positive_0p010,fabrid_macro,0.7777287609636804,0.0,0.009380323793838775,0.9380323793838775,0.0
5,false_positive_0p010,fabrid_cvar,0.7555346246906964,0.0,0.010540610934379607,1.0540610934379606,0.0
5,false_positive_0p010,fabrid_macro_finite_safe,0.7554894102675589,0.0,0.007248825896936688,0.7248825896936687,0.0
5,false_positive_0p010,fabrid_cvar_finite_safe,0.7555269082455326,0.0,0.008921758006453057,0.8921758006453057,0.0
5,false_positive_0p010,fabrid_macro_no_rate_minimization,0.777738915917685,0.0,0.020982443511552665,2.0982443511552664,0.0
5,false_positive_0p010,common_rate_macro,0.9999479043779493,0.9998416420693109,0.011511921154052241,1.151192115405224,0.0
5,false_positive_0p010,eq_alert,0.9999499393883843,0.9998325574737796,0.013814043586038521,1.381404358603852,0.0
5,false_positive_0p010,pooled_shared,0.9999025476404569,0.9996430837239737,0.008139326746515808,0.8139326746515808,0.0
5,false_positive_0p010,eq_fpr_matched_macro,0.8888068003428473,0.0,0.006907111109956446,0.6907111109956446,0.0
5,false_positive_0p010,eq_fpr_matched_cvar,0.8888183105079908,0.0,0.008696891554779632,0.8696891554779632,0.0
5,false_positive_0p020,eq_fpr,0.999988389542216,0.9998967002377981,0.026414706813553707,1.3207353406776854,0.0
5,false_positive_0p020,greedy,0.0,0.0,0.0,0.0,0.0
5,false_positive_0p020,fabrid_macro,0.7777464197215898,0.0,0.021998766915644993,1.0999383457822496,0.0
5,false_positive_0p020,fabrid_cvar,0.7777481693040488,0.0,0.02477789379634136,1.2388946898170679,0.0
5,false_positive_0p020,fabrid_macro_finite_safe,0.7555380298007534,0.0,0.019354609434459023,0.9677304717229511,0.0
5,false_positive_0p020,fabrid_cvar_finite_safe,0.7777445521774555,0.0,0.020487852237339742,1.024392611866987,0.0
5,false_positive_0p020,fabrid_macro_no_rate_minimization,0.7777542728703837,0.0,0.027071325165152923,1.3535662582576462,0.0
5,false_positive_0p020,common_rate_macro,0.999988389542216,0.9998967002377981,0.026414706813553707,1.3207353406776854,0.0
5,false_positive_0p020,eq_alert,0.9999772209116746,0.9998560201753186,0.029526256915663695,1.4763128457831847,0.0
5,false_positive_0p020,pooled_shared,0.9999413321341242,0.9997302646739563,0.01680035472782918,0.8400177363914589,0.0
5,false_positive_0p020,eq_fpr_matched_macro,0.999951915972122,0.9998609153505218,0.01204255985059518,0.602127992529759,0.0
5,false_positive_0p020,eq_fpr_matched_cvar,0.9999685941311761,0.9998683423610559,0.013859309774372913,0.6929654887186456,0.0
6,false_positive_0p001,eq_fpr,0.3111353774100633,0.0,0.0009443580018151075,0.9443580018151074,0.0
6,false_positive_0p001,greedy,0.08888888888888889,0.0,8.993905729477706e-6,0.008993905729477706,0.0
6,false_positive_0p001,fabrid_macro,0.35554951084186687,0.0,0.0012411568908878717,1.2411568908878716,0.0
6,false_positive_0p001,fabrid_cvar,0.35554951084186687,0.0,0.0012411568908878717,1.2411568908878716,0.0
6,false_positive_0p001,fabrid_macro_finite_safe,0.13335223746429226,0.0,0.0004856709093917961,0.4856709093917961,0.0
6,false_positive_0p001,fabrid_cvar_finite_safe,0.13335223746429226,0.0,0.0004856709093917961,0.4856709093917961,0.0
6,false_positive_0p001,fabrid_macro_no_rate_minimization,0.35554951084186687,0.0,0.0012411568908878717,1.2411568908878716,0.0
6,false_positive_0p001,common_rate_macro,0.3111353774100633,0.0,0.0009443580018151075,0.9443580018151074,0.0
6,false_positive_0p001,eq_alert,0.5333469246504737,0.0,0.0014659299401303502,1.4659299401303503,0.0
6,false_positive_0p001,pooled_shared,0.8888081332097961,0.6,0.0011151821196224323,1.1151821196224323,0.0
6,false_positive_0p001,eq_fpr_matched_macro,0.3333378883687204,0.0,0.0012411568908878717,1.2411568908878716,0.0
6,false_positive_0p001,eq_fpr_matched_cvar,0.3333378883687204,0.0,0.0012411568908878717,1.2411568908878716,0.0
6,false_positive_0p0025,eq_fpr,0.44444943081324556,0.0,0.0017807473452195013,0.7122989380878005,0.0
6,false_positive_0p0025,greedy,0.08888888888888889,0.0,8.993905729477706e-6,0.003597562291791082,0.0
6,false_positive_0p0025,fabrid_macro,0.3555496421385264,0.0,0.0014839923455837699,0.5935969382335079,0.0
6,false_positive_0p0025,fabrid_cvar,0.3555496421385264,0.0,0.0014839923455837699,0.5935969382335079,0.0
6,false_positive_0p0025,fabrid_macro_finite_safe,0.3111353774100633,0.0,0.0009443580018151075,0.377743200726043,0.0
6,false_positive_0p0025,fabrid_cvar_finite_safe,0.3111353774100633,0.0,0.0009443580018151075,0.377743200726043,0.0
6,false_positive_0p0025,fabrid_macro_no_rate_minimization,0.46666075324963757,0.0,0.0026081154324068666,1.0432461729627467,0.0
6,false_positive_0p0025,common_rate_macro,0.44444943081324556,0.0,0.0017807473452195013,0.7122989380878005,0.0
6,false_positive_0p0025,eq_alert,0.5333575996322855,0.0,0.002994726525969418,1.1978906103877671,0.0
6,false_positive_0p0025,pooled_shared,0.9110525086573303,0.6,0.0022034233350686203,0.8813693340274481,0.0
6,false_positive_0p0025,eq_fpr_matched_macro,0.4444492807948683,0.0,0.001573887513441514,0.6295550053766056,0.0
6,false_positive_0p0025,eq_fpr_matched_cvar,0.4444492807948683,0.0,0.001573887513441514,0.6295550053766056,0.0
6,false_positive_0p005,eq_fpr,0.8443544531824764,0.0,0.00428090696144019,0.8561813922880379,0.0
6,false_positive_0p005,greedy,0.08888888888888889,0.0,8.993905729477706e-6,0.001798781145895541,0.0
6,false_positive_0p005,fabrid_macro,0.46667202883465997,0.0,0.003840280517345312,0.7680561034690624,0.0
6,false_positive_0p005,fabrid_cvar,0.6444089995379007,0.0,0.0061966838184684715,1.2393367636936943,0.0
6,false_positive_0p005,fabrid_macro_finite_safe,0.3555606504592792,0.0,0.0027071635247927378,0.5414327049585476,0.0
6,false_positive_0p005,fabrid_cvar_finite_safe,0.5332720930931405,0.0,0.0036695114378468524,0.7339022875693705,0.0
6,false_positive_0p005,fabrid_macro_no_rate_minimization,0.6444114035101332,0.0,0.006331440259150779,1.2662880518301558,0.0
6,false_positive_0p005,common_rate_macro,0.7332732936413416,0.0,0.004137005992557626,0.8274011985115253,0.0
6,false_positive_0p005,eq_alert,0.8665958778808308,0.0,0.006079559515921011,1.215911903184202,0.0
6,false_positive_0p005,pooled_shared,0.9998728496821053,0.9996218534965351,0.004065145682964132,0.8130291365928265,0.0
6,false_positive_0p005,eq_fpr_matched_macro,0.5555497027760148,0.0,0.001960619012564805,0.392123802512961,0.0
6,false_positive_0p005,eq_fpr_matched_cvar,0.7332583725251202,0.0,0.003768262328421527,0.7536524656843054,0.0
6,false_positive_0p010,eq_fpr,0.999951224784739,0.9998416420693109,0.011772735171436299,1.17727351714363,0.0
6,false_positive_0p010,greedy,0.08888888888888889,0.0,8.993905729477706e-6,0.0008993905729477705,0.0
6,false_positive_0p010,fabrid_macro,0.6666278978152166,0.0,0.008903697297781402,0.8903697297781402,0.0
6,false_positive_0p010,fabrid_cvar,0.6444290923469193,0.0,0.009722174208852758,0.9722174208852757,0.0
6,false_positive_0p010,fabrid_macro_finite_safe,0.6444118266413891,0.0,0.007482686156003452,0.7482686156003452,0.0
6,false_positive_0p010,fabrid_cvar_finite_safe,0.644414414886509,0.0,0.008445049726650746,0.8445049726650746,0.0
6,false_positive_0p010,fabrid_macro_no_rate_minimization,0.7777346530203701,0.0,0.020173019801448984,2.0173019801448984,0.0
6,false_positive_0p010,common_rate_macro,0.999951224784739,0.9998416420693109,0.011772735171436299,1.17727351714363,0.0
6,false_positive_0p010,eq_alert,0.9999526091862122,0.9998325574737796,0.012797756289500467,1.2797756289500468,0.0
6,false_positive_0p010,pooled_shared,0.9998993649848157,0.9996430837239737,0.00802240603238748,0.8022406032387479,0.0
6,false_positive_0p010,eq_fpr_matched_macro,0.8888061893000127,0.0,0.006862142170847274,0.6862142170847274,0.0
6,false_positive_0p010,eq_fpr_matched_cvar,0.8888194302721478,0.0,0.008597937248852439,0.8597937248852439,0.0
6,false_positive_0p020,eq_fpr,0.9999885222486442,0.9998967002377981,0.027862691280380228,1.3931345640190114,0.0
6,false_positive_0p020,greedy,0.08888888888888889,0.0,8.993905729477706e-6,0.00044969528647388526,0.0
6,false_positive_0p020,fabrid_macro,0.7777465047750972,0.0,0.02137820387033501,1.0689101935167504,0.0
6,false_positive_0p020,fabrid_cvar,0.7777478926285635,0.0,0.025920144920994162,1.296007246049708,0.0
6,false_positive_0p020,fabrid_macro_finite_safe,0.7555309063627877,0.0,0.020227021158977915,1.0113510579488958,0.0
6,false_positive_0p020,fabrid_cvar_finite_safe,0.7555446645899839,0.0,0.021872915354396314,1.0936457677198157,0.0
6,false_positive_0p020,fabrid_macro_no_rate_minimization,0.7777551046747097,0.0,0.029472708648481737,1.4736354324240868,0.0
6,false_positive_0p020,common_rate_macro,0.9999885222486442,0.9998967002377981,0.02756589299248263,1.3782946496241315,0.0
6,false_positive_0p020,eq_alert,0.9999796288551097,0.9998585520106499,0.03128008427889318,1.5640042139446588,0.0
6,false_positive_0p020,pooled_shared,0.9999410889680753,0.9997401947002512,0.016143771353214563,0.8071885676607281,0.0
6,false_positive_0p020,eq_fpr_matched_macro,0.9999435952078556,0.9998368253670602,0.011044228952049847,0.5522114476024923,0.0
6,false_positive_0p020,eq_fpr_matched_cvar,0.9999615361014784,0.9998720558663232,0.01312180459289579,0.6560902296447895,0.0
7,false_positive_0p001,eq_fpr,0.3111443109008731,0.0,0.0009533519075445852,0.9533519075445852,0.0
7,false_positive_0p001,greedy,0.0,0.0,0.0,0.0,0.0
7,false_positive_0p001,fabrid_macro,0.26666034834096397,0.0,0.0012501507966173496,1.2501507966173495,0.0
7,false_positive_0p001,fabrid_cvar,0.26666034834096397,0.0,0.0012501507966173496,1.2501507966173495,0.0
7,false_positive_0p001,fabrid_macro_finite_safe,0.13336069304588763,0.0,0.0004856709093917961,0.4856709093917961,0.0
7,false_positive_0p001,fabrid_cvar_finite_safe,0.13336069304588763,0.0,0.0004856709093917961,0.4856709093917961,0.0
7,false_positive_0p001,fabrid_macro_no_rate_minimization,0.26666034834096397,0.0,0.0012501507966173496,1.2501507966173495,0.0
7,false_positive_0p001,common_rate_macro,0.3111443109008731,0.0,0.0009533519075445852,0.9533519075445852,0.0
7,false_positive_0p001,eq_alert,0.5333655017161723,0.0,0.0016907402314169685,1.6907402314169684,0.0
7,false_positive_0p001,pooled_shared,0.8888085590405421,0.6,0.0011331699310813876,1.1331699310813876,0.0
7,false_positive_0p001,eq_fpr_matched_macro,0.4222554220119842,0.0,0.0012321204672662684,1.2321204672662684,0.0
7,false_positive_0p001,eq_fpr_matched_cvar,0.4222554220119842,0.0,0.0012321204672662684,1.2321204672662684,0.0
7,false_positive_0p0025,eq_fpr,0.44445729545369694,0.0,0.0015379132620685105,0.6151653048274042,0.0
7,false_positive_0p0025,greedy,0.0,0.0,0.0,0.0,0.0
7,false_positive_0p0025,fabrid_macro,0.35555039993343546,0.0,0.001510974062772203,0.6043896251088812,0.0
7,false_positive_0p0025,fabrid_cvar,0.399967483815838,0.0,0.0026621939961453496,1.0648775984581398,0.0
7,false_positive_0p0025,fabrid_macro_finite_safe,0.31114416088249586,0.0,0.0009173762846266744,0.36695051385066974,0.0
7,false_positive_0p0025,fabrid_cvar_finite_safe,0.35555445209597697,0.0,0.0015829253086080248,0.6331701234432099,0.0
7,false_positive_0p0025,fabrid_macro_no_rate_minimization,0.37775248221353913,0.0,0.001636887464857903,0.6547549859431613,0.0
7,false_positive_0p0025,common_rate_macro,0.44445729545369694,0.0,0.0015379132620685105,0.6151653048274042,0.0
7,false_positive_0p0025,eq_alert,0.5333665331230953,0.0,0.0026350157178911637,1.0540062871564655,0.0
7,false_positive_0p0025,pooled_shared,0.9110574047160266,0.6,0.0022124239753034325,0.884969590121373,0.0
7,false_positive_0p0025,eq_fpr_matched_macro,0.4444571641570374,0.0,0.001429986393314778,0.5719945573259112,0.0
7,false_positive_0p0025,eq_fpr_matched_cvar,0.5777575543192222,0.0,0.0018616725019376008,0.7446690007750403,0.0
7,false_positive_0p005,eq_fpr,0.8443644398136849,0.0,0.003750294435165947,0.7500588870331893,0.0
7,false_positive_0p005,greedy,0.0,0.0,0.0,0.0,0.0
7,false_positive_0p005,fabrid_macro,0.37776389870414734,0.0,0.0028510647383373933,0.5702129476674787,0.0
7,false_positive_0p005,fabrid_cvar,0.4221939134384346,0.0,0.0046588410680894,0.93176821361788,0.0
7,false_positive_0p005,fabrid_macro_finite_safe,0.35556097835011635,0.0,0.002680181807604305,0.536036361520861,0.0
7,false_positive_0p005,fabrid_cvar_finite_safe,0.4221871090673697,0.0,0.004442987330581935,0.888597466116387,0.0
7,false_positive_0p005,fabrid_macro_no_rate_minimization,0.6444057600093998,0.0,0.007338735413425281,1.467747082685056,0.0
7,false_positive_0p005,common_rate_macro,0.8443644398136849,0.0,0.003750294435165947,0.7500588870331893,0.0
7,false_positive_0p005,eq_alert,0.8887895990614153,0.0,0.006349380298618797,1.2698760597237595,0.0
7,false_positive_0p005,pooled_shared,0.9998785787381266,0.9996218534965351,0.004604786000037641,0.9209572000075282,0.0
7,false_positive_0p005,eq_fpr_matched_macro,0.5777712096729466,0.0,0.0027430096954464923,0.5486019390892984,0.0
7,false_positive_0p005,eq_fpr_matched_cvar,0.7332704340831379,0.0,0.0032556420346287534,0.6511284069257507,0.0
7,false_positive_0p010,eq_fpr,0.9999459959070075,0.9998416420693109,0.011547926180246164,1.1547926180246164,0.0
7,false_positive_0p010,greedy,0.0,0.0,0.0,0.0,0.0
7,false_positive_0p010,fabrid_macro,0.6666216430726606,0.0,0.009038579912156995,0.9038579912156995,0.0
7,false_positive_0p010,fabrid_cvar,0.6666293691418564,0.0,0.010756463526417315,1.0756463526417315,0.0
7,false_positive_0p010,fabrid_macro_finite_safe,0.6444089541989064,0.0,0.007266819524007486,0.7266819524007485,0.0
7,false_positive_0p010,fabrid_cvar_finite_safe,0.6444114598015669,0.0,0.009110595987527417,0.9110595987527417,0.0
7,false_positive_0p010,fabrid_macro_no_rate_minimization,0.6666258746269639,0.0,0.019768297200085935,1.9768297200085934,0.0
7,false_positive_0p010,common_rate_macro,0.9999459959070075,0.9998416420693109,0.011547926180246164,1.1547926180246164,0.0
7,false_positive_0p010,eq_alert,0.9999496407946137,0.9998300256384484,0.013238514585968081,1.3238514585968082,0.0
7,false_positive_0p010,pooled_shared,0.9999004947735786,0.9996430837239737,0.008858847726248108,0.8858847726248108,0.0
7,false_positive_0p010,eq_fpr_matched_macro,0.8887968253886129,0.0,0.006295555680749262,0.6295555680749262,0.0
7,false_positive_0p010,eq_fpr_matched_cvar,0.9999182818693251,0.9997537549416234,0.008732881108526016,0.8732881108526016,0.0
7,false_positive_0p020,eq_fpr,0.9999885035269265,0.999896531742339,0.027188137703634183,1.3594068851817092,0.0
7,false_positive_0p020,greedy,0.0,0.0,0.0,0.0,0.0
7,false_positive_0p020,fabrid_macro,0.7777451464364667,0.0,0.021782907971787897,1.0891453985893949,0.0
7,false_positive_0p020,fabrid_cvar,0.7777484061633317,0.0,0.023770593710180598,1.18852968550903,0.0
7,false_positive_0p020,fabrid_macro_finite_safe,0.7777367879942875,0.0,0.02014606832909785,1.0073034164548924,0.0
7,false_positive_0p020,fabrid_cvar_finite_safe,0.7777433904122225,0.0,0.020982519276386113,1.0491259638193056,0.0
7,false_positive_0p020,fabrid_macro_no_rate_minimization,0.7777545164583846,0.0,0.025569332168919094,1.2784666084459546,0.0
7,false_positive_0p020,common_rate_macro,0.9999885035269265,0.999896531742339,0.026891347613660632,1.3445673806830316,0.0
7,false_positive_0p020,eq_alert,0.9999782314122907,0.999850956504656,0.029148551977170863,1.4574275988585432,0.0
7,false_positive_0p020,pooled_shared,0.9999363078102186,0.9997302646739563,0.01726802658287652,0.863401329143826,0.0
7,false_positive_0p020,eq_fpr_matched_macro,0.9999469513569531,0.9998416420693109,0.011790760114308681,0.589538005715434,0.0
7,false_positive_0p020,eq_fpr_matched_cvar,0.9999661335017854,0.999869524030992,0.013508586232564278,0.6754293116282138,0.0
8,false_positive_0p001,eq_fpr,0.42225882614497207,0.0,0.0011601789135395825,1.1601789135395826,0.0
8,false_positive_0p001,greedy,0.08888888888888889,0.0,8.993905729477706e-6,0.008993905729477706,0.0
8,false_positive_0p001,fabrid_macro,0.46666255333913625,0.0,0.0016908193515787673,1.6908193515787673,0.0
8,false_positive_0p001,fabrid_cvar,0.4666628159324553,0.0,0.0017267949744966783,1.7267949744966782,0.0
8,false_positive_0p001,fabrid_macro_finite_safe,0.13336368974926582,0.0,0.0005036587208507515,0.5036587208507515,0.0
8,false_positive_0p001,fabrid_cvar_finite_safe,0.13336368974926582,0.0,0.0005036587208507515,0.5036587208507515,0.0
8,false_positive_0p001,fabrid_macro_no_rate_minimization,0.46666255333913625,0.0,0.0016908193515787673,1.6908193515787673,0.0
8,false_positive_0p001,common_rate_macro,0.42225882614497207,0.0,0.0011601789135395825,1.1601789135395826,0.0
8,false_positive_0p001,eq_alert,0.5333586958143626,0.0,0.0015198888406126724,1.5198888406126723,0.0
8,false_positive_0p001,pooled_shared,0.8888166524135461,0.6,0.0010882021370023467,1.0882021370023467,0.0
8,false_positive_0p001,eq_fpr_matched_macro,0.4444607370301202,0.0,0.0014749656140713022,1.4749656140713021,0.0
8,false_positive_0p001,eq_fpr_matched_cvar,0.4444607370301202,0.0,0.0014929534255302577,1.4929534255302577,0.0
8,false_positive_0p0025,eq_fpr,0.44446158097523064,0.0,0.0018347218432504106,0.7338887373001642,0.0
8,false_positive_0p0025,greedy,0.08888888888888889,0.0,8.993905729477706e-6,0.003597562291791082,0.0
8,false_positive_0p0025,fabrid_macro,0.4666635473026239,0.0,0.0019246609005451878,0.7698643602180751,0.0
8,false_positive_0p0025,fabrid_cvar,0.5110820185948395,0.0,0.002994935682353035,1.197974272941214,0.0
8,false_positive_0p0025,fabrid_macro_finite_safe,0.31114771503386096,0.0,0.0009443580931098924,0.3777432372439569,0.0
8,false_positive_0p0025,fabrid_cvar_finite_safe,0.3555585743944581,0.0,0.001573931494173332,0.6295725976693328,0.0
8,false_positive_0p0025,fabrid_macro_no_rate_minimization,0.4666635473026239,0.0,0.0019246609005451878,0.7698643602180751,0.0
8,false_positive_0p0025,common_rate_macro,0.44446158097523064,0.0,0.0018347218432504106,0.7338887373001642,0.0
8,false_positive_0p0025,eq_alert,0.5333699372560832,0.0,0.003129620036152931,1.2518480144611723,0.0
8,false_positive_0p0025,pooled_shared,0.9110584911432049,0.6,0.002158461044843038,0.8633844179372152,0.0
8,false_positive_0p0025,eq_fpr_matched_macro,0.44446088704849745,0.0,0.0015379229541776463,0.6151691816710585,0.0
8,false_positive_0p0025,eq_fpr_matched_cvar,0.555561157096349,0.0,0.0021674862238572636,0.8669944895429055,0.0
8,false_positive_0p005,eq_fpr,0.844372619844493,0.0,0.0047305899420939015,0.9461179884187803,0.0
8,false_positive_0p005,greedy,0.08888888888888889,0.0,8.993905729477706e-6,0.001798781145895541,0.0
8,false_positive_0p005,fabrid_macro,0.4888770357195498,0.0,0.003093867002071162,0.6187734004142323,0.0
8,false_positive_0p005,fabrid_cvar,0.6444140116459065,0.0,0.006691280808480824,1.3382561616961648,0.0
8,false_positive_0p005,fabrid_macro_finite_safe,0.3555618030623729,0.0,0.0027071636160875224,0.5414327232175045,0.0
8,false_positive_0p005,fabrid_cvar_finite_safe,0.5332941402959581,0.0,0.00575596410832099,1.151192821664198,0.0
8,false_positive_0p005,fabrid_macro_no_rate_minimization,0.8666277026000937,0.0,0.007563544116696761,1.5127088233393522,0.0
8,false_positive_0p005,common_rate_macro,0.844372619844493,0.0,0.0047305899420939015,0.9461179884187803,0.0
8,false_positive_0p005,eq_alert,0.8665943887511154,0.0,0.006790042540695289,1.3580085081390578,0.0
8,false_positive_0p005,pooled_shared,0.9998855929081559,0.9996218534965351,0.004200057515912585,0.840011503182517,0.0
8,false_positive_0p005,eq_fpr_matched_macro,0.5777649946112137,0.0,0.002374337409229119,0.47486748184582384,0.0
8,false_positive_0p005,eq_fpr_matched_cvar,0.7332760556591532,0.0,0.0042179445178024775,0.8435889035604954,0.0
8,false_positive_0p010,eq_fpr,0.9999511043283472,0.9998439021095397,0.012033546868542803,1.2033546868542802,0.0
8,false_positive_0p010,greedy,0.08888888888888889,0.0,8.993905729477706e-6,0.0008993905729477705,0.0
8,false_positive_0p010,fabrid_macro,0.8666441147397316,0.0,0.009659124151665066,0.9659124151665066,0.0
8,false_positive_0p010,fabrid_cvar,0.8666441418209356,0.0,0.010666493301005766,1.0666493301005766,0.0
8,false_positive_0p010,fabrid_macro_finite_safe,0.6222164015568741,0.0,0.007743497539999482,0.7743497539999482,0.0
8,false_positive_0p010,fabrid_cvar_finite_safe,0.6444215771754415,0.0,0.009047635975611179,0.9047635975611179,0.0
8,false_positive_0p010,fabrid_macro_no_rate_minimization,0.8888508451565864,0.0,0.02111734109515689,2.111734109515689,0.0
8,false_positive_0p010,common_rate_macro,0.9999511043283472,0.9998439021095397,0.012033546868542803,1.2033546868542802,0.0
8,false_positive_0p010,eq_alert,0.9999554129166326,0.9998386343189187,0.01349032832619049,1.349032832619049,0.0
8,false_positive_0p010,pooled_shared,0.9999061844671014,0.9996456403859957,0.008373174890658065,0.8373174890658065,0.0
8,false_positive_0p010,eq_fpr_matched_macro,0.8888085303263487,0.0,0.007743517175809973,0.7743517175809972,0.0
8,false_positive_0p010,eq_fpr_matched_cvar,0.88882113846497,0.0,0.00950631144090704,0.9506311440907039,0.0
8,false_positive_0p020,eq_fpr,0.9999885222486442,0.9998967002377981,0.028069531392467987,1.4034765696233993,0.0
8,false_positive_0p020,greedy,0.08888888888888889,0.0,8.993905729477706e-6,0.00044969528647388526,0.0
8,false_positive_0p020,fabrid_macro,0.8888595181007134,0.0,0.02186383527070354,1.093191763535177,0.0
8,false_positive_0p020,fabrid_cvar,0.8888607559358025,0.0,0.024633965893064304,1.2316982946532151,0.0
8,false_positive_0p020,fabrid_macro_finite_safe,0.7555387875081695,0.0,0.019651410927575132,0.9825705463787566,0.0
8,false_positive_0p020,fabrid_cvar_finite_safe,0.7555438870279937,0.0,0.021171390389953405,1.0585695194976703,0.0
8,false_positive_0p020,fabrid_macro_no_rate_minimization,0.8888690768931451,0.0,0.027278155858915493,1.3639077929457746,0.0
8,false_positive_0p020,common_rate_macro,0.9999885222486442,0.9998967002377981,0.028069531392467987,1.4034765696233993,0.0
8,false_positive_0p020,eq_alert,0.9999804284192266,0.9998585520106499,0.030515642610450748,1.5257821305225374,0.0
8,false_positive_0p020,pooled_shared,0.999938944091549,0.9997401947002512,0.017645757696826844,0.8822878848413422,0.0
8,false_positive_0p020,eq_fpr_matched_macro,0.9999511043283472,0.9998439021095397,0.012033546868542803,0.6016773434271401,0.0
8,false_positive_0p020,eq_fpr_matched_cvar,0.999963973458384,0.999874419206195,0.014129106686530966,0.7064553343265483,0.0
9,false_positive_0p001,eq_fpr,0.42224339022328616,0.0,0.0012321231190612983,1.2321231190612982,0.0
9,false_positive_0p001,greedy,0.08888888888888889,0.0,0.00004496952864738853,0.044969528647388526,0.0
9,false_positive_0p001,fabrid_macro,0.4666542140656536,0.0,0.0015109349270333858,1.5109349270333858,0.0
9,false_positive_0p001,fabrid_cvar,0.4666549002697905,0.0,0.0015828854425109287,1.5828854425109287,0.0
9,false_positive_0p001,fabrid_macro_finite_safe,0.1333490050502072,0.0,0.0004946648151212738,0.49466481512127375,0.0
9,false_positive_0p001,fabrid_cvar_finite_safe,0.1333490050502072,0.0,0.0004946648151212738,0.49466481512127375,0.0
9,false_positive_0p001,fabrid_macro_no_rate_minimization,0.4666542140656536,0.0,0.0015109349270333858,1.5109349270333858,0.0
9,false_positive_0p001,common_rate_macro,0.42224339022328616,0.0,0.0012321231190612983,1.2321231190612982,0.0
9,false_positive_0p001,eq_alert,0.5333440960921249,0.0,0.001708743198694033,1.708743198694033,0.0
9,false_positive_0p001,pooled_shared,0.8888102439224705,0.6,0.0011511549994505286,1.1511549994505286,0.0
9,false_positive_0p001,eq_fpr_matched_macro,0.4444443822764531,0.0,0.0014299890451098078,1.4299890451098078,0.0
9,false_positive_0p001,eq_fpr_matched_cvar,0.44444451357311265,0.0,0.001546909819593018,1.546909819593018,0.0
9,false_positive_0p0025,eq_fpr,0.44444685770199555,0.0,0.0018616965201247377,0.744678608049895,0.0
9,false_positive_0p0025,greedy,0.08888888888888889,0.0,0.00004496952864738853,0.01798781145895541,0.0
9,false_positive_0p0025,fabrid_macro,0.4666549002697905,0.0,0.0017987391800183936,0.7194956720073574,0.0
9,false_positive_0p0025,fabrid_cvar,0.488856886286445,0.0,0.002392336958163922,0.9569347832655688,0.0
9,false_positive_0p0025,fabrid_macro_finite_safe,0.31113227911217506,0.0,0.0009713396277087557,0.3885358510835023,0.0
9,false_positive_0p0025,fabrid_cvar_finite_safe,0.3333335337586611,0.0,0.0013131080454289086,0.5252432181715634,0.0
9,false_positive_0p0025,fabrid_macro_no_rate_minimization,0.4666549002697905,0.0,0.0017987391800183936,0.7194956720073574,0.0
9,false_positive_0p0025,common_rate_macro,0.44444685770199555,0.0,0.0018616965201247377,0.744678608049895,0.0
9,false_positive_0p0025,eq_alert,0.5333545013343973,0.0,0.0027878941538839767,1.1151576615535908,0.0
9,false_positive_0p0025,pooled_shared,0.9110458656693028,0.6,0.0022573878351816222,0.9029551340726488,0.0
9,false_positive_0p0025,eq_fpr_matched_macro,0.44444464486977214,0.0,0.0015738915367814509,0.6295566147125804,0.0
9,false_positive_0p0025,eq_fpr_matched_cvar,0.5555476996977836,0.0,0.002383292535619383,0.9533170142477532,0.0
9,false_positive_0p005,eq_fpr,0.8443516310735765,0.0,0.004289912391001418,0.8579824782002835,0.0
9,false_positive_0p005,greedy,0.08888888888888889,0.0,0.00004496952864738853,0.008993905729477706,0.0
9,false_positive_0p005,fabrid_macro,0.48887448759454194,0.0,0.0031118483209847205,0.6223696641969441,0.0
9,false_positive_0p005,fabrid_cvar,0.6444168794986149,0.0,0.005540203963481119,1.108040792696224,0.0
9,false_positive_0p005,fabrid_macro_finite_safe,0.35556025004693687,0.0,0.0027071634334979527,0.5414326866995905,0.0
9,false_positive_0p005,fabrid_cvar_finite_safe,0.5332725343554774,0.0,0.0038493894611416214,0.7698778922283243,0.0
9,false_positive_0p005,fabrid_macro_no_rate_minimization,0.8666068574666037,0.0,0.006709122960486723,1.3418245920973446,0.0
9,false_positive_0p005,common_rate_macro,0.8443516310735765,0.0,0.004289912391001418,0.8579824782002835,0.0
9,false_positive_0p005,eq_alert,0.8665916813619399,0.0,0.006304377602947111,1.2608755205894222,0.0
9,false_positive_0p005,pooled_shared,0.9998686440571992,0.9996218534965351,0.004209044020460216,0.8418088040920433,0.0
9,false_positive_0p005,eq_fpr_matched_macro,0.5777486860543606,0.0,0.002473230489289697,0.49464609785793945,0.0
9,false_positive_0p005,eq_fpr_matched_cvar,0.7332600821939587,0.0,0.003777272034304026,0.7554544068608052,0.0
9,false_positive_0p010,eq_fpr,0.9999455791473252,0.9998416420693109,0.011161162545014088,1.1161162545014087,0.0
9,false_positive_0p010,greedy,0.08888888888888889,0.0,0.00004496952864738853,0.004496952864738853,0.0
9,false_positive_0p010,fabrid_macro,0.7777330111199712,0.0,0.00872375352811775,0.872375352811775,0.0
9,false_positive_0p010,fabrid_cvar,0.8666390867174157,0.0,0.017978537670943925,1.7978537670943924,0.0
9,false_positive_0p010,fabrid_macro_finite_safe,0.6443925525269764,0.0,0.00725782460594833,0.725782460594833,0.0
9,false_positive_0p010,fabrid_cvar_finite_safe,0.6444153451969322,0.0,0.011511977015317216,1.1511977015317216,0.0
9,false_positive_0p010,fabrid_macro_no_rate_minimization,0.8888420489422988,0.0,0.020973435163447015,2.0973435163447016,0.0
9,false_positive_0p010,common_rate_macro,0.9999455791473252,0.9998416420693109,0.011161162545014088,1.1161162545014087,0.0
9,false_positive_0p010,eq_alert,0.9999531192798649,0.9998372841535235,0.013571263053183508,1.3571263053183509,0.0
9,false_positive_0p010,pooled_shared,0.9998907529803104,0.9996430837239737,0.0076176849215872445,0.7617684921587244,0.0
9,false_positive_0p010,eq_fpr_matched_macro,0.8887999065484518,0.0,0.006493403723830587,0.6493403723830586,0.0
9,false_positive_0p010,eq_fpr_matched_cvar,0.9999239766413522,0.9997537549416234,0.008795801868267429,0.8795801868267429,0.0
9,false_positive_0p020,eq_fpr,0.9999883881324474,0.999897881907734,0.027053230128386344,1.3526615064193173,0.0
9,false_positive_0p020,greedy,0.08888888888888889,0.0,0.00004496952864738853,0.0022484764323694264,0.0
9,false_positive_0p020,fabrid_macro,0.8888434556599492,0.0,0.02093747721934599,1.0468738609672994,0.0
9,false_positive_0p020,fabrid_cvar,0.888860210749272,0.0,0.02420227227387238,1.210113613693619,0.0
9,false_positive_0p020,fabrid_macro_finite_safe,0.6444307849904347,0.0,0.0191297801688589,0.956489008442945,0.0
9,false_positive_0p020,fabrid_cvar_finite_safe,0.7777469840709862,0.0,0.021387245139288465,1.0693622569644232,0.0
9,false_positive_0p020,fabrid_macro_no_rate_minimization,0.8888673762792115,0.0,0.027017325877267385,1.3508662938633693,0.0
9,false_positive_0p020,common_rate_macro,0.9999883881324474,0.999897881907734,0.027053230128386344,1.3526615064193173,0.0
9,false_positive_0p020,eq_alert,0.9999782522175303,0.9998620970204577,0.029103600213783012,1.4551800106891506,0.0
9,false_positive_0p020,pooled_shared,0.9999375160388888,0.9997350813762071,0.015730062776815868,0.7865031388407934,0.0
9,false_positive_0p020,eq_fpr_matched_macro,0.9999463768294977,0.9998416420693109,0.011475946451096838,0.5737973225548418,0.0
9,false_positive_0p020,eq_fpr_matched_cvar,0.9999591344364459,0.9998793143813982,0.012636152207498811,0.6318076103749405,0.0
0,false_positive_0p001,eq_fpr,0.4222474832157217,0.0,0.0010341084249270403,1.0341084249270402,0.0
0,false_positive_0p001,greedy,0.0,0.0,0.0,0.0,0.0
0,false_positive_0p001,fabrid_macro,0.3777708402060177,0.0,0.0010077358902834195,1.0077358902834195,0.0
0,false_positive_0p001,fabrid_cvar,0.3777708402060177,0.0,0.0010077358902834195,1.0077358902834195,0.0
0,false_positive_0p001,fabrid_macro_finite_safe,0.22224543912359332,0.0,0.000557896394233131,0.557896394233131,0.0
0,false_positive_0p001,fabrid_cvar_finite_safe,0.22224543912359332,0.0,0.000557896394233131,0.557896394233131,0.0
0,false_positive_0p001,fabrid_macro_no_rate_minimization,0.3777708402060177,0.0,0.0010077358902834195,1.0077358902834195,0.0
0,false_positive_0p001,common_rate_macro,0.4222474832157217,0.0,0.0010341084249270403,1.0341084249270402,0.0
0,false_positive_0p001,eq_alert,0.5333565502347044,0.0,0.0013856008085880568,1.385600808588057,0.0
0,false_positive_0p001,pooled_shared,0.8888170668216915,0.6,0.0009646772949736441,0.9646772949736441,0.0
0,false_positive_0p001,eq_fpr_matched_macro,0.3111363721046106,0.0,0.0009263762128389665,0.9263762128389665,0.0
0,false_positive_0p001,eq_fpr_matched_cvar,0.3111363721046106,0.0,0.0009263762128389665,0.9263762128389665,0.0
0,false_positive_0p0025,eq_fpr,0.4444487753056431,0.0,0.0017202432595723892,0.6880973038289556,0.0
0,false_positive_0p0025,greedy,0.0,0.0,0.0,0.0,0.0
0,false_positive_0p0025,fabrid_macro,0.46667411782913565,0.0,0.002216479213357853,0.8865916853431411,0.0
0,false_positive_0p0025,fabrid_cvar,0.46667411782913565,0.0,0.0022104773311830772,0.8841909324732309,0.0
0,false_positive_0p0025,fabrid_macro_finite_safe,0.355555777961321,0.0,0.0016466020738120503,0.6586408295248201,0.0
0,false_positive_0p0025,fabrid_cvar_finite_safe,0.355555777961321,0.0,0.0016466020738120503,0.6586408295248201,0.0
0,false_positive_0p0025,fabrid_macro_no_rate_minimization,0.5777728842981461,0.0,0.002737624420787563,1.095049768315025,0.0
0,false_positive_0p0025,common_rate_macro,0.4444487753056431,0.0,0.0015677688518734227,0.627107540749369,0.0
0,false_positive_0p0025,eq_alert,0.5777728842981461,0.0,0.002698791591085631,1.0795166364342523,0.0
0,false_positive_0p0025,pooled_shared,0.9110497240134787,0.6,0.0020617615763545575,0.824704630541823,0.0
0,false_positive_0p0025,eq_fpr_matched_macro,0.4444483439722291,0.0,0.0014152944441744562,0.5661177776697824,0.0
0,false_positive_0p0025,eq_fpr_matched_cvar,0.4444482126755695,0.0,0.0012882324377586508,0.5152929751034603,0.0
0,false_positive_0p005,eq_fpr,0.8443577037459726,0.0,0.0035858959216617707,0.7171791843323542,0.0
0,false_positive_0p005,greedy,0.0,0.0,0.0,0.0,0.0
0,false_positive_0p005,fabrid_macro,0.6222158405317206,0.0,0.004735445801142643,0.9470891602285286,0.0
0,false_positive_0p005,fabrid_cvar,0.7333308582933099,0.0,0.005905745748981875,1.181149149796375,0.0
0,false_positive_0p005,fabrid_macro_finite_safe,0.5110990773069731,0.0,0.004331750113501614,0.8663500227003228,0.0
0,false_positive_0p005,fabrid_cvar_finite_safe,0.6221954505629628,0.0,0.004385163470330412,0.8770326940660823,0.0
0,false_positive_0p005,fabrid_macro_no_rate_minimization,0.7555311209755059,0.0,0.012332894162156612,2.4665788324313223,0.0
0,false_positive_0p005,common_rate_macro,0.8443577037459726,0.0,0.0035858959216617707,0.7171791843323542,0.0
0,false_positive_0p005,eq_alert,0.9777192041329459,0.8000510690114917,0.0061123770780657435,1.2224754156131488,0.0
0,false_positive_0p005,pooled_shared,0.9998708188369699,0.9996218534965351,0.004301554783993962,0.8603109567987923,0.0
0,false_positive_0p005,eq_fpr_matched_macro,0.5777515695666631,0.0,0.0023418938262098413,0.46837876524196825,0.0
0,false_positive_0p005,eq_fpr_matched_cvar,0.6221655396131961,0.0,0.0028284659099645096,0.5656931819929019,0.0
0,false_positive_0p010,eq_fpr,0.99994876097548,0.9998416420693109,0.010034437105578562,1.0034437105578562,0.0
0,false_positive_0p010,greedy,0.0,0.0,0.0,0.0,0.0
0,false_positive_0p010,fabrid_macro,0.866650213123098,0.0,0.014196100128905736,1.4196100128905735,0.0
0,false_positive_0p010,fabrid_cvar,0.8888534890158639,0.0,0.015345783581127228,1.5345783581127228,0.0
0,false_positive_0p010,fabrid_macro_finite_safe,0.7333218551190381,0.0,0.011979116166540018,1.1979116166540018,0.0
0,false_positive_0p010,fabrid_cvar_finite_safe,0.7555395470461412,0.0,0.011856277176989805,1.1856277176989805,0.0
0,false_positive_0p010,fabrid_macro_no_rate_minimization,0.8666594504944527,0.0,0.018133555885026038,1.8133555885026038,0.0
0,false_positive_0p010,common_rate_macro,0.99994876097548,0.9998416420693109,0.010034437105578562,1.0034437105578562,0.0
0,false_positive_0p010,eq_alert,0.9999713214600039,0.9998312073083844,0.017074588270326055,1.7074588270326054,0.0
0,false_positive_0p010,pooled_shared,0.9998988055587971,0.9996479004262244,0.008519363953237708,0.8519363953237707,0.0
0,false_positive_0p010,eq_fpr_matched_macro,0.888798742280887,0.0,0.005195153288875034,0.5195153288875034,0.0
0,false_positive_0p010,eq_fpr_matched_cvar,0.9999225788620847,0.9997537549416234,0.007783654924451536,0.7783654924451536,0.0
0,false_positive_0p020,eq_fpr,0.999989084878718,0.9999017639084606,0.02347234661855748,1.1736173309278741,0.0
0,false_positive_0p020,greedy,0.0,0.0,0.0,0.0,0.0
0,false_positive_0p020,fabrid_macro,0.8888564893275773,0.0,0.018032790512054156,0.9016395256027078,0.0
0,false_positive_0p020,fabrid_cvar,0.8888600528144672,0.0,0.01991429112845165,0.9957145564225824,0.0
0,false_positive_0p020,fabrid_macro_finite_safe,0.7777423314473854,0.0,0.016837985543644938,0.8418992771822469,0.0
0,false_positive_0p020,fabrid_cvar_finite_safe,0.7777443283882928,0.0,0.016338081917569008,0.8169040958784504,0.0
0,false_positive_0p020,fabrid_macro_no_rate_minimization,0.8888676793134634,0.0,0.022428695537993242,1.121434776899662,0.0
0,false_positive_0p020,common_rate_macro,0.999989084878718,0.9999017639084606,0.02347234661855748,1.1736173309278741,0.0
0,false_positive_0p020,eq_alert,0.9999799507890397,0.9998458928339937,0.02749183350939282,1.374591675469641,0.0
0,false_positive_0p020,pooled_shared,0.9999388365458972,0.9997421581186867,0.01698439907751797,0.8492199538758984,0.0
0,false_positive_0p020,eq_fpr_matched_macro,0.9999252850546019,0.99977331837242,0.008128550836889861,0.40642754184449303,0.0
0,false_positive_0p020,eq_fpr_matched_cvar,0.999955678765681,0.9998683423610559,0.011180399217988102,0.5590199608994051,0.0
1,false_positive_0p001,eq_fpr,0.42226016019283563,0.0,0.001040368102657485,1.040368102657485,0.0
1,false_positive_0p001,greedy,0.08888902018554844,0.0,0.00013976820705738588,0.13976820705738588,0.0
1,false_positive_0p001,fabrid_macro,0.46666266831154424,0.0,0.0012024812687614849,1.2024812687614848,0.0
1,false_positive_0p001,fabrid_cvar,0.46666266831154424,0.0,0.0012024812687614849,1.2024812687614848,0.0
1,false_positive_0p001,fabrid_macro_finite_safe,0.22225888491431117,0.0,0.0005872879705491634,0.5872879705491634,0.0
1,false_positive_0p001,fabrid_cvar_finite_safe,0.22225888491431117,0.0,0.0005872879705491634,0.5872879705491634,0.0
1,false_positive_0p001,fabrid_macro_no_rate_minimization,0.46666266831154424,0.0,0.0012024812687614849,1.2024812687614848,0.0
1,false_positive_0p001,common_rate_macro,0.42226016019283563,0.0,0.001040368102657485,1.040368102657485,0.0
1,false_positive_0p001,eq_alert,0.5333703899154009,0.0,0.0016302718559710035,1.6302718559710034,0.0
1,false_positive_0p001,pooled_shared,0.8888150131530387,0.6,0.0009586391726082496,0.9586391726082496,0.0
1,false_positive_0p001,eq_fpr_matched_macro,0.3111490490817245,0.0,0.0009430615885134184,0.9430615885134184,0.0
1,false_positive_0p001,eq_fpr_matched_cvar,0.3111490490817245,0.0,0.0009430615885134184,0.9430615885134184,0.0
1,false_positive_0p0025,eq_fpr,0.4444624836896801,0.0,0.0016756781347365118,0.6702712538946047,0.0
1,false_positive_0p0025,greedy,0.08888902018554844,0.0,0.00013976820705738588,0.05590728282295435,0.0
1,false_positive_0p0025,fabrid_macro,0.46666381229340914,0.0,0.001418486679668354,0.5673946718673416,0.0
1,false_positive_0p0025,fabrid_cvar,0.5110825017432287,0.0,0.00229878518408502,0.919514073634008,0.0
1,false_positive_0p0025,fabrid_macro_finite_safe,0.3111490490817245,0.0,0.0009430615885134184,0.3772246354053673,0.0
1,false_positive_0p0025,fabrid_cvar_finite_safe,0.35556066178906454,0.0,0.0014213340042988512,0.5685336017195405,0.0
1,false_positive_0p0025,fabrid_macro_no_rate_minimization,0.5777749234045202,0.0,0.002720519310673901,1.0882077242695603,0.0
1,false_positive_0p0025,common_rate_macro,0.4444624836896801,0.0,0.0016756781347365118,0.6702712538946047,0.0
1,false_positive_0p0025,eq_alert,0.5777749234045202,0.0,0.0027429487411270914,1.0971794964508366,0.0
1,false_positive_0p0025,pooled_shared,0.9110607271842213,0.6,0.002183842580410691,0.8735370321642764,0.0
1,false_positive_0p0025,eq_fpr_matched_macro,0.4444613209860975,0.0,0.0011166053065069681,0.44664212260278724,0.0
1,false_positive_0p0025,eq_fpr_matched_cvar,0.4444624836896801,0.0,0.0016375595328117702,0.655023813124708,0.0
1,false_positive_0p005,eq_fpr,0.8443701820983116,0.0,0.003964377463302552,0.7928754926605105,0.0
1,false_positive_0p005,greedy,0.08888902018554844,0.0,0.00013976820705738588,0.027953641411477177,0.0
1,false_positive_0p005,fabrid_macro,0.6222035268751642,0.0,0.004399068144335735,0.879813628867147,0.0
1,false_positive_0p005,fabrid_cvar,0.7333352978099825,0.0,0.005397585342601895,1.079517068520379,0.0
1,false_positive_0p005,fabrid_macro_finite_safe,0.5110848044930344,0.0,0.0037163250982634164,0.7432650196526833,0.0
1,false_positive_0p005,fabrid_cvar_finite_safe,0.6222080450107218,0.0,0.004598211986516293,0.9196423973032586,0.0
1,false_positive_0p005,fabrid_macro_no_rate_minimization,0.7555315642791943,0.0,0.012450484996333923,2.4900969992667847,0.0
1,false_positive_0p005,common_rate_macro,0.8443701820983116,0.0,0.003964377463302552,0.7928754926605105,0.0
1,false_positive_0p005,eq_alert,0.9777214445821892,0.8000520593213812,0.005939452817063775,1.187890563412755,0.0
1,false_positive_0p005,pooled_shared,0.9998845937370946,0.9996218534965351,0.0043552376234607375,0.8710475246921475,0.0
1,false_positive_0p005,eq_fpr_matched_macro,0.5777662107514069,0.0,0.0021439311906587153,0.42878623813174305,0.0
1,false_positive_0p005,eq_fpr_matched_cvar,0.6221794487196491,0.0,0.0029751715362207713,0.5950343072441543,0.0
1,false_positive_0p010,eq_fpr,0.999949297494984,0.9998416420693109,0.009643468390754757,0.9643468390754757,0.0
1,false_positive_0p010,greedy,0.08888902018554844,0.0,0.00013976820705738588,0.013976820705738588,0.0
1,false_positive_0p010,fabrid_macro,0.7777435506812822,0.0,0.01351891948498769,1.351891948498769,0.0
1,false_positive_0p010,fabrid_cvar,0.8666521140948832,0.0,0.015161847420460466,1.5161847420460466,0.0
1,false_positive_0p010,fabrid_macro_finite_safe,0.6444167898424211,0.0,0.012819660277622864,1.2819660277622864,0.0
1,false_positive_0p010,fabrid_cvar_finite_safe,0.7555391242743542,0.0,0.012162825140523971,1.2162825140523972,0.0
1,false_positive_0p010,fabrid_macro_no_rate_minimization,0.8888616025349998,0.0,0.017672123704057026,1.7672123704057026,0.0
1,false_positive_0p010,common_rate_macro,0.999949297494984,0.9998416420693109,0.009643468390754757,0.9643468390754757,0.0
1,false_positive_0p010,eq_alert,0.9999705870387172,0.9998323889783203,0.016869216948996537,1.6869216948996537,0.0
1,false_positive_0p010,pooled_shared,0.9999035598102378,0.9996430837239737,0.007936301913987077,0.7936301913987076,0.0
1,false_positive_0p010,eq_fpr_matched_macro,0.8888004876278708,0.0,0.005014693616133703,0.5014693616133703,0.0
1,false_positive_0p010,eq_fpr_matched_cvar,0.888817990293961,0.0,0.007125511973452172,0.7125511973452172,0.0
1,false_positive_0p020,eq_fpr,0.9999885208388756,0.999897881907734,0.022114305802516956,1.1057152901258478,0.0
1,false_positive_0p020,greedy,0.08888902018554844,0.0,0.00013976820705738588,0.006988410352869294,0.0
1,false_positive_0p020,fabrid_macro,0.8888541123498442,0.0,0.017597331761528865,0.8798665880764432,0.0
1,false_positive_0p020,fabrid_cvar,0.8888593410651765,0.0,0.019553072038936376,0.9776536019468188,0.0
1,false_positive_0p020,fabrid_macro_finite_safe,0.7555410839885088,0.0,0.016275700282626024,0.8137850141313012,0.0
1,false_positive_0p020,fabrid_cvar_finite_safe,0.755543349593195,0.0,0.01600373535783408,0.800186767891704,0.0
1,false_positive_0p020,fabrid_macro_no_rate_minimization,0.8888658697267231,0.0,0.021749277240068858,1.087463862003443,0.0
1,false_positive_0p020,common_rate_macro,0.9999885208388756,0.999897881907734,0.022114305802516956,1.1057152901258478,0.0
1,false_positive_0p020,eq_alert,0.9999772494007052,0.9998447111640578,0.02662022786023884,1.3310113930119418,0.0
1,false_positive_0p020,pooled_shared,0.9999406519760241,0.9997350813762071,0.01631925216015512,0.815962608007756,0.0
1,false_positive_0p020,eq_fpr_matched_macro,0.9999246950786576,0.9997563116036456,0.007607725819681549,0.38038629098407745,0.0
1,false_positive_0p020,eq_fpr_matched_cvar,0.9999554966342549,0.9998658105257249,0.010782844709580105,0.5391422354790052,0.0
2,false_positive_0p001,eq_fpr,0.4222607971566806,0.0,0.0010565685169563273,1.0565685169563273,0.0
2,false_positive_0p001,greedy,0.0,0.0,0.0,0.0,0.0
2,false_positive_0p001,fabrid_macro,0.3777755650393157,0.0,0.0010301959823127067,1.0301959823127067,0.0
2,false_positive_0p001,fabrid_cvar,0.3777755650393157,0.0,0.0010301959823127067,1.0301959823127067,0.0
2,false_positive_0p001,fabrid_macro_finite_safe,0.22226053456336153,0.0,0.000580356486262418,0.580356486262418,0.0
2,false_positive_0p001,fabrid_cvar_finite_safe,0.22226053456336153,0.0,0.000580356486262418,0.580356486262418,0.0
2,false_positive_0p001,fabrid_macro_no_rate_minimization,0.3777755650393157,0.0,0.0010301959823127067,1.0301959823127067,0.0
2,false_positive_0p001,common_rate_macro,0.4222607971566806,0.0,0.0010565685169563273,1.0565685169563273,0.0
2,false_positive_0p001,eq_alert,0.5333716456744726,0.0,0.0014219445859453422,1.4219445859453421,0.0
2,false_positive_0p001,pooled_shared,0.8888099974055995,0.6,0.0009803005706505014,0.9803005706505014,0.0
2,false_positive_0p001,eq_fpr_matched_macro,0.3111496860455695,0.0,0.0009488363048682535,0.9488363048682534,0.0
2,false_positive_0p001,eq_fpr_matched_cvar,0.3111496860455695,0.0,0.0009488363048682535,0.9488363048682534,0.0
2,false_positive_0p0025,eq_fpr,0.4444626518766756,0.0,0.0018697653580174813,0.7479061432069926,0.0
2,false_positive_0p0025,greedy,0.0,0.0,0.0,0.0,0.0
2,false_positive_0p0025,fabrid_macro,0.46666471652152364,0.0,0.0013986758009185423,0.5594703203674168,0.0
2,false_positive_0p0025,fabrid_cvar,0.46666712189994985,0.0,0.0019328433144735792,0.7731373257894316,0.0
2,false_positive_0p0025,fabrid_macro_finite_safe,0.3111496860455695,0.0,0.0009488363048682535,0.37953452194730136,0.0
2,false_positive_0p0025,fabrid_cvar_finite_safe,0.35555601078883875,0.0,0.0018251111023855056,0.7300444409542022,0.0
2,false_positive_0p0025,fabrid_macro_no_rate_minimization,0.5777758276326348,0.0,0.0027685668100872443,1.1074267240348976,0.0
2,false_positive_0p0025,common_rate_macro,0.4444626518766756,0.0,0.0018697653580174813,0.7479061432069926,0.0
2,false_positive_0p0025,eq_alert,0.5777758276326348,0.0,0.002748641975599714,1.0994567902398855,0.0
2,false_positive_0p0025,pooled_shared,0.9110668155210954,0.6,0.0020473598576138128,0.8189439430455251,0.0
2,false_positive_0p0025,eq_fpr_matched_macro,0.4444615266165284,0.0,0.0011328057208058104,0.45312228832232415,0.0
2,false_positive_0p0025,eq_fpr_matched_cvar,0.4444615266165284,0.0,0.0011328057208058104,0.45312228832232415,0.0
2,false_positive_0p005,eq_fpr,0.8443694846139285,0.0,0.003974627575846539,0.7949255151693079,0.0
2,false_positive_0p005,greedy,0.0,0.0,0.0,0.0,0.0
2,false_positive_0p005,fabrid_macro,0.6222139226236566,0.0,0.004673065818875767,0.9346131637751535,0.0
2,false_positive_0p005,fabrid_cvar,0.7333332350483794,0.0,0.005649709514509309,1.1299419029018616,0.0
2,false_positive_0p005,fabrid_macro_finite_safe,0.5110917973042293,0.0,0.003944458892352559,0.7888917784705117,0.0
2,false_positive_0p005,fabrid_cvar_finite_safe,0.6221995709292698,0.0,0.00435365262302188,0.870730524604376,0.0
2,false_positive_0p005,fabrid_macro_no_rate_minimization,0.7555336208467182,0.0,0.012402865058217447,2.4805730116434894,0.0
2,false_positive_0p005,common_rate_macro,0.8443694846139285,0.0,0.003974627575846539,0.7949255151693079,0.0
2,false_positive_0p005,eq_alert,0.9777190398397523,0.8000546520850522,0.00668669310384,1.3373386207679998,0.0
2,false_positive_0p005,pooled_shared,0.9998880581805533,0.9996218534965351,0.004135955776249507,0.8271911552499013,0.0
2,false_positive_0p005,eq_fpr_matched_macro,0.577765116438047,0.0,0.002248937047336532,0.44978740946730644,0.0
2,false_positive_0p005,eq_fpr_matched_cvar,0.6221816465063612,0.0,0.0030735272525252255,0.6147054505050451,0.0
2,false_positive_0p010,eq_fpr,0.9999497472939205,0.9998416420693109,0.009924235387649043,0.9924235387649043,0.0
2,false_positive_0p010,greedy,0.0,0.0,0.0,0.0,0.0
2,false_positive_0p010,fabrid_macro,0.8666485191756071,0.0,0.014248795934554137,1.4248795934554137,0.0
2,false_positive_0p010,fabrid_cvar,0.7555450676210786,0.0,0.014102290568756096,1.4102290568756095,0.0
2,false_positive_0p010,fabrid_macro_finite_safe,0.7333196677202338,0.0,0.01039182550459002,1.039182550459002,0.0
2,false_positive_0p010,fabrid_cvar_finite_safe,0.644431522886936,0.0,0.011049880792269751,1.104988079226975,0.0
2,false_positive_0p010,fabrid_macro_no_rate_minimization,0.8888620373873071,0.0,0.018849088445550225,1.8849088445550224,0.0
2,false_positive_0p010,common_rate_macro,0.9999497472939205,0.9998416420693109,0.009924235387649043,0.9924235387649043,0.0
2,false_positive_0p010,eq_alert,0.999970526213008,0.9998244564814082,0.017274814781044753,1.7274814781044752,0.0
2,false_positive_0p010,pooled_shared,0.9999078148978566,0.9996430837239737,0.008372874654643684,0.8372874654643684,0.0
2,false_positive_0p010,eq_fpr_matched_macro,0.8888007547694898,0.0,0.005168311757559275,0.5168311757559275,0.0
2,false_positive_0p010,eq_fpr_matched_cvar,0.8888211090936635,0.0,0.00772101047146811,0.7721010471468109,0.0
2,false_positive_0p020,eq_fpr,0.9999885222486442,0.9998967002377981,0.022383452492808317,1.119172624640416,0.0
2,false_positive_0p020,greedy,0.0,0.0,0.0,0.0,0.0
2,false_positive_0p020,fabrid_macro,0.8888537757471053,0.0,0.017835747702912276,0.8917873851456137,0.0
2,false_positive_0p020,fabrid_cvar,0.888859407219006,0.0,0.018877170123640458,0.9438585061820228,0.0
2,false_positive_0p020,fabrid_macro_finite_safe,0.7555397269802736,0.0,0.015552144917087715,0.7776072458543858,0.0
2,false_positive_0p020,fabrid_cvar_finite_safe,0.7555440385241426,0.0,0.014103820413528338,0.7051910206764169,0.0
2,false_positive_0p020,fabrid_macro_no_rate_minimization,0.8888669573546875,0.0,0.02167701376647294,1.083850688323647,0.0
2,false_positive_0p020,common_rate_macro,0.9999885222486442,0.9998967002377981,0.022383452492808317,1.119172624640416,0.0
2,false_positive_0p020,eq_alert,0.9999777802264178,0.9998447111640578,0.026946981841697158,1.3473490920848579,0.0
2,false_positive_0p020,pooled_shared,0.9999427007618462,0.9997350813762071,0.01694853307973083,0.8474266539865416,0.0
2,false_positive_0p020,eq_fpr_matched_macro,0.9999302091874122,0.9997707617103979,0.008669518250532615,0.43347591252663076,0.0
2,false_positive_0p020,eq_fpr_matched_cvar,0.9999560650513337,0.9998658105257249,0.010765392922686747,0.5382696461343374,0.0
3,false_positive_0p001,eq_fpr,0.31114818820970425,0.0,0.0009228513694459762,0.9228513694459762,0.0
3,false_positive_0p001,greedy,0.08888888888888889,0.0,0.000012706200641580534,0.012706200641580534,0.0
3,false_positive_0p001,fabrid_macro,0.3555518339995652,0.0,0.0009091850354439362,0.9091850354439361,0.0
3,false_positive_0p001,fabrid_cvar,0.3555518339995652,0.0,0.0009091850354439362,0.9091850354439361,0.0
3,false_positive_0p001,fabrid_macro_finite_safe,0.22225929932081534,0.0,0.0005543715508401408,0.5543715508401408,0.0
3,false_positive_0p001,fabrid_cvar_finite_safe,0.22225929932081534,0.0,0.0005543715508401408,0.5543715508401408,0.0
3,false_positive_0p001,fabrid_macro_no_rate_minimization,0.3555518339995652,0.0,0.0009091850354439362,0.9091850354439361,0.0
3,false_positive_0p001,common_rate_macro,0.31114818820970425,0.0,0.0009228513694459762,0.9228513694459762,0.0
3,false_positive_0p001,eq_alert,0.5333704104319265,0.0,0.0013639566168510888,1.3639566168510888,0.0
3,false_positive_0p001,pooled_shared,0.8888143363639137,0.6,0.0009553583277803475,0.9553583277803475,0.0
3,false_positive_0p001,eq_fpr_matched_macro,0.31114818820970425,0.0,0.0009228513694459762,0.9228513694459762,0.0
3,false_positive_0p001,eq_fpr_matched_cvar,0.31114818820970425,0.0,0.0009228513694459762,0.9228513694459762,0.0
3,false_positive_0p0025,eq_fpr,0.4444623729095461,0.0,0.001535356374549269,0.6141425498197076,0.0
3,false_positive_0p0025,greedy,0.08888888888888889,0.0,0.000012706200641580534,0.005082480256632213,0.0
3,false_positive_0p0025,fabrid_macro,0.3555518339995652,0.0,0.001264958653408191,0.5059834613632764,0.0
3,false_positive_0p0025,fabrid_cvar,0.39997109159650074,0.0,0.0022215034849790566,0.8886013939916226,0.0
3,false_positive_0p0025,fabrid_macro_finite_safe,0.31114818820970425,0.0,0.0009228513694459762,0.3691405477783905,0.0
3,false_positive_0p0025,fabrid_cvar_finite_safe,0.35556033610618326,0.0,0.0015120275338193355,0.6048110135277341,0.0
3,false_positive_0p0025,fabrid_macro_no_rate_minimization,0.4666629451106763,0.0,0.0025754735816841323,1.030189432673653,0.0
3,false_positive_0p0025,common_rate_macro,0.4444623729095461,0.0,0.001535356374549269,0.6141425498197076,0.0
3,false_positive_0p0025,eq_alert,0.5777740562217875,0.0,0.0025503017781087402,1.020120711243496,0.0
3,false_positive_0p0025,pooled_shared,0.9110695901170541,0.6,0.0020955643486910676,0.838225739476427,0.0
3,false_positive_0p0025,eq_fpr_matched_macro,0.33334904896621154,0.0,0.0011134443790696842,0.4453777516278737,0.0
3,false_positive_0p0025,eq_fpr_matched_cvar,0.44446147279928255,0.0,0.0014972377726245275,0.598895109049811,0.0
3,false_positive_0p005,eq_fpr,0.8443680735999091,0.0,0.003556964314169466,0.7113928628338932,0.0
3,false_positive_0p005,greedy,0.08888888888888889,0.0,0.000012706200641580534,0.0025412401283161066,0.0
3,false_positive_0p005,fabrid_macro,0.5110986139503846,0.0,0.004475221680837347,0.8950443361674694,0.0
3,false_positive_0p005,fabrid_cvar,0.6222181043568433,0.0,0.005796934266274727,1.1593868532549454,0.0
3,false_positive_0p005,fabrid_macro_finite_safe,0.5110883141854357,0.0,0.004001828420164921,0.8003656840329841,0.0
3,false_positive_0p005,fabrid_cvar_finite_safe,0.6222014220682088,0.0,0.004876081150382125,0.975216230076425,0.0
3,false_positive_0p005,fabrid_macro_no_rate_minimization,0.6444215152168804,0.0,0.012266958982879852,2.4533917965759704,0.0
3,false_positive_0p005,common_rate_macro,0.8443680735999091,0.0,0.003556964314169466,0.7113928628338932,0.0
3,false_positive_0p005,eq_alert,0.9777173850948773,0.80004588348415,0.006189756009843071,1.237951201968614,0.0
3,false_positive_0p005,pooled_shared,0.9998899046119235,0.9996218534965351,0.004415772545077109,0.8831545090154219,0.0
3,false_positive_0p005,eq_fpr_matched_macro,0.5777637533685787,0.0,0.001920887014015949,0.3841774028031898,0.0
3,false_positive_0p005,eq_fpr_matched_cvar,0.6221821947062737,0.0,0.0028880679083569095,0.5776135816713819,0.0
3,false_positive_0p010,eq_fpr,0.9999506767643719,0.9998416420693109,0.009902148934548684,0.9902148934548685,0.0
3,false_positive_0p010,greedy,0.08888888888888889,0.0,0.000012706200641580534,0.0012706200641580533,0.0
3,false_positive_0p010,fabrid_macro,0.7555369078534748,0.0,0.013511583421886943,1.3511583421886941,0.0
3,false_positive_0p010,fabrid_cvar,0.7777439743193589,0.0,0.01558837603824481,1.5588376038244809,0.0
3,false_positive_0p010,fabrid_macro_finite_safe,0.62222310478997,0.0,0.012579134731032447,1.2579134731032446,0.0
3,false_positive_0p010,fabrid_cvar_finite_safe,0.755538960022971,0.0,0.01145168888933407,1.1451688889334068,0.0
3,false_positive_0p010,fabrid_macro_no_rate_minimization,0.7777521709022399,0.0,0.018695562467141644,1.8695562467141644,0.0
3,false_positive_0p010,common_rate_macro,0.9999506767643719,0.9998416420693109,0.009902148934548684,0.9902148934548685,0.0
3,false_positive_0p010,eq_alert,0.9999717273230243,0.9998276622985764,0.016957762092063892,1.6957762092063893,0.0
3,false_positive_0p010,pooled_shared,0.9999055962469695,0.9996430837239737,0.008212173455388296,0.8212173455388296,0.0
3,false_positive_0p010,eq_fpr_matched_macro,0.8888019992031331,0.0,0.005109109895196592,0.5109109895196592,0.0
3,false_positive_0p010,eq_fpr_matched_cvar,0.999924849064128,0.9997537549416234,0.007685910862011081,0.768591086201108,0.0
3,false_positive_0p020,eq_fpr,0.999988372230267,0.9998953500724028,0.022213129339279467,1.1106564669639734,0.0
3,false_positive_0p020,greedy,0.08888888888888889,0.0,0.000012706200641580534,0.0006353100320790267,0.0
3,false_positive_0p020,fabrid_macro,0.7777449287061371,0.0,0.01756367431904488,0.8781837159522439,0.0
3,false_positive_0p020,fabrid_cvar,0.7777505362851554,0.0,0.01945941518836861,0.9729707594184305,0.0
3,false_positive_0p020,fabrid_macro_finite_safe,0.7777412363004973,0.0,0.01618172244649747,0.8090861223248735,0.0
3,false_positive_0p020,fabrid_cvar_finite_safe,0.7777456585722536,0.0,0.016542254788163492,0.8271127394081745,0.0
3,false_positive_0p020,fabrid_macro_no_rate_minimization,0.7777570892709695,0.0,0.02199925124550995,1.0999625622754974,0.0
3,false_positive_0p020,common_rate_macro,0.999988372230267,0.9998953500724028,0.022213129339279467,1.1106564669639734,0.0
3,false_positive_0p020,eq_alert,0.9999783466390271,0.9998398159888546,0.026527320818517202,1.32636604092586,0.0
3,false_positive_0p020,pooled_shared,0.9999391190872802,0.9997350813762071,0.01681030263341315,0.8405151316706575,0.0
3,false_positive_0p020,eq_fpr_matched_macro,0.9999284955303863,0.99977331837242,0.00819564404922758,0.40978220246137903,0.0
3,false_positive_0p020,eq_fpr_matched_cvar,0.9999583381996773,0.9998658105257249,0.011211388234303296,0.5605694117151648,0.0
4,false_positive_0p001,eq_fpr,0.4222617198553311,0.0,0.0010398335305368874,1.0398335305368873,0.0
4,false_positive_0p001,greedy,0.08888915148220798,0.0,0.000012706200641580534,0.012706200641580534,0.0
4,false_positive_0p001,fabrid_macro,0.46666496708426297,0.0,0.0010074591137184913,1.0074591137184912,0.0
4,false_positive_0p001,fabrid_cvar,0.46666496708426297,0.0,0.0010074591137184913,1.0074591137184912,0.0
4,false_positive_0p001,fabrid_macro_finite_safe,0.22226132596535247,0.0,0.0005474400665533953,0.5474400665533953,0.0
4,false_positive_0p001,fabrid_cvar_finite_safe,0.22226132596535247,0.0,0.0005474400665533953,0.5474400665533953,0.0
4,false_positive_0p001,fabrid_macro_no_rate_minimization,0.46666496708426297,0.0,0.0010074591137184913,1.0074591137184912,0.0
4,false_positive_0p001,common_rate_macro,0.4222617198553311,0.0,0.0010398335305368874,1.0398335305368873,0.0
4,false_positive_0p001,eq_alert,0.5333728309664423,0.0,0.0014509066206217546,1.4509066206217545,0.0
4,false_positive_0p001,pooled_shared,0.8888180800016847,0.6,0.000986760890552218,0.986760890552218,0.0
4,false_positive_0p001,eq_fpr_matched_macro,0.31115060874422,0.0,0.0009286260858008113,0.9286260858008113,0.0
4,false_positive_0p001,eq_fpr_matched_cvar,0.31115060874422,0.0,0.0009286260858008113,0.9286260858008113,0.0
4,false_positive_0p0025,eq_fpr,0.4444647934440618,0.0,0.0018657365722396222,0.7462946288958489,0.0
4,false_positive_0p0025,greedy,0.08888915148220798,0.0,0.000012706200641580534,0.005082480256632213,0.0
4,false_positive_0p0025,fabrid_macro,0.46666509838092257,0.0,0.0013759389323243266,0.5503755729297306,0.0
4,false_positive_0p0025,fabrid_cvar,0.511083787830742,0.0,0.0023532782167554286,0.9413112867021715,0.0
4,false_positive_0p0025,fabrid_macro_finite_safe,0.31115060874422,0.0,0.0009286260858008113,0.37145043432032454,0.0
4,false_positive_0p0025,fabrid_cvar_finite_safe,0.35556193737800207,0.0,0.0015108707658874252,0.60434830635497,0.0
4,false_positive_0p0025,fabrid_macro_no_rate_minimization,0.5777762094920337,0.0,0.002673730414694676,1.0694921658778704,0.0
4,false_positive_0p0025,common_rate_macro,0.4444647934440618,0.0,0.0018657365722396222,0.7462946288958489,0.0
4,false_positive_0p0025,eq_alert,0.5777762094920337,0.0,0.0024883435620232028,0.9953374248092811,0.0
4,false_positive_0p0025,pooled_shared,0.911070113966889,0.6,0.002079575326227278,0.8318301304909111,0.0
4,false_positive_0p0025,eq_fpr_matched_macro,0.4444624493151789,0.0,0.00110336453374479,0.441345813497916,0.0
4,false_positive_0p0025,eq_fpr_matched_cvar,0.4444647934440618,0.0,0.001853030371598042,0.7412121486392168,0.0
4,false_positive_0p005,eq_fpr,0.8443685029114562,0.0,0.0037651280727990714,0.7530256145598143,0.0
4,false_positive_0p005,greedy,0.08888915148220798,0.0,0.000012706200641580534,0.0025412401283161066,0.0
4,false_positive_0p005,fabrid_macro,0.6888905288292554,0.0,0.004435062889765883,0.8870125779531767,0.0
4,false_positive_0p005,fabrid_cvar,0.7555336806582674,0.0,0.006308974756820188,1.2617949513640376,0.0
4,false_positive_0p005,fabrid_macro_finite_safe,0.5777741204899287,0.0,0.003431116470697563,0.6862232941395126,0.0
4,false_positive_0p005,fabrid_cvar_finite_safe,0.6443951261153898,0.0,0.004543218471112713,0.9086436942225425,0.0
4,false_positive_0p005,fabrid_macro_no_rate_minimization,0.7777331866403324,0.0,0.012547486893823437,2.5094973787646873,0.0
4,false_positive_0p005,common_rate_macro,0.8443685029114562,0.0,0.0037651280727990714,0.7530256145598143,0.0
4,false_positive_0p005,eq_alert,0.9777213255080187,0.8000642368778099,0.0066552803803115995,1.3310560760623198,0.0
4,false_positive_0p005,pooled_shared,0.9998869004492157,0.9996218534965351,0.004209452804338444,0.8418905608676888,0.0
4,false_positive_0p005,eq_fpr_matched_macro,0.5777666063501793,0.0,0.002332807237752365,0.466561447550473,0.0
4,false_positive_0p005,eq_fpr_matched_cvar,0.7332771795833817,0.0,0.0034147760021867716,0.6829552004373544,0.0
4,false_positive_0p010,eq_fpr,0.999948991638003,0.9998416420693109,0.009859711384465066,0.9859711384465065,0.0
4,false_positive_0p010,greedy,0.08888915148220798,0.0,0.000012706200641580534,0.0012706200641580533,0.0
4,false_positive_0p010,fabrid_macro,0.7777447562977594,0.0,0.013997669684025868,1.3997669684025869,0.0
4,false_positive_0p010,fabrid_cvar,0.8666529265596223,0.0,0.015620709901110379,1.562070990111038,0.0
4,false_positive_0p010,fabrid_macro_finite_safe,0.64442756397903,0.0,0.012961601916035006,1.2961601916035006,0.0
4,false_positive_0p010,fabrid_cvar_finite_safe,0.7555402016809931,0.0,0.013230202454194078,1.3230202454194078,0.0
4,false_positive_0p010,fabrid_macro_no_rate_minimization,0.8888616554279144,0.0,0.01856494542993809,1.8564945429938091,0.0
4,false_positive_0p010,common_rate_macro,0.999948991638003,0.9998416420693109,0.009859711384465066,0.9859711384465065,0.0
4,false_positive_0p010,eq_alert,0.9999700714949178,0.9998337391437155,0.01701870800554216,1.701870800554216,0.0
4,false_positive_0p010,pooled_shared,0.9999046452575931,0.9996430837239737,0.008310760102242623,0.8310760102242623,0.0
4,false_positive_0p010,eq_fpr_matched_macro,0.8888026482811602,0.0,0.005137260463792869,0.5137260463792869,0.0
4,false_positive_0p010,eq_fpr_matched_cvar,0.8888164571604966,0.0,0.006830138577957385,0.6830138577957385,0.0
4,false_positive_0p020,eq_fpr,0.9999885206499933,0.999897881907734,0.02241147357095787,1.1205736785478935,0.0
4,false_positive_0p020,greedy,0.08888915148220798,0.0,0.000012706200641580534,0.0006353100320790267,0.0
4,false_positive_0p020,fabrid_macro,0.8888550683243893,0.0,0.017416153649875473,0.8708076824937736,0.0
4,false_positive_0p020,fabrid_cvar,0.8888596138228647,0.0,0.01896538204319323,0.9482691021596614,0.0
4,false_positive_0p020,fabrid_macro_finite_safe,0.7555405049624557,0.0,0.014057452520083278,0.7028726260041639,0.0
4,false_positive_0p020,fabrid_cvar_finite_safe,0.7555444305947983,0.0,0.015421578291423772,0.7710789145711886,0.0
4,false_positive_0p020,fabrid_macro_no_rate_minimization,0.8888660522385577,0.0,0.02162293834377957,1.0811469171889785,0.0
4,false_positive_0p020,common_rate_macro,0.9999885206499933,0.999897881907734,0.02241147357095787,1.1205736785478935,0.0
4,false_positive_0p020,eq_alert,0.9999783790681186,0.9998447111640578,0.026646133877945538,1.332306693897277,0.0
4,false_positive_0p020,pooled_shared,0.9999416219423279,0.9997277080119342,0.01716233382368354,0.858116691184177,0.0
4,false_positive_0p020,eq_fpr_matched_macro,0.9999254788077651,0.9997537549416234,0.007570862741112567,0.37854313705562836,0.0
4,false_positive_0p020,eq_fpr_matched_cvar,0.9999560860845101,0.9998732375362591,0.010977405452280646,0.5488702726140323,0.0
5,false_positive_0p001,eq_fpr,0.3111464236855832,0.0,0.0009494205386610475,0.9494205386610475,0.0
5,false_positive_0p001,greedy,0.0,0.0,0.0,0.0,0.0
5,false_positive_0p001,fabrid_macro,0.26666282060340574,0.0,0.0009343493320749491,0.9343493320749491,0.0
5,false_positive_0p001,fabrid_cvar,0.26666282060340574,0.0,0.0009343493320749491,0.9343493320749491,0.0
5,false_positive_0p001,fabrid_macro_finite_safe,0.22225620335301677,0.0,0.0005682345194136315,0.5682345194136315,0.0
5,false_positive_0p001,fabrid_cvar_finite_safe,0.22225620335301677,0.0,0.0005682345194136315,0.5682345194136315,0.0
5,false_positive_0p001,fabrid_macro_no_rate_minimization,0.26666282060340574,0.0,0.0009343493320749491,0.9343493320749491,0.0
5,false_positive_0p001,common_rate_macro,0.3111464236855832,0.0,0.0009494205386610475,0.9494205386610475,0.0
5,false_positive_0p001,eq_alert,0.5333675957791647,0.0,0.0014622192297845077,1.4622192297845076,0.0
5,false_positive_0p001,pooled_shared,0.8888151578948102,0.6,0.0009851259530784928,0.9851259530784927,0.0
5,false_positive_0p001,eq_fpr_matched_macro,0.3111464236855832,0.0,0.0009494205386610475,0.9494205386610475,0.0
5,false_positive_0p001,eq_fpr_matched_cvar,0.3111464236855832,0.0,0.0009494205386610475,0.9494205386610475,0.0
5,false_positive_0p0025,eq_fpr,0.44445940823840707,0.0,0.0017410070826968968,0.6964028330787587,0.0
5,false_positive_0p0025,greedy,0.0,0.0,0.0,0.0,0.0
5,false_positive_0p0025,fabrid_macro,0.3555530409359722,0.0,0.0013155353513223651,0.526214140528946,0.0
5,false_positive_0p0025,fabrid_cvar,0.39997428704781385,0.0,0.0022374227614595037,0.8949691045838015,0.0
5,false_positive_0p0025,fabrid_macro_finite_safe,0.3111464236855832,0.0,0.0009494205386610475,0.37976821546441897,0.0
5,false_positive_0p0025,fabrid_cvar_finite_safe,0.3555580363929233,0.0,0.0014276929544464803,0.5710771817785921,0.0
5,false_positive_0p0025,fabrid_macro_no_rate_minimization,0.46666415204708334,0.0,0.0026684617659502785,1.0673847063801114,0.0
5,false_positive_0p0025,common_rate_macro,0.44445940823840707,0.0,0.0017410070826968968,0.6964028330787587,0.0
5,false_positive_0p0025,eq_alert,0.5777752631581944,0.0,0.0025545801883237167,1.0218320753294867,0.0
5,false_positive_0p0025,pooled_shared,0.911065867612427,0.6,0.002183422053471838,0.8733688213887352,0.0
5,false_positive_0p0025,eq_fpr_matched_macro,0.3333477344972224,0.0,0.001127307347643175,0.45092293905727,0.0
5,false_positive_0p0025,eq_fpr_matched_cvar,0.44445940823840707,0.0,0.0016520636782058331,0.6608254712823333,0.0
5,false_positive_0p005,eq_fpr,0.8443644102898217,0.0,0.003880103050387635,0.776020610077527,0.0
5,false_positive_0p005,greedy,0.0,0.0,0.0,0.0,0.0
5,false_positive_0p005,fabrid_macro,0.5111035959808781,0.0,0.004593755227599037,0.9187510455198075,0.0
5,false_positive_0p005,fabrid_cvar,0.622219235310919,0.0,0.00581761335874052,1.163522671748104,0.0
5,false_positive_0p005,fabrid_macro_finite_safe,0.5110982111315113,0.0,0.004290967289239808,0.8581934578479616,0.0
5,false_positive_0p005,fabrid_cvar_finite_safe,0.6222049187805311,0.0,0.00524166097732399,1.048332195464798,0.0
5,false_positive_0p005,fabrid_macro_no_rate_minimization,0.7555281429890657,0.0,0.012619686429800601,2.52393728596012,0.0
5,false_positive_0p005,common_rate_macro,0.8443644102898217,0.0,0.003880103050387635,0.776020610077527,0.0
5,false_positive_0p005,eq_alert,0.9777209998860843,0.8000472818899672,0.0065727300914229705,1.314546018284594,0.0
5,false_positive_0p005,pooled_shared,0.9998836127486954,0.9996218534965351,0.004158900759684743,0.8317801519369487,0.0
5,false_positive_0p005,eq_fpr_matched_macro,0.5777622429885212,0.0,0.0023563276441044088,0.47126552882088174,0.0
5,false_positive_0p005,eq_fpr_matched_cvar,0.6221772148509371,0.0,0.0032082867851360997,0.6416573570272199,0.0
5,false_positive_0p010,eq_fpr,0.9999479043779493,0.9998416420693109,0.009687796731469954,0.9687796731469954,0.0
5,false_positive_0p010,greedy,0.0,0.0,0.0,0.0,0.0
5,false_positive_0p010,fabrid_macro,0.7555370297891485,0.0,0.014180175126442185,1.4180175126442185,0.0
5,false_positive_0p010,fabrid_cvar,0.7555403427731604,0.0,0.015167205184245231,1.5167205184245232,0.0
5,false_positive_0p010,fabrid_macro_finite_safe,0.7333201883854463,0.0,0.012459650428154764,1.2459650428154765,0.0
5,false_positive_0p010,fabrid_cvar_finite_safe,0.7555375415473823,0.0,0.010524379599953868,1.0524379599953868,0.0
5,false_positive_0p010,fabrid_macro_no_rate_minimization,0.7777492067191812,0.0,0.018457627942426644,1.8457627942426644,0.0
5,false_positive_0p010,common_rate_macro,0.9999479043779493,0.9998416420693109,0.009687796731469954,0.9687796731469954,0.0
5,false_positive_0p010,eq_alert,0.9999689938666866,0.9998300256384484,0.01714395117612075,1.714395117612075,0.0
5,false_positive_0p010,pooled_shared,0.9999027040182471,0.9996430837239737,0.008295000169226576,0.8295000169226575,0.0
5,false_positive_0p010,eq_fpr_matched_macro,0.8888007229407762,0.0,0.0054887898986873875,0.5488789898687387,0.0
5,false_positive_0p010,eq_fpr_matched_cvar,0.8888183105079908,0.0,0.0074195243921879725,0.7419524392187973,0.0
5,false_positive_0p020,eq_fpr,0.999988389542216,0.9998967002377981,0.021777258652038806,1.0888629326019403,0.0
5,false_positive_0p020,greedy,0.0,0.0,0.0,0.0,0.0
5,false_positive_0p020,fabrid_macro,0.7777447146307046,0.0,0.017779106265640617,0.8889553132820308,0.0
5,false_positive_0p020,fabrid_cvar,0.7777481693040488,0.0,0.019270708454928162,0.9635354227464081,0.0
5,false_positive_0p020,fabrid_macro_finite_safe,0.7777396263441275,0.0,0.016270645045523304,0.8135322522761652,0.0
5,false_positive_0p020,fabrid_cvar_finite_safe,0.7777445521774555,0.0,0.016002922184378578,0.8001461092189288,0.0
5,false_positive_0p020,fabrid_macro_no_rate_minimization,0.7777540074575273,0.0,0.021636823898889646,1.0818411949444824,0.0
5,false_positive_0p020,common_rate_macro,0.999988389542216,0.9998967002377981,0.021777258652038806,1.0888629326019403,0.0
5,false_positive_0p020,eq_alert,0.9999766732310006,0.9998447111640578,0.02718101547844335,1.3590507739221676,0.0
5,false_positive_0p020,pooled_shared,0.999941613449161,0.9997302646739563,0.01690781165098124,0.845390582549062,0.0
5,false_positive_0p020,eq_fpr_matched_macro,0.9999299588130537,0.9997912150065744,0.008286319757291603,0.4143159878645801,0.0
5,false_positive_0p020,eq_fpr_matched_cvar,0.999954485312132,0.999864628855789,0.010995066389207438,0.5497533194603719,0.0
6,false_positive_0p001,eq_fpr,0.3111353774100633,0.0,0.0009101451688043956,0.9101451688043956,0.0
6,false_positive_0p001,greedy,0.08888888888888889,0.0,0.000012706200641580534,0.012706200641580534,0.0
6,false_positive_0p001,fabrid_macro,0.35554951084186687,0.0,0.0009271906819682632,0.9271906819682632,0.0
6,false_positive_0p001,fabrid_cvar,0.35554951084186687,0.0,0.0009271906819682632,0.9271906819682632,0.0
6,false_positive_0p001,fabrid_macro_finite_safe,0.22224635722451488,0.0,0.0005543715508401408,0.5543715508401408,0.0
6,false_positive_0p001,fabrid_cvar_finite_safe,0.22224635722451488,0.0,0.0005543715508401408,0.5543715508401408,0.0
6,false_positive_0p001,fabrid_macro_no_rate_minimization,0.35554951084186687,0.0,0.0009271906819682632,0.9271906819682632,0.0
6,false_positive_0p001,common_rate_macro,0.3111353774100633,0.0,0.0009101451688043956,0.9101451688043956,0.0
6,false_positive_0p001,eq_alert,0.533357468335626,0.0,0.0016066726305756147,1.6066726305756147,0.0
6,false_positive_0p001,pooled_shared,0.8888081332097961,0.6,0.0009424577393186667,0.9424577393186666,0.0
6,false_positive_0p001,eq_fpr_matched_macro,0.3111353774100633,0.0,0.0009101451688043956,0.9101451688043956,0.0
6,false_positive_0p001,eq_fpr_matched_cvar,0.3111353774100633,0.0,0.0009101451688043956,0.9101451688043956,0.0
6,false_positive_0p0025,eq_fpr,0.44444943081324556,0.0,0.0017964308526768845,0.7185723410707537,0.0
6,false_positive_0p0025,greedy,0.08888888888888889,0.0,0.000012706200641580534,0.005082480256632213,0.0
6,false_positive_0p0025,fabrid_macro,0.46666075324963757,0.0,0.0015416916119435596,0.6166766447774238,0.0
6,false_positive_0p0025,fabrid_cvar,0.3999764912573387,0.0,0.0023377066794497297,0.9350826717798919,0.0
6,false_positive_0p0025,fabrid_macro_finite_safe,0.3111353774100633,0.0,0.0009101451688043956,0.36405806752175823,0.0
6,false_positive_0p0025,fabrid_cvar_finite_safe,0.35555331351313996,0.0,0.0017349917989270985,0.6939967195708394,0.0
6,false_positive_0p0025,fabrid_macro_no_rate_minimization,0.46666075324963757,0.0,0.0024959500548629343,0.9983800219451737,0.0
6,false_positive_0p0025,common_rate_macro,0.44444943081324556,0.0,0.0017964308526768845,0.7185723410707537,0.0
6,false_positive_0p0025,eq_alert,0.5777718643607487,0.0,0.0026608068024729713,1.0643227209891886,0.0
6,false_positive_0p0025,pooled_shared,0.9110526650351203,0.6,0.0020468611022703216,0.8187444409081286,0.0
6,false_positive_0p0025,eq_fpr_matched_macro,0.33333713827683414,0.0,0.0011388567803528454,0.4555427121411382,0.0
6,false_positive_0p0025,eq_fpr_matched_cvar,0.44444943081324556,0.0,0.0017964308526768845,0.7185723410707537,0.0
6,false_positive_0p005,eq_fpr,0.8443544531824764,0.0,0.0037836562352052726,0.7567312470410545,0.0
6,false_positive_0p005,greedy,0.08888888888888889,0.0,0.000012706200641580534,0.0025412401283161066,0.0
6,false_positive_0p005,fabrid_macro,0.46667202883465997,0.0,0.003398789736875952,0.6797579473751904,0.0
6,false_positive_0p005,fabrid_cvar,0.6222185022674599,0.0,0.005461659873643763,1.0923319747287525,0.0
6,false_positive_0p005,fabrid_macro_finite_safe,0.46667176157039036,0.0,0.0032358653551988795,0.6471730710397758,0.0
6,false_positive_0p005,fabrid_cvar_finite_safe,0.6222032483843701,0.0,0.004671319193344322,0.9342638386688643,0.0
6,false_positive_0p005,fabrid_macro_no_rate_minimization,0.6444185464637209,0.0,0.012190981303602237,2.4381962607204475,0.0
6,false_positive_0p005,common_rate_macro,0.7332732936413416,0.0,0.003658808050572636,0.7317616101145271,0.0
6,false_positive_0p005,eq_alert,0.9777210386967388,0.8000470778420035,0.0062415110368640074,1.2483022073728014,0.0
6,false_positive_0p005,pooled_shared,0.9998728496821053,0.9996218534965351,0.004057861793539524,0.8115723587079049,0.0
6,false_positive_0p005,eq_fpr_matched_macro,0.5555497027760148,0.0,0.0019404746988974896,0.3880949397794979,0.0
6,false_positive_0p005,eq_fpr_matched_cvar,0.6221670338838223,0.0,0.0027850021564537818,0.5570004312907564,0.0
6,false_positive_0p010,eq_fpr,0.999951224784739,0.9998416420693109,0.01016756016571892,1.016756016571892,0.0
6,false_positive_0p010,greedy,0.08888888888888889,0.0,0.000012706200641580534,0.0012706200641580533,0.0
6,false_positive_0p010,fabrid_macro,0.6444298220487432,0.0,0.01325580711466033,1.325580711466033,0.0
6,false_positive_0p010,fabrid_cvar,0.6444332462240662,0.0,0.015354815025622977,1.5354815025622977,0.0
6,false_positive_0p010,fabrid_macro_finite_safe,0.6222156250295312,0.0,0.012496182813075725,1.2496182813075725,0.0
6,false_positive_0p010,fabrid_cvar_finite_safe,0.6444299872808554,0.0,0.00946508812476813,0.946508812476813,0.0
6,false_positive_0p010,fabrid_macro_no_rate_minimization,0.777750715964427,0.0,0.017946283488645517,1.7946283488645516,0.0
6,false_positive_0p010,common_rate_macro,0.999951224784739,0.9998416420693109,0.01016756016571892,1.016756016571892,0.0
6,false_positive_0p010,eq_alert,0.9999702752047486,0.9998313758038437,0.017299654647089747,1.7299654647089746,0.0
6,false_positive_0p010,pooled_shared,0.9999014204561733,0.9996430837239737,0.008272778133063477,0.8272778133063476,0.0
6,false_positive_0p010,eq_fpr_matched_macro,0.8887881567806248,0.0,0.004773434038736991,0.4773434038736991,0.0
6,false_positive_0p010,eq_fpr_matched_cvar,0.888820246989987,0.0,0.007617742505741981,0.761774250574198,0.0
6,false_positive_0p020,eq_fpr,0.9999885222486442,0.9998967002377981,0.023124092933783667,1.1562046466891833,0.0
6,false_positive_0p020,greedy,0.08888888888888889,0.0,0.000012706200641580534,0.0006353100320790267,0.0
6,false_positive_0p020,fabrid_macro,0.7555408429412465,0.0,0.01870662504291857,0.9353312521459284,0.0
6,false_positive_0p020,fabrid_cvar,0.7777473164588589,0.0,0.02030805302130448,1.0154026510652239,0.0
6,false_positive_0p020,fabrid_macro_finite_safe,0.733338029113014,0.0,0.015988319959343415,0.7994159979671707,0.0
6,false_positive_0p020,fabrid_cvar_finite_safe,0.7555446645899839,0.0,0.017114309773268607,0.8557154886634303,0.0
6,false_positive_0p020,fabrid_macro_no_rate_minimization,0.7777551046747097,0.0,0.02359958811957869,1.1799794059789344,0.0
6,false_positive_0p020,common_rate_macro,0.9999885222486442,0.9998967002377981,0.02285667124778817,1.1428335623894086,0.0
6,false_positive_0p020,eq_alert,0.9999799372494087,0.999850956504656,0.029130655367747674,1.4565327683873837,0.0
6,false_positive_0p020,pooled_shared,0.9999412228756042,0.9997401947002512,0.016434077175518005,0.8217038587759002,0.0
6,false_positive_0p020,eq_fpr_matched_macro,0.9999260838970918,0.9997614249276896,0.00795068087765255,0.3975340438826275,0.0
6,false_positive_0p020,eq_fpr_matched_cvar,0.9999574871590065,0.9998683423610559,0.011044383053241708,0.5522191526620853,0.0
7,false_positive_0p001,eq_fpr,0.3111443109008731,0.0,0.0009228513694459762,0.9228513694459762,0.0
7,false_positive_0p001,greedy,0.0,0.0,0.0,0.0,0.0
7,false_positive_0p001,fabrid_macro,0.26666034834096397,0.0,0.0009264882456762342,0.9264882456762341,0.0
7,false_positive_0p001,fabrid_cvar,0.26666034834096397,0.0,0.0009264882456762342,0.9264882456762341,0.0
7,false_positive_0p001,fabrid_macro_finite_safe,0.22225425930840162,0.0,0.0005543715508401408,0.5543715508401408,0.0
7,false_positive_0p001,fabrid_cvar_finite_safe,0.22225425930840162,0.0,0.0005543715508401408,0.5543715508401408,0.0
7,false_positive_0p001,fabrid_macro_no_rate_minimization,0.26666034834096397,0.0,0.0009264882456762342,0.9264882456762341,0.0
7,false_positive_0p001,common_rate_macro,0.3111443109008731,0.0,0.0009228513694459762,0.9228513694459762,0.0
7,false_positive_0p001,eq_alert,0.5333653704195127,0.0,0.001280625499974294,1.280625499974294,0.0
7,false_positive_0p001,pooled_shared,0.8888085590405421,0.6,0.0009583434150340617,0.9583434150340616,0.0
7,false_positive_0p001,eq_fpr_matched_macro,0.31114416088249586,0.0,0.000872026566879654,0.872026566879654,0.0
7,false_positive_0p001,eq_fpr_matched_cvar,0.31114416088249586,0.0,0.000872026566879654,0.872026566879654,0.0
7,false_positive_0p0025,eq_fpr,0.44445729545369694,0.0,0.0014625944033477881,0.5850377613391152,0.0
7,false_positive_0p0025,greedy,0.0,0.0,0.0,0.0,0.0
7,false_positive_0p0025,fabrid_macro,0.35555039993343546,0.0,0.0012949680642820698,0.5179872257128278,0.0
7,false_positive_0p0025,fabrid_cvar,0.399969089383255,0.0,0.0022931018015734076,0.917240720629363,0.0
7,false_positive_0p0025,fabrid_macro_finite_safe,0.31114416088249586,0.0,0.000872026566879654,0.3488106267518616,0.0
7,false_positive_0p0025,fabrid_cvar_finite_safe,0.35555548951627786,0.0,0.0014404082783927772,0.5761633113571109,0.0
7,false_positive_0p0025,fabrid_macro_no_rate_minimization,0.46666151104454656,0.0,0.0026224475870987997,1.0489790348395198,0.0
7,false_positive_0p0025,common_rate_macro,0.44445729545369694,0.0,0.0014625944033477881,0.5850377613391152,0.0
7,false_positive_0p0025,eq_alert,0.5777724721372803,0.0,0.002497797723885052,0.9991190895540208,0.0
7,false_positive_0p0025,pooled_shared,0.9110580198641363,0.6,0.0020930231153937083,0.8372092461574833,0.0
7,false_positive_0p0025,eq_fpr_matched_macro,0.4444565828052461,0.0,0.0011195269860251138,0.4478107944100455,0.0
7,false_positive_0p0025,eq_fpr_matched_cvar,0.5555564570482013,0.0,0.0015601408219573243,0.6240563287829297,0.0
7,false_positive_0p005,eq_fpr,0.8443644398136849,0.0,0.0032472534303941802,0.649450686078836,0.0
7,false_positive_0p005,greedy,0.0,0.0,0.0,0.0,0.0
7,false_positive_0p005,fabrid_macro,0.5111028510710786,0.0,0.004676222051951845,0.9352444103903689,0.0
7,false_positive_0p005,fabrid_cvar,0.6222171486158025,0.0,0.005781080713758734,1.1562161427517468,0.0
7,false_positive_0p005,fabrid_macro_finite_safe,0.5110961967183909,0.0,0.004339573905567081,0.8679147811134161,0.0
7,false_positive_0p005,fabrid_cvar_finite_safe,0.622194733342951,0.0,0.004820227460870809,0.9640454921741618,0.0
7,false_positive_0p005,fabrid_macro_no_rate_minimization,0.6444195696714863,0.0,0.012327289459700828,2.4654578919401655,0.0
7,false_positive_0p005,common_rate_macro,0.8443644398136849,0.0,0.0032472534303941802,0.649450686078836,0.0
7,false_positive_0p005,eq_alert,0.9555159325888645,0.8000104643322434,0.0064644382985144504,1.29288765970289,0.0
7,false_positive_0p005,pooled_shared,0.9998787114445548,0.9996218534965351,0.004470976930207724,0.8941953860415448,0.0
7,false_positive_0p005,eq_fpr_matched_macro,0.5777712096729466,0.0,0.002333462801692527,0.4666925603385054,0.0
7,false_positive_0p005,eq_fpr_matched_cvar,0.6221745179959658,0.0,0.002656635888926986,0.5313271777853972,0.0
7,false_positive_0p010,eq_fpr,0.9999459959070075,0.9998416420693109,0.009826945583410874,0.9826945583410873,0.0
7,false_positive_0p010,greedy,0.0,0.0,0.0,0.0,0.0
7,false_positive_0p010,fabrid_macro,0.6666318867245867,0.0,0.013524731454717737,1.3524731454717738,0.0
7,false_positive_0p010,fabrid_cvar,0.7777406240238722,0.0,0.015195936012029376,1.5195936012029376,0.0
7,false_positive_0p010,fabrid_macro_finite_safe,0.644425007495534,0.0,0.012604499565324412,1.2604499565324412,0.0
7,false_positive_0p010,fabrid_cvar_finite_safe,0.7555369391399748,0.0,0.011933416073150009,1.193341607315001,0.0
7,false_positive_0p010,fabrid_macro_no_rate_minimization,0.7777495840822488,0.0,0.018396016878940005,1.8396016878940005,0.0
7,false_positive_0p010,common_rate_macro,0.9999459959070075,0.9998416420693109,0.009826945583410874,0.9826945583410873,0.0
7,false_positive_0p010,eq_alert,0.9999695090537263,0.9998286754730531,0.016796789013550518,1.6796789013550517,0.0
7,false_positive_0p010,pooled_shared,0.9999004947735786,0.9996430837239737,0.0088485852817814,0.8848585281781399,0.0
7,false_positive_0p010,eq_fpr_matched_macro,0.8887966926821848,0.0,0.005068524174285479,0.5068524174285479,0.0
7,false_positive_0p010,eq_fpr_matched_cvar,0.9999182818693251,0.9997537549416234,0.007400665574025489,0.7400665574025489,0.0
7,false_positive_0p020,eq_fpr,0.9999885035269265,0.999896531742339,0.02235166909599889,1.1175834547999446,0.0
7,false_positive_0p020,greedy,0.0,0.0,0.0,0.0,0.0
7,false_positive_0p020,fabrid_macro,0.777743083377985,0.0,0.017306404257759745,0.8653202128879872,0.0
7,false_positive_0p020,fabrid_cvar,0.7777484061633317,0.0,0.018605111979530662,0.9302555989765331,0.0
7,false_positive_0p020,fabrid_macro_finite_safe,0.777739039057138,0.0,0.015155535572417741,0.757776778620887,0.0
7,false_positive_0p020,fabrid_cvar_finite_safe,0.7777433904122225,0.0,0.01632032733771866,0.816016366885933,0.0
7,false_positive_0p020,fabrid_macro_no_rate_minimization,0.7777549129687586,0.0,0.021760913671502916,1.0880456835751458,0.0
7,false_positive_0p020,common_rate_macro,0.9999885035269265,0.999896531742339,0.02208783126969876,1.104391563484938,0.0
7,false_positive_0p020,eq_alert,0.9999775697469063,0.9998398159888546,0.02690920623046191,1.3454603115230956,0.0
7,false_positive_0p020,pooled_shared,0.9999372582219233,0.9997350813762071,0.01745433632360482,0.872716816180241,0.0
7,false_positive_0p020,eq_fpr_matched_macro,0.9999249167252946,0.9997682050483758,0.008235724509042655,0.4117862254521327,0.0
7,false_positive_0p020,eq_fpr_matched_cvar,0.9999542881912833,0.9998669921956609,0.01119809600009118,0.559904800004559,0.0
8,false_positive_0p001,eq_fpr,0.42225882614497207,0.0,0.000985180794720597,0.985180794720597,0.0
8,false_positive_0p001,greedy,0.08888888888888889,0.0,0.000012706200641580534,0.012706200641580534,0.0
8,false_positive_0p001,fabrid_macro,0.46666255333913625,0.0,0.0011649795628954377,1.1649795628954378,0.0
8,false_positive_0p001,fabrid_cvar,0.46666255333913625,0.0,0.0011649795628954377,1.1649795628954378,0.0
8,false_positive_0p001,fabrid_macro_finite_safe,0.22225783218148443,0.0,0.0005587077938458655,0.5587077938458656,0.0
8,false_positive_0p001,fabrid_cvar_finite_safe,0.22225783218148443,0.0,0.0005587077938458655,0.5587077938458656,0.0
8,false_positive_0p001,fabrid_macro_no_rate_minimization,0.46666255333913625,0.0,0.0011649795628954377,1.1649795628954378,0.0
8,false_positive_0p001,common_rate_macro,0.42225882614497207,0.0,0.000985180794720597,0.985180794720597,0.0
8,false_positive_0p001,eq_alert,0.533369787237706,0.0,0.0017358938488836382,1.7358938488836382,0.0
8,false_positive_0p001,pooled_shared,0.8888166524135461,0.6,0.0009290469541209452,0.9290469541209452,0.0
8,false_positive_0p001,eq_fpr_matched_macro,0.31114771503386096,0.0,0.00090177521116854,0.90177521116854,0.0
8,false_positive_0p001,eq_fpr_matched_cvar,0.31114771503386096,0.0,0.00090177521116854,0.90177521116854,0.0
8,false_positive_0p0025,eq_fpr,0.44446158097523064,0.0,0.0019381458428391373,0.775258337135655,0.0
8,false_positive_0p0025,greedy,0.08888888888888889,0.0,0.000012706200641580534,0.005082480256632213,0.0
8,false_positive_0p0025,fabrid_macro,0.4666635473026239,0.0,0.0014953407795765315,0.5981363118306126,0.0
8,false_positive_0p0025,fabrid_cvar,0.5110906475370172,0.0,0.002555857875448578,1.0223431501794313,0.0
8,false_positive_0p0025,fabrid_macro_finite_safe,0.31114771503386096,0.0,0.00090177521116854,0.360710084467416,0.0
8,false_positive_0p0025,fabrid_cvar_finite_safe,0.3555661863260766,0.0,0.001726621841291243,0.6906487365164972,0.0
8,false_positive_0p0025,fabrid_macro_no_rate_minimization,0.577774658413735,0.0,0.002831302599663656,1.1325210398654624,0.0
8,false_positive_0p0025,common_rate_macro,0.44446158097523064,0.0,0.0019381458428391373,0.775258337135655,0.0
8,false_positive_0p0025,eq_alert,0.577774658413735,0.0,0.0028514915035665134,1.1405966014266053,0.0
8,false_positive_0p0025,pooled_shared,0.9110592626691045,0.6,0.0020502704362986746,0.8201081745194698,0.0
8,false_positive_0p0025,eq_fpr_matched_macro,0.44445970562319714,0.0,0.0011122428011364025,0.444897120454561,0.0
8,false_positive_0p0025,eq_fpr_matched_cvar,0.44446158097523064,0.0,0.0019381458428391373,0.775258337135655,0.0
8,false_positive_0p005,eq_fpr,0.844372619844493,0.0,0.0042495754738810215,0.8499150947762043,0.0
8,false_positive_0p005,greedy,0.08888888888888889,0.0,0.000012706200641580534,0.0025412401283161066,0.0
8,false_positive_0p005,fabrid_macro,0.6222111255189885,0.0,0.004564030499110581,0.9128060998221162,0.0
8,false_positive_0p005,fabrid_cvar,0.7333295886917008,0.0,0.0058878394176352135,1.1775678835270427,0.0
8,false_positive_0p005,fabrid_macro_finite_safe,0.5110913854656997,0.0,0.004069306622226515,0.813861324445303,0.0
8,false_positive_0p005,fabrid_cvar_finite_safe,0.6222027545641301,0.0,0.00504036165928853,1.008072331857706,0.0
8,false_positive_0p005,fabrid_macro_no_rate_minimization,0.8666407755357445,0.0,0.012593570427494935,2.518714085498987,0.0
8,false_positive_0p005,common_rate_macro,0.844372619844493,0.0,0.0042495754738810215,0.8499150947762043,0.0
8,false_positive_0p005,eq_alert,0.9777210402861746,0.8000472818899672,0.006624454081785068,1.3248908163570137,0.0
8,false_positive_0p005,pooled_shared,0.9998855929081559,0.9996218534965351,0.004259295089582978,0.8518590179165956,0.0
8,false_positive_0p005,eq_fpr_matched_macro,0.5777659848023833,0.0,0.0026222195489414095,0.5244439097882819,0.0
8,false_positive_0p005,eq_fpr_matched_cvar,0.6221774136510416,0.0,0.003137036443120663,0.6274072886241326,0.0
8,false_positive_0p010,eq_fpr,0.9999511043283472,0.9998439021095397,0.010350586575043274,1.0350586575043272,0.0
8,false_positive_0p010,greedy,0.08888888888888889,0.0,0.000012706200641580534,0.0012706200641580533,0.0
8,false_positive_0p010,fabrid_macro,0.8666501424066047,0.0,0.0134546270900853,1.34546270900853,0.0
8,false_positive_0p010,fabrid_cvar,0.8666535982716339,0.0,0.01602594459703023,1.602594459703023,0.0
8,false_positive_0p010,fabrid_macro_finite_safe,0.6222245052474629,0.0,0.012432206821511053,1.2432206821511054,0.0
8,false_positive_0p010,fabrid_cvar_finite_safe,0.755538728946287,0.0,0.010646787183095977,1.0646787183095976,0.0
8,false_positive_0p010,fabrid_macro_no_rate_minimization,0.8888637475649906,0.0,0.018594619248397302,1.8594619248397302,0.0
8,false_positive_0p010,common_rate_macro,0.9999511043283472,0.9998439021095397,0.010350586575043274,1.0350586575043272,0.0
8,false_positive_0p010,eq_alert,0.9999729341798881,0.9998337391437155,0.01745292943945413,1.7452929439454128,0.0
8,false_positive_0p010,pooled_shared,0.9999063171735296,0.9996456403859957,0.008701237605265139,0.8701237605265139,0.0
8,false_positive_0p010,eq_fpr_matched_macro,0.8888031373315589,0.0,0.00595001053781169,0.595001053781169,0.0
8,false_positive_0p010,eq_fpr_matched_cvar,0.88882113846497,0.0,0.008156896015497047,0.8156896015497046,0.0
8,false_positive_0p020,eq_fpr,0.9999885222486442,0.9998967002377981,0.02337886011647661,1.1689430058238306,0.0
8,false_positive_0p020,greedy,0.08888888888888889,0.0,0.000012706200641580534,0.0006353100320790267,0.0
8,false_positive_0p020,fabrid_macro,0.8666545689153136,0.0,0.01671411386158885,0.8357056930794425,0.0
8,false_positive_0p020,fabrid_cvar,0.8888607559358025,0.0,0.01918347669535186,0.959173834767593,0.0
8,false_positive_0p020,fabrid_macro_finite_safe,0.7333386467494568,0.0,0.015105505177006158,0.7552752588503079,0.0
8,false_positive_0p020,fabrid_cvar_finite_safe,0.7555438870279937,0.0,0.016561318578832588,0.8280659289416293,0.0
8,false_positive_0p020,fabrid_macro_no_rate_minimization,0.8888690768931451,0.0,0.021960988294925536,1.0980494147462767,0.0
8,false_positive_0p020,common_rate_macro,0.9999885222486442,0.9998967002377981,0.02337886011647661,1.1689430058238306,0.0
8,false_positive_0p020,eq_alert,0.9999802480062568,0.999850956504656,0.026839628461606254,1.3419814230803127,0.0
8,false_positive_0p020,pooled_shared,0.9999404940909129,0.9997501247265461,0.017742105810726466,0.8871052905363233,0.0
8,false_positive_0p020,eq_fpr_matched_macro,0.9999268962209958,0.9997662416299405,0.00848673776649545,0.4243368883247725,0.0
8,false_positive_0p020,eq_fpr_matched_cvar,0.9999569240981939,0.9998658105257249,0.011091867907540985,0.5545933953770492,0.0
9,false_positive_0p001,eq_fpr,0.42224339022328616,0.0,0.0010400913260925565,1.0400913260925566,0.0
9,false_positive_0p001,greedy,0.08888888888888889,0.0,0.00006353100320790268,0.06353100320790268,0.0
9,false_positive_0p001,fabrid_macro,0.4666549002697905,0.0,0.0011132610877054928,1.1132610877054927,0.0
9,false_positive_0p001,fabrid_cvar,0.4666549002697905,0.0,0.0011132610877054928,1.1132610877054927,0.0
9,false_positive_0p001,fabrid_macro_finite_safe,0.22224339022328618,0.0,0.000570829760694652,0.5708297606946521,0.0
9,false_positive_0p001,fabrid_cvar_finite_safe,0.22224339022328618,0.0,0.000570829760694652,0.5708297606946521,0.0
9,false_positive_0p001,fabrid_macro_no_rate_minimization,0.4666549002697905,0.0,0.0011132610877054928,1.1132610877054927,0.0
9,false_positive_0p001,common_rate_macro,0.42224339022328616,0.0,0.0010400913260925565,1.0400913260925566,0.0
9,false_positive_0p001,eq_alert,0.5333545013343973,0.0,0.0015190227943405793,1.5190227943405792,0.0
9,false_positive_0p001,pooled_shared,0.8888102439224705,0.6,0.0009652938803300664,0.9652938803300664,0.0
9,false_positive_0p001,eq_fpr_matched_macro,0.31113227911217506,0.0,0.0009393095793004876,0.9393095793004876,0.0
9,false_positive_0p001,eq_fpr_matched_cvar,0.31113227911217506,0.0,0.0009393095793004876,0.9393095793004876,0.0
9,false_positive_0p0025,eq_fpr,0.44444685770199555,0.0,0.001929525371003194,0.7718101484012776,0.0
9,false_positive_0p0025,greedy,0.08888888888888889,0.0,0.00006353100320790268,0.025412401283161072,0.0
9,false_positive_0p0025,fabrid_macro,0.5777553296538822,0.0,0.0015624089567001312,0.6249635826800525,0.0
9,false_positive_0p0025,fabrid_cvar,0.51107358971961,0.0,0.0023262343446670735,0.9304937378668293,0.0
9,false_positive_0p0025,fabrid_macro_finite_safe,0.31113227911217506,0.0,0.0009393095793004876,0.375723831720195,0.0
9,false_positive_0p0025,fabrid_cvar_finite_safe,0.3555436077459571,0.0,0.0014591709008063927,0.5836683603225571,0.0
9,false_positive_0p0025,fabrid_macro_no_rate_minimization,0.5777660113809016,0.0,0.0027032779395681837,1.0813111758272735,0.0
9,false_positive_0p0025,common_rate_macro,0.44444685770199555,0.0,0.001929525371003194,0.7718101484012776,0.0
9,false_positive_0p0025,eq_alert,0.5777660113809016,0.0,0.0026944874976006037,1.0777949990402416,0.0
9,false_positive_0p0025,pooled_shared,0.9110472505991515,0.6,0.002131873366800768,0.8527493467203072,0.0
9,false_positive_0p0025,eq_fpr_matched_macro,0.4444443822764531,0.0,0.0011290347305836202,0.45161389223344806,0.0
9,false_positive_0p0025,eq_fpr_matched_cvar,0.44444537623994074,0.0,0.0018787005684368719,0.7514802273747487,0.0
9,false_positive_0p005,eq_fpr,0.8443516310735765,0.0,0.0038729266381410075,0.7745853276282015,0.0
9,false_positive_0p005,greedy,0.08888888888888889,0.0,0.00006353100320790268,0.012706200641580536,0.0
9,false_positive_0p005,fabrid_macro,0.6222133349762138,0.0,0.004595773184007155,0.919154636801431,0.0
9,false_positive_0p005,fabrid_cvar,0.7555295403384978,0.0,0.005567523417776142,1.1135046835552285,0.0
9,false_positive_0p005,fabrid_macro_finite_safe,0.5110954684152114,0.0,0.004206987518745207,0.8413975037490414,0.0
9,false_positive_0p005,fabrid_cvar_finite_safe,0.622201262637905,0.0,0.004596931841602872,0.9193863683205744,0.0
9,false_positive_0p005,fabrid_macro_no_rate_minimization,0.8666188806982469,0.0,0.012330234452856852,2.4660468905713704,0.0
9,false_positive_0p005,common_rate_macro,0.8443516310735765,0.0,0.0038729266381410075,0.7745853276282015,0.0
9,false_positive_0p005,eq_alert,0.9777169644558481,0.8000494665577105,0.006333839169341465,1.266767833868293,0.0
9,false_positive_0p005,pooled_shared,0.9998686440571992,0.9996218534965351,0.004212187450474765,0.8424374900949531,0.0
9,false_positive_0p005,eq_fpr_matched_macro,0.5777493708487289,0.0,0.0024347354211251998,0.48694708422503996,0.0
9,false_positive_0p005,eq_fpr_matched_cvar,0.622165339519541,0.0,0.003294454723513518,0.6588909447027036,0.0
9,false_positive_0p010,eq_fpr,0.9999455791473252,0.9998416420693109,0.009580582719928446,0.9580582719928445,0.0
9,false_positive_0p010,greedy,0.08888888888888889,0.0,0.00006353100320790268,0.006353100320790268,0.0
9,false_positive_0p010,fabrid_macro,0.88883713543248,0.0,0.013289450772690392,1.3289450772690392,0.0
9,false_positive_0p010,fabrid_cvar,0.7555446321278504,0.0,0.015472078427605403,1.5472078427605402,0.0
9,false_positive_0p010,fabrid_macro_finite_safe,0.6222237540248355,0.0,0.012466219722563844,1.2466219722563845,0.0
9,false_positive_0p010,fabrid_cvar_finite_safe,0.6444291941985915,0.0,0.009558812502475483,0.9558812502475483,0.0
9,false_positive_0p010,fabrid_macro_no_rate_minimization,0.888842226039938,0.0,0.01833954125390584,1.8339541253905842,0.0
9,false_positive_0p010,common_rate_macro,0.9999455791473252,0.9998416420693109,0.009580582719928446,0.9580582719928445,0.0
9,false_positive_0p010,eq_alert,0.99997033893781,0.9998337391437155,0.0168642671219111,1.68642671219111,0.0
9,false_positive_0p010,pooled_shared,0.9998918730583709,0.9996430837239737,0.00779687105299145,0.779687105299145,0.0
9,false_positive_0p010,eq_fpr_matched_macro,0.8887941439163907,0.0,0.005441234940115732,0.5441234940115732,0.0
9,false_positive_0p010,eq_fpr_matched_cvar,0.8888182709161966,0.0,0.007339455600977689,0.7339455600977689,0.0
9,false_positive_0p020,eq_fpr,0.9999883881324474,0.999897881907734,0.022232991332505718,1.111649566625286,0.0
9,false_positive_0p020,greedy,0.08888888888888889,0.0,0.00006353100320790268,0.003176550160395134,0.0
9,false_positive_0p020,fabrid_macro,0.8888539853593834,0.0,0.0171868469170266,0.85934234585133,0.0
9,false_positive_0p020,fabrid_cvar,0.8888604571929588,0.0,0.018795292041448943,0.9397646020724472,0.0
9,false_positive_0p020,fabrid_macro_finite_safe,0.7555392837058794,0.0,0.01509477877220568,0.754738938610284,0.0
9,false_positive_0p020,fabrid_cvar_finite_safe,0.7777445677054639,0.0,0.016583761447430657,0.8291880723715328,0.0
9,false_positive_0p020,fabrid_macro_no_rate_minimization,0.8888630967897165,0.0,0.021511160121661984,1.0755580060830991,0.0
9,false_positive_0p020,common_rate_macro,0.9999883881324474,0.999897881907734,0.022232991332505718,1.111649566625286,0.0
9,false_positive_0p020,eq_alert,0.9999772437616308,0.9998494378438016,0.026021314963475664,1.3010657481737833,0.0
9,false_positive_0p020,pooled_shared,0.9999384767689112,0.999739898078458,0.01602044692537723,0.8010223462688615,0.0
9,false_positive_0p020,eq_fpr_matched_macro,0.9999258470379926,0.9997682050483758,0.007834941770203477,0.39174708851017387,0.0
9,false_positive_0p020,eq_fpr_matched_cvar,0.9999517356108094,0.9998705422828156,0.010348599176533232,0.5174299588266617,0.0
