seed,candidate_alpha,dispersion,aggregate
0,0.0,0.0,0.17445431253478114
0,0.0001,0.25115551479433057,0.17445431253478114
0,0.00010315608468468423,0.25115551479433057,0.17445431253478114
0,0.00010641177807473732,0.25115551479433057,0.17445431253478114
0,0.00010977022390525428,0.25115551479433057,0.17445431253478114
0,0.00011323466513027149,0.25115551479433057,0.17445431253478114
0,0.00011680844705420146,0.25115551479433057,0.17445431253478114
0,0.0001204950205620966,0.25115551479433057,0.17445431253478114
0,0.0001242979454518639,0.25115551479433057,0.17445431253478114
0,0.00012822089387164734,0.25115551479433057,0.17445431253478114
0,0.0001322676538656955,0.25115551479433057,0.17445431253478114
0,0.00013644213303214185,0.25115551479433057,0.17445431253478114
0,0.00014074836229622576,0.25115551479433057,0.17445431253478114
0,0.00014519049980260066,0.2511572120814365,0.17445431253478114
0,0.00014977283493048703,0.2511572120814365,0.17445431253478114
0,0.00015449979243554535,0.3306867659749797,0.17445431253478114
0,0.00015937593672247252,0.3306867659749797,0.17445431253478114
0,0.0001644059762524425,0.3306867659749797,0.17445431253478114
0,0.00016959476808965125,0.3306867659749797,0.17445431253478114
0,0.00017494732259135448,0.3306867659749797,0.17445431253478114
0,0.00018046880824592514,0.3306867659749797,0.17445431253478114
0,0.00018616455666360695,0.3306867659749797,0.17445431253478114
0,0.00019204006772477732,0.3306867659749797,0.17445431253478114
0,0.00019810101489069605,0.3306867659749797,0.17445431253478114
0,0.00020435325068186532,0.3306867659749797,0.17445431253478114
0,0.00021080281232928983,0.3306867659749797,0.17445431253478114
0,0.00021745592760409819,0.3306867659749797,0.17445431253478114
0,0.00022431902083114915,0.3306867659749797,0.17445431253478114
0,0.00023139871909243442,0.3306867659749797,0.17445431253478114
0,0.00023870185862626624,0.3306867659749797,0.17445431253478114
0,0.0002462354914284262,0.40971079555843987,0.17445431253478114
0,0.0002540068920616557,0.4098168488438244,0.17445431253478114
0,0.000262023564680056,0.4098168488438244,0.17445431253478114
0,0.00027029325027518665,0.4098168488438244,0.17445431253478114
0,0.000278823934150857,0.4098168488438244,0.17445431253478114
0,0.00028762385363382593,0.4063977014967456,0.17445431253478114
0,0.0002967015060278617,0.4063977014967456,0.17445431253478114
0,0.0003060656568188345,0.43039848488503435,0.17445431253478114
0,0.0003157253481387716,0.43039848488503435,0.17445431253478114
0,0.00032568990749704533,0.4165382189627713,0.17445431253478114
0,0.00033596895678712145,0.4165382189627713,0.17445431253478114
0,0.0003465724215775732,0.4165382189627713,0.17445431253478114
0,0.00035751054069632225,0.4166339133868452,0.17445431253478114
0,0.00036879387611737024,0.4166339133868452,0.17445431253478114
0,0.0003804333231595639,0.4166339133868452,0.17445431253478114
0,0.00039244012100723773,0.4166339133868452,0.17445431253478114
0,0.00040482586356290346,0.41714544420220573,0.17445431253478114
0,0.0004176025106424529,0.41714544420220573,0.17445431253478114
0,0.00043078239952369575,0.41714544420220573,0.17445431253478114
0,0.0004443782568593783,0.41714544420220573,0.17445431253478114
0,0.00045840321096618346,0.41714969603621344,0.17445431253478114
0,0.00047287080450158787,0.41714969603621344,0.17445431253478114
0,0.0004877950075408056,0.41714969603621344,0.17445431253478114
0,0.0005031902310664547,0.41714969603621344,0.17445431253478114
0,0.0005190713408839703,0.41714969603621344,0.17445431253478114
0,0.0005354536719761938,0.41714969603621344,0.17445431253478114
0,0.0005523530433110137,0.41714969603621344,0.17445431253478114
0,0.0005697857731163399,0.41750244239348444,0.17445431253478114
0,0.0005877686946371738,0.41750244239348444,0.17445431253478114
0,0.000606319172389986,0.41750624266182584,0.17445431253478114
0,0.0006254551189300899,0.41750624266182584,0.17445431253478114
0,0.0006451950121482159,0.3665332322464588,0.17445431253478114
0,0.0006655579131129724,0.3665332322464588,0.17445431253478114
0,0.0006865634844764341,0.3665332322464588,0.17445431253478114
0,0.0007082320094606293,0.36653680034748415,0.17445431253478114
0,0.0007305844114432468,0.36654750601594854,0.17445431253478114
0,0.0007536422741614974,0.37197604217320657,0.17445431253478114
0,0.0007774278625536144,0.307523084846516,0.17445431253478114
0,0.0008019641442581362,0.307523084846516,0.17445431253478114
0,0.0008272748117917262,0.307523084846516,0.17445431253478114
0,0.0008533843054269342,0.307523084846516,0.17445431253478114
0,0.0008803178367920126,0.307523084846516,0.17445431253478114
0,0.0009081014132155488,0.30752605589805815,0.17445431253478114
0,0.0009367618628394448,0.30752795677137995,0.17445431253478114
0,0.0009663268605244831,0.3171976670836574,0.17445431253478114
0,0.0009968249545734852,0.3171976670836574,0.17445431253478114
0,0.001,0.317198091835223,0.17445431253478114
0,0.0010282855942978896,0.317198091835223,0.17445431253478114
0,0.0010607391584543395,0.317198091835223,0.17445431253478114
0,0.001094216984578764,0.317198091835223,0.17445431253478114
0,0.001128751399246268,0.317198091835223,0.17445431253478114
0,0.0011643757492860373,0.16499718012843687,0.17445431253478114
0,0.0012011244339814311,0.16507569171773911,0.17445431253478114
0,0.0012390329382863192,0.16511630605957284,0.17445431253478114
0,0.0012781378670897654,0.16511630605957284,0.17445431253478114
0,0.0013184769805621352,0.16513768285611685,0.17445431253478114
0,0.0013600892306167424,0.16513768285611685,0.17445431253478114
0,0.001403014798522277,0.16514138999617142,0.17445431253478114
0,0.0014472951337022918,0.16514138999617142,0.17445431253478114
0,0.0014929729937592485,0.16514120601311283,0.17445431253478114
0,0.0015400924857617558,0.16514066350431109,0.17445431253478114
0,0.0015886991088348535,0.16514066350431109,0.17445431253478114
0,0.0016388397980945052,0.16545740977527323,0.17445431253478114
0,0.0016905629699686757,0.16545740977527323,0.17445431253478114
0,0.0017439185689487981,0.16545740977527323,0.17445431253478114
0,0.0017989581158167555,0.16545740977527323,0.17445431253478114
0,0.0018557347573939303,0.16546684872621842,0.17445431253478114
0,0.001914303317860402,0.16546719171728272,0.17445431253478114
0,0.001974720351693796,0.16546868737277218,0.17445431253478114
0,0.0020370441982789467,0.16547118986594975,0.17445431253478114
0,0.002101335038241075,0.1655005048098845,0.17445431253478114
0,0.002167654951556903,0.16550381923771695,0.17445431253478114
0,0.0022360679774997894,0.165487731487668,0.17445431253478114
0,0.002306640176476789,0.16652438833758387,0.17445431253478114
0,0.0023794396938173435,0.16652438833758387,0.17445431253478114
0,0.0024545368255752074,0.16652438833758387,0.17445431253478114
0,0.0025,0.16652438833758387,0.17445431253478114
0,0.002532004086407121,0.16652438833758387,0.17445431253478114
0,0.002611916279593795,0.16652819588699577,0.17445431253478114
0,0.0026943505692708287,0.16652877218219952,0.17445431253478114
0,0.002779386554939285,0.1665335160171231,0.17445431253478114
0,0.0028671063483278964,0.1665335160171231,0.17445431253478114
0,0.0029575946526810793,0.1665375530808105,0.17445431253478114
0,0.0030509388445493866,0.16653928140231886,0.17445431253478114
0,0.003147229058161292,0.16654376403787988,0.17445431253478114
0,0.0032465582724578485,0.16654376403787988,0.17445431253478114
0,0.0033490224008742397,0.16654854045394893,0.17445431253478114
0,0.003454720383954872,0.1665522170896317,0.17445431253478114
0,0.003563754284891536,0.1259302943398235,0.17445431253478114
0,0.0036762293880767756,0.12593129469386719,0.17445431253478114
0,0.0037922543007677272,0.1259322307341328,0.17445431253478114
0,0.0039119410579585324,0.12593446652395418,0.17445431253478114
0,0.004035405230562632,0.12593465160414347,0.17445431253478114
0,0.004162766037009365,0.12593539278828084,0.17445431253478114
0,0.004294146458362655,0.12593783758936158,0.17445431253478114
0,0.0044296733570729436,0.12593802642608656,0.17445431253478114
0,0.004569477599477056,0.12593629434537343,0.17445431253478114
0,0.004713694182164228,0.12594007767633983,0.17445431253478114
0,0.004862462362330365,0.12594382608610474,0.17445431253478114
0,0.005,0.12594454149819756,0.17445431253478114
0,0.005015925792246408,0.12594454149819756,0.17445431253478114
0,0.005174232657970618,0.12594472844969487,0.17445431253478114
0,0.005337535822438759,0.1259463798559979,0.17445431253478114
0,0.005505992973070277,0.12594691228159777,0.17445431253478114
0,0.005679766774033137,0.000285732941704428,0.17445431253478114
0,0.005859025023314181,0.000285732941704428,0.17445431253478114
0,0.00604394081474681,0.00028530323927626036,0.17445431253478114
0,0.006234692705152413,0.00028530323927626036,0.17445431253478114
0,0.006431464886756847,0.0002859081693624188,0.17445431253478114
0,0.006634447365048623,0.00028646172313113956,0.17445431253478114
0,0.00684383614225036,0.0002832633969024848,0.17445431253478114
0,0.007059833406580807,0.0002838979738245058,0.17445431253478114
0,0.007282647727490117,0.00028566888516581824,0.17445431253478114
0,0.007512494257056929,0.0002817181437620975,0.17445431253478114
0,0.007749594937741685,0.000268721125210387,0.17445431253478114
0,0.007994178716696814,0.0002697846130144261,0.17445431253478114
0,0.008246481766840761,0.0002561107721421123,0.17445431253478114
0,0.00850674771490929,0.0002565858821798153,0.17445431253478114
0,0.008775227876704268,0.00025799868812034977,0.17445431253478114
0,0.009052181499767073,0.00026120093798913185,0.17445431253478114
0,0.00933787601371104,0.0002631983951540065,0.17445431253478114
0,0.009632587288454567,0.0002636509576492041,0.17445431253478114
0,0.009936599900604321,0.0002598166291778733,0.17445431253478114
0,0.01,0.00022604630596273994,0.17445431253478114
0,0.010250207408245643,0.00022601643419984017,0.17445431253478114
0,0.01057371263440564,0.0002221189017405225,0.17445431253478114
0,0.010907427959462626,0.0002191358243597158,0.17445431253478114
0,0.011251675622784191,0.0002052023155476404,0.17445431253478114
0,0.011606788033885233,0.00020456431533445366,0.17445431253478114
0,0.011973108093406433,0.0002048130184031905,0.17445431253478114
0,0.012350989524223123,0.00019488238836987652,0.17445431253478114
0,0.012740797213004081,0.00019647757229740906,0.17445431253478114
0,0.013142907562550378,0.0001939114928834205,0.17445431253478114
0,0.013557708855254222,0.00019222711225040193,0.17445431253478114
0,0.013985601628028964,0.00018812233337452304,0.17445431253478114
0,0.014426999059072134,0.00018677357129611978,0.17445431253478114
0,0.014882327366835047,0.0001821637638266272,0.17445431253478114
0,0.015352026221584282,0.0001829500001636646,0.17445431253478114
0,0.015836549169952394,0.0001822686609193985,0.17445431253478114
0,0.01633636407288775,0.00017590663723053609,0.17445431253478114
0,0.016851953557426417,0.00017343191984868617,0.17445431253478114
0,0.01738381548272245,0.00017204469388502154,0.17445431253478114
0,0.0179324634207864,0.00017004261587688678,0.17445431253478114
0,0.01849842715239644,0.00016709070284869748,0.17445431253478114
0,0.019082253178660694,0.00014673790870296232,0.17445431253478114
0,0.019684505248725052,0.00014253989504073517,0.17445431253478114
0,0.02,0.00013968097384108887,0.17445431253478114
0,0.02030576490413591,0.00013968097384108887,0.17445431253478114
0,0.020946632040383325,0.0001209046455351064,0.17445431253478114
0,0.021607725486167025,0.00010841692423023587,0.17445431253478114
0,0.022289683600944528,0.00010641130332311659,0.17445431253478114
0,0.02299316489133851,0.00010346551772775796,0.17445431253478114
0,0.023718848646998237,0.00008545690064793148,0.17445431253478114
0,0.024467435596529582,0.00008227714604151068,0.17445431253478114
0,0.0252396485841266,0.00007410260939097483,0.17445431253478114
0,0.026036233267558315,0.00007261986628016619,0.17445431253478114
0,0.026857958838184384,0.00006444667461599875,0.17445431253478114
0,0.027705618763695115,0.00006196256951960766,0.17445431253478114
0,0.028580031554293065,0.00005914700139425428,0.17445431253478114
0,0.029482041553056,0.00005803795563684572,0.17445431253478114
0,0.03041251975124424,0.00005797910470893667,0.17445431253478114
0,0.03137236462933982,0.00003753450390768506,0.17445431253478114
0,0.03236250302462971,0.000013961835275106196,0.17445431253478114
0,0.03338389102617049,9.3078901833925e-6,0.17445431253478114
0,0.03443751489799912,6.179822351995468e-6,0.17445431253478114
0,0.03552439203148072,0.0,0.17445431253478114
0,0.0366455719277134,0.0,0.17445431253478114
0,0.037802137210938905,0.0,0.17445431253478114
0,0.03899520467393666,0.0,0.17445431253478114
0,0.04022592635641205,0.0,0.17445431253478114
0,0.04149549065741912,0.0,0.17445431253478114
0,0.04280512348289246,0.0,0.17445431253478114
0,0.0441560894293962,0.0,0.17445431253478114
0,0.045549693005232844,0.0,0.17445431253478114
0,0.046987279890091584,0.0,0.17445431253478114
0,0.04847023823445248,0.0,0.17445431253478114
0,0.049999999999999996,0.0,0.17445431253478114
1,0.0,0.0,0.1736148238979907
1,0.0001,0.25115551479433057,0.1736148238979907
1,0.00010315608468468423,0.25115551479433057,0.1736148238979907
1,0.00010641177807473732,0.25115551479433057,0.1736148238979907
1,0.00010977022390525428,0.25115551479433057,0.1736148238979907
1,0.00011323466513027149,0.25115551479433057,0.1736148238979907
1,0.00011680844705420146,0.25115551479433057,0.1736148238979907
1,0.0001204950205620966,0.25115551479433057,0.1736148238979907
1,0.0001242979454518639,0.25115551479433057,0.1736148238979907
1,0.00012822089387164734,0.25115551479433057,0.1736148238979907
1,0.0001322676538656955,0.25115551479433057,0.1736148238979907
1,0.00013644213303214185,0.25115551479433057,0.1736148238979907
1,0.00014074836229622576,0.25115551479433057,0.1736148238979907
1,0.00014519049980260066,0.25115551479433057,0.1736148238979907
1,0.00014977283493048703,0.25115551479433057,0.1736148238979907
1,0.00015449979243554535,0.32382043052650883,0.1736148238979907
1,0.00015937593672247252,0.32382043052650883,0.1736148238979907
1,0.0001644059762524425,0.32382043052650883,0.1736148238979907
1,0.00016959476808965125,0.32382043052650883,0.1736148238979907
1,0.00017494732259135448,0.32382043052650883,0.1736148238979907
1,0.00018046880824592514,0.32382043052650883,0.1736148238979907
1,0.00018616455666360695,0.32382043052650883,0.1736148238979907
1,0.00019204006772477732,0.32382043052650883,0.1736148238979907
1,0.00019810101489069605,0.32382043052650883,0.1736148238979907
1,0.00020435325068186532,0.32382043052650883,0.1736148238979907
1,0.00021080281232928983,0.32382043052650883,0.1736148238979907
1,0.00021745592760409819,0.32382043052650883,0.1736148238979907
1,0.00022431902083114915,0.32382043052650883,0.1736148238979907
1,0.00023139871909243442,0.32382043052650883,0.1736148238979907
1,0.00023870185862626624,0.32382043052650883,0.1736148238979907
1,0.0002462354914284262,0.40459418721609247,0.1736148238979907
1,0.0002540068920616557,0.4073117884147644,0.1736148238979907
1,0.000262023564680056,0.4073117884147644,0.1736148238979907
1,0.00027029325027518665,0.4073117884147644,0.1736148238979907
1,0.000278823934150857,0.4073117884147644,0.1736148238979907
1,0.00028762385363382593,0.40418527509165475,0.1736148238979907
1,0.0002967015060278617,0.40418527509165475,0.1736148238979907
1,0.0003060656568188345,0.42880737822491477,0.1736148238979907
1,0.0003157253481387716,0.4288078486668272,0.1736148238979907
1,0.00032568990749704533,0.415288844422716,0.1736148238979907
1,0.00033596895678712145,0.415288844422716,0.1736148238979907
1,0.0003465724215775732,0.415288844422716,0.1736148238979907
1,0.00035751054069632225,0.415338265183166,0.1736148238979907
1,0.00036879387611737024,0.415338265183166,0.1736148238979907
1,0.0003804333231595639,0.415338265183166,0.1736148238979907
1,0.00039244012100723773,0.415338265183166,0.1736148238979907
1,0.00040482586356290346,0.41596940436276975,0.1736148238979907
1,0.0004176025106424529,0.41596940436276975,0.1736148238979907
1,0.00043078239952369575,0.4159697415525317,0.1736148238979907
1,0.0004443782568593783,0.4159697415525317,0.1736148238979907
1,0.00045840321096618346,0.4161560345452917,0.1736148238979907
1,0.00047287080450158787,0.4161560345452917,0.1736148238979907
1,0.0004877950075408056,0.416156371071652,0.1736148238979907
1,0.0005031902310664547,0.416156371071652,0.1736148238979907
1,0.0005190713408839703,0.416156371071652,0.1736148238979907
1,0.0005354536719761938,0.416156371071652,0.1736148238979907
1,0.0005523530433110137,0.416156371071652,0.1736148238979907
1,0.0005697857731163399,0.41728810390680743,0.1736148238979907
1,0.0005877686946371738,0.41728810390680743,0.1736148238979907
1,0.000606319172389986,0.41728810390680743,0.1736148238979907
1,0.0006254551189300899,0.417288676958668,0.1736148238979907
1,0.0006451950121482159,0.3660874450275005,0.1736148238979907
1,0.0006655579131129724,0.36608771517402094,0.1736148238979907
1,0.0006865634844764341,0.36608771517402094,0.1736148238979907
1,0.0007082320094606293,0.3660919813294581,0.1736148238979907
1,0.0007305844114432468,0.36613121171719626,0.1736148238979907
1,0.0007536422741614974,0.3704604627712229,0.1736148238979907
1,0.0007774278625536144,0.3063026006665448,0.1736148238979907
1,0.0008019641442581362,0.3063026006665448,0.1736148238979907
1,0.0008272748117917262,0.30630265619710534,0.1736148238979907
1,0.0008533843054269342,0.30630265619710534,0.1736148238979907
1,0.0008803178367920126,0.30630265619710534,0.1736148238979907
1,0.0009081014132155488,0.30630555524856223,0.1736148238979907
1,0.0009367618628394448,0.30630757530151786,0.1736148238979907
1,0.0009663268605244831,0.3163544947355239,0.1736148238979907
1,0.0009968249545734852,0.3163544947355239,0.1736148238979907
1,0.001,0.3163544947355239,0.1736148238979907
1,0.0010282855942978896,0.3163544947355239,0.1736148238979907
1,0.0010607391584543395,0.31635492319662134,0.1736148238979907
1,0.001094216984578764,0.31635492319662134,0.1736148238979907
1,0.001128751399246268,0.31635492319662134,0.1736148238979907
1,0.0011643757492860373,0.16427305821162883,0.1736148238979907
1,0.0012011244339814311,0.16464510459137308,0.1736148238979907
1,0.0012390329382863192,0.1647106760240922,0.1736148238979907
1,0.0012781378670897654,0.1647106760240922,0.1736148238979907
1,0.0013184769805621352,0.16472276485828038,0.1736148238979907
1,0.0013600892306167424,0.16472276485828038,0.1736148238979907
1,0.001403014798522277,0.16473026186943934,0.1736148238979907
1,0.0014472951337022918,0.1647297929254358,0.1736148238979907
1,0.0014929729937592485,0.1647297929254358,0.1736148238979907
1,0.0015400924857617558,0.1647826934458128,0.1736148238979907
1,0.0015886991088348535,0.1647826934458128,0.1736148238979907
1,0.0016388397980945052,0.16519338538885558,0.1736148238979907
1,0.0016905629699686757,0.16519346326195622,0.1736148238979907
1,0.0017439185689487981,0.16519400111075394,0.1736148238979907
1,0.0017989581158167555,0.16519431559776457,0.1736148238979907
1,0.0018557347573939303,0.1652130036729179,0.1736148238979907
1,0.001914303317860402,0.1652130036729179,0.1736148238979907
1,0.001974720351693796,0.16521379324222196,0.1736148238979907
1,0.0020370441982789467,0.16522340163831753,0.1736148238979907
1,0.002101335038241075,0.16522580527472325,0.1736148238979907
1,0.002167654951556903,0.1652291490463232,0.1736148238979907
1,0.0022360679774997894,0.16521992881120168,0.1736148238979907
1,0.002306640176476789,0.16651372504258471,0.1736148238979907
1,0.0023794396938173435,0.16651633214741293,0.1736148238979907
1,0.0024545368255752074,0.16651703204363175,0.1736148238979907
1,0.0025,0.16652344453420528,0.1736148238979907
1,0.002532004086407121,0.16652368699615805,0.1736148238979907
1,0.002611916279593795,0.16652403812384417,0.1736148238979907
1,0.0026943505692708287,0.16652660260612262,0.1736148238979907
1,0.002779386554939285,0.16652684510534527,0.1736148238979907
1,0.0028671063483278964,0.16652917752315263,0.1736148238979907
1,0.0029575946526810793,0.1665420264482593,0.1736148238979907
1,0.0030509388445493866,0.16654327095127755,0.1736148238979907
1,0.003147229058161292,0.16654461490441866,0.1736148238979907
1,0.0032465582724578485,0.16654546532026693,0.1736148238979907
1,0.0033490224008742397,0.16654803700585952,0.1736148238979907
1,0.003454720383954872,0.16655873626527923,0.1736148238979907
1,0.003563754284891536,0.1259329617414639,0.1736148238979907
1,0.0036762293880767756,0.12593395968127066,0.1736148238979907
1,0.0037922543007677272,0.12593395968127066,0.1736148238979907
1,0.0039119410579585324,0.1259380175990405,0.1736148238979907
1,0.004035405230562632,0.12593881813568783,0.1736148238979907
1,0.004162766037009365,0.12594017965733384,0.1736148238979907
1,0.004294146458362655,0.1259404297650983,0.1736148238979907
1,0.0044296733570729436,0.12594061855723634,0.1736148238979907
1,0.004569477599477056,0.12594202979780847,0.1736148238979907
1,0.004713694182164228,0.12594322385943366,0.1736148238979907
1,0.004862462362330365,0.1259475656525579,0.1736148238979907
1,0.005,0.12594796600079983,0.1736148238979907
1,0.005015925792246408,0.12594796600079983,0.1736148238979907
1,0.005174232657970618,0.1259481551177612,0.1736148238979907
1,0.005337535822438759,0.1259483702260008,0.1736148238979907
1,0.005505992973070277,0.12594999034428528,0.1736148238979907
1,0.005679766774033137,0.0002796272306311344,0.1736148238979907
1,0.005859025023314181,0.0002796272306311344,0.1736148238979907
1,0.00604394081474681,0.0002782506506544439,0.1736148238979907
1,0.006234692705152413,0.00027745854150514537,0.1736148238979907
1,0.006431464886756847,0.00027745854150514537,0.1736148238979907
1,0.006634447365048623,0.00027819904562838147,0.1736148238979907
1,0.00684383614225036,0.0002761830393320777,0.1736148238979907
1,0.007059833406580807,0.0002760841876553065,0.1736148238979907
1,0.007282647727490117,0.0002767472380332868,0.1736148238979907
1,0.007512494257056929,0.00025573390955394416,0.1736148238979907
1,0.007749594937741685,0.00025656514730857196,0.1736148238979907
1,0.007994178716696814,0.0002584169392906076,0.1736148238979907
1,0.008246481766840761,0.00024161673274039326,0.1736148238979907
1,0.00850674771490929,0.00024228342457721931,0.1736148238979907
1,0.008775227876704268,0.00024308401861674827,0.1736148238979907
1,0.009052181499767073,0.00024399657289204862,0.1736148238979907
1,0.00933787601371104,0.0002448626742340216,0.1736148238979907
1,0.009632587288454567,0.0002463234720796064,0.1736148238979907
1,0.009936599900604321,0.00024250228949849754,0.1736148238979907
1,0.01,0.00020583600870559366,0.1736148238979907
1,0.010250207408245643,0.00019855172996164716,0.1736148238979907
1,0.01057371263440564,0.00020085391188363297,0.1736148238979907
1,0.010907427959462626,0.00019969833954761265,0.1736148238979907
1,0.011251675622784191,0.0001830528048379113,0.1736148238979907
1,0.011606788033885233,0.00018315446632085578,0.1736148238979907
1,0.011973108093406433,0.0001824364381728805,0.1736148238979907
1,0.012350989524223123,0.0001780037428200764,0.1736148238979907
1,0.012740797213004081,0.0001724568285428963,0.1736148238979907
1,0.013142907562550378,0.00017289025818342368,0.1736148238979907
1,0.013557708855254222,0.0001650787678382904,0.1736148238979907
1,0.013985601628028964,0.00016660590221259398,0.1736148238979907
1,0.014426999059072134,0.0001633026980772742,0.1736148238979907
1,0.014882327366835047,0.00016116363816225942,0.1736148238979907
1,0.015352026221584282,0.00016101094220868497,0.1736148238979907
1,0.015836549169952394,0.00015798546287996006,0.1736148238979907
1,0.01633636407288775,0.00015604541454205,0.1736148238979907
1,0.016851953557426417,0.00015420819910542412,0.1736148238979907
1,0.01738381548272245,0.00015237218874162935,0.1736148238979907
1,0.0179324634207864,0.00014966807833368762,0.1736148238979907
1,0.01849842715239644,0.00014714616345090254,0.1736148238979907
1,0.019082253178660694,0.0001323102288364735,0.1736148238979907
1,0.019684505248725052,0.00013087789201312737,0.1736148238979907
1,0.02,0.00012783583307364533,0.1736148238979907
1,0.02030576490413591,0.0001121097776318654,0.1736148238979907
1,0.020946632040383325,0.00010796096199616501,0.1736148238979907
1,0.021607725486167025,0.00010002795148063612,0.1736148238979907
1,0.022289683600944528,0.00009780008383848464,0.1736148238979907
1,0.02299316489133851,0.00009365606618150751,0.1736148238979907
1,0.023718848646998237,0.00007863344856016303,0.1736148238979907
1,0.024467435596529582,0.00007466680241349006,0.1736148238979907
1,0.0252396485841266,0.00007252934612684418,0.1736148238979907
1,0.026036233267558315,0.00006753940523163971,0.1736148238979907
1,0.026857958838184384,0.00006428928951775354,0.1736148238979907
1,0.027705618763695115,0.00006322609984257263,0.1736148238979907
1,0.028580031554293065,0.00006162995320773767,0.1736148238979907
1,0.029482041553056,0.00005754798670439231,0.1736148238979907
1,0.03041251975124424,0.00005669610948321547,0.1736148238979907
1,0.03137236462933982,0.00003753450390768506,0.1736148238979907
1,0.03236250302462971,0.000013961835275106196,0.1736148238979907
1,0.03338389102617049,6.179822351995468e-6,0.1736148238979907
1,0.03443751489799912,3.051754520563545e-6,0.1736148238979907
1,0.03552439203148072,0.0,0.1736148238979907
1,0.0366455719277134,0.0,0.1736148238979907
1,0.037802137210938905,0.0,0.1736148238979907
1,0.03899520467393666,0.0,0.1736148238979907
1,0.04022592635641205,0.0,0.1736148238979907
1,0.04149549065741912,0.0,0.1736148238979907
1,0.04280512348289246,0.0,0.1736148238979907
1,0.0441560894293962,0.0,0.1736148238979907
1,0.045549693005232844,0.0,0.1736148238979907
1,0.046987279890091584,0.0,0.1736148238979907
1,0.04847023823445248,0.0,0.1736148238979907
1,0.049999999999999996,0.0,0.1736148238979907
2,0.0,0.0,0.17226945964901447
2,0.0001,0.25115551479433057,0.17226945964901447
2,0.00010315608468468423,0.25115551479433057,0.17226945964901447
2,0.00010641177807473732,0.25115551479433057,0.17226945964901447
2,0.00010977022390525428,0.25115551479433057,0.17226945964901447
2,0.00011323466513027149,0.25115551479433057,0.17226945964901447
2,0.00011680844705420146,0.25115551479433057,0.17226945964901447
2,0.0001204950205620966,0.25115551479433057,0.17226945964901447
2,0.0001242979454518639,0.25115551479433057,0.17226945964901447
2,0.00012822089387164734,0.25115551479433057,0.17226945964901447
2,0.0001322676538656955,0.25115551479433057,0.17226945964901447
2,0.00013644213303214185,0.25115551479433057,0.17226945964901447
2,0.00014074836229622576,0.25115551479433057,0.17226945964901447
2,0.00014519049980260066,0.2511589093685423,0.17226945964901447
2,0.00014977283493048703,0.2511589093685423,0.17226945964901447
2,0.00015449979243554535,0.314632936637302,0.17226945964901447
2,0.00015937593672247252,0.314632936637302,0.17226945964901447
2,0.0001644059762524425,0.314632936637302,0.17226945964901447
2,0.00016959476808965125,0.314632936637302,0.17226945964901447
2,0.00017494732259135448,0.314632936637302,0.17226945964901447
2,0.00018046880824592514,0.314632936637302,0.17226945964901447
2,0.00018616455666360695,0.314632936637302,0.17226945964901447
2,0.00019204006772477732,0.314632936637302,0.17226945964901447
2,0.00019810101489069605,0.314632936637302,0.17226945964901447
2,0.00020435325068186532,0.314632936637302,0.17226945964901447
2,0.00021080281232928983,0.314632936637302,0.17226945964901447
2,0.00021745592760409819,0.314632936637302,0.17226945964901447
2,0.00022431902083114915,0.314632936637302,0.17226945964901447
2,0.00023139871909243442,0.314632936637302,0.17226945964901447
2,0.00023870185862626624,0.314632936637302,0.17226945964901447
2,0.0002462354914284262,0.39866861974751044,0.17226945964901447
2,0.0002540068920616557,0.40478331381389004,0.17226945964901447
2,0.000262023564680056,0.40478331381389004,0.17226945964901447
2,0.00027029325027518665,0.40478331381389004,0.17226945964901447
2,0.000278823934150857,0.40478331381389004,0.17226945964901447
2,0.00028762385363382593,0.40187183328562337,0.17226945964901447
2,0.0002967015060278617,0.40187183328562337,0.17226945964901447
2,0.0003060656568188345,0.4272191530627724,0.17226945964901447
2,0.0003157253481387716,0.4272191530627724,0.17226945964901447
2,0.00032568990749704533,0.4120762123068902,0.17226945964901447
2,0.00033596895678712145,0.4120762123068902,0.17226945964901447
2,0.0003465724215775732,0.4120762123068902,0.17226945964901447
2,0.00035751054069632225,0.41255673021496586,0.17226945964901447
2,0.00036879387611737024,0.41255673021496586,0.17226945964901447
2,0.0003804333231595639,0.41255673021496586,0.17226945964901447
2,0.00039244012100723773,0.41255673021496586,0.17226945964901447
2,0.00040482586356290346,0.413325678931838,0.17226945964901447
2,0.0004176025106424529,0.413325678931838,0.17226945964901447
2,0.00043078239952369575,0.413325678931838,0.17226945964901447
2,0.0004443782568593783,0.413325678931838,0.17226945964901447
2,0.00045840321096618346,0.41336884254725914,0.17226945964901447
2,0.00047287080450158787,0.41336884254725914,0.17226945964901447
2,0.0004877950075408056,0.41336884254725914,0.17226945964901447
2,0.0005031902310664547,0.41336884254725914,0.17226945964901447
2,0.0005190713408839703,0.41336884254725914,0.17226945964901447
2,0.0005354536719761938,0.41336884254725914,0.17226945964901447
2,0.0005523530433110137,0.41336884254725914,0.17226945964901447
2,0.0005697857731163399,0.4152258680743864,0.17226945964901447
2,0.0005877686946371738,0.4152406216967803,0.17226945964901447
2,0.000606319172389986,0.4152484985916164,0.17226945964901447
2,0.0006254551189300899,0.4152484985916164,0.17226945964901447
2,0.0006451950121482159,0.3656738311061627,0.17226945964901447
2,0.0006655579131129724,0.3656738311061627,0.17226945964901447
2,0.0006865634844764341,0.3656738311061627,0.17226945964901447
2,0.0007082320094606293,0.3656738311061627,0.17226945964901447
2,0.0007305844114432468,0.3656953053249966,0.17226945964901447
2,0.0007536422741614974,0.36753295448821355,0.17226945964901447
2,0.0007774278625536144,0.3040328715469325,0.17226945964901447
2,0.0008019641442581362,0.3040328715469325,0.17226945964901447
2,0.0008272748117917262,0.3040330843974097,0.17226945964901447
2,0.0008533843054269342,0.3040330843974097,0.17226945964901447
2,0.0008803178367920126,0.3040330843974097,0.17226945964901447
2,0.0009081014132155488,0.304042082942135,0.17226945964901447
2,0.0009367618628394448,0.3040440458773574,0.17226945964901447
2,0.0009663268605244831,0.3143776924937827,0.17226945964901447
2,0.0009968249545734852,0.3143776924937827,0.17226945964901447
2,0.001,0.3143776924937827,0.17226945964901447
2,0.0010282855942978896,0.3143776924937827,0.17226945964901447
2,0.0010607391584543395,0.3143776924937827,0.17226945964901447
2,0.001094216984578764,0.3143776924937827,0.17226945964901447
2,0.001128751399246268,0.314379420865268,0.17226945964901447
2,0.0011643757492860373,0.1628256526496477,0.17226945964901447
2,0.0012011244339814311,0.16348427319376102,0.17226945964901447
2,0.0012390329382863192,0.16349821988140217,0.17226945964901447
2,0.0012781378670897654,0.16349821988140217,0.17226945964901447
2,0.0013184769805621352,0.1635452007079359,0.17226945964901447
2,0.0013600892306167424,0.1635452007079359,0.17226945964901447
2,0.001403014798522277,0.16355412239502073,0.17226945964901447
2,0.0014472951337022918,0.16355412239502073,0.17226945964901447
2,0.0014929729937592485,0.16355412239502073,0.17226945964901447
2,0.0015400924857617558,0.16357752582982274,0.17226945964901447
2,0.0015886991088348535,0.16357752582982274,0.17226945964901447
2,0.0016388397980945052,0.16432175036584035,0.17226945964901447
2,0.0016905629699686757,0.16432485639050862,0.17226945964901447
2,0.0017439185689487981,0.16432541157269878,0.17226945964901447
2,0.0017989581158167555,0.16432541157269878,0.17226945964901447
2,0.0018557347573939303,0.1643326759991214,0.17226945964901447
2,0.001914303317860402,0.1643326759991214,0.17226945964901447
2,0.001974720351693796,0.16433750306695907,0.17226945964901447
2,0.0020370441982789467,0.164352760199495,0.17226945964901447
2,0.002101335038241075,0.16435779025734612,0.17226945964901447
2,0.002167654951556903,0.16436124404664293,0.17226945964901447
2,0.0022360679774997894,0.16434726429454233,0.17226945964901447
2,0.002306640176476789,0.16639079105745389,0.17226945964901447
2,0.0023794396938173435,0.16639271640301054,0.17226945964901447
2,0.0024545368255752074,0.16639426256783213,0.17226945964901447
2,0.0025,0.16646595900193234,0.17226945964901447
2,0.002532004086407121,0.16646595900193234,0.17226945964901447
2,0.002611916279593795,0.16646595900193234,0.17226945964901447
2,0.0026943505692708287,0.16653561293100932,0.17226945964901447
2,0.002779386554939285,0.16653561293100932,0.17226945964901447
2,0.0028671063483278964,0.16653561293100932,0.17226945964901447
2,0.0029575946526810793,0.16654414957846136,0.17226945964901447
2,0.0030509388445493866,0.1665449619918136,0.17226945964901447
2,0.003147229058161292,0.16654732748019896,0.17226945964901447
2,0.0032465582724578485,0.1665475699594667,0.17226945964901447
2,0.0033490224008742397,0.16654919689885925,0.17226945964901447
2,0.003454720383954872,0.1665507626742454,0.17226945964901447
2,0.003563754284891536,0.1259258542792157,0.17226945964901447
2,0.0036762293880767756,0.12592734272849684,0.17226945964901447
2,0.0037922543007677272,0.12592734272849684,0.17226945964901447
2,0.0039119410579585324,0.12592918082177712,0.17226945964901447
2,0.004035405230562632,0.1259339485769522,0.17226945964901447
2,0.004162766037009365,0.1259339485769522,0.17226945964901447
2,0.004294146458362655,0.12593458572751004,0.17226945964901447
2,0.0044296733570729436,0.12593533619128902,0.17226945964901447
2,0.004569477599477056,0.12593567973798078,0.17226945964901447
2,0.004713694182164228,0.1259382724652601,0.17226945964901447
2,0.004862462362330365,0.12594305012547768,0.17226945964901447
2,0.005,0.12594342396382704,0.17226945964901447
2,0.005015925792246408,0.12594342396382704,0.17226945964901447
2,0.005174232657970618,0.12594342396382704,0.17226945964901447
2,0.005337535822438759,0.12594342396382704,0.17226945964901447
2,0.005505992973070277,0.12594547577364748,0.17226945964901447
2,0.005679766774033137,0.0002843226718939962,0.17226945964901447
2,0.005859025023314181,0.0002845441858892901,0.17226945964901447
2,0.00604394081474681,0.0002845441858892901,0.17226945964901447
2,0.006234692705152413,0.00028383018384699297,0.17226945964901447
2,0.006431464886756847,0.00028345633496903517,0.17226945964901447
2,0.006634447365048623,0.0002848943604113225,0.17226945964901447
2,0.00684383614225036,0.0002819025402273737,0.17226945964901447
2,0.007059833406580807,0.00028254609904329543,0.17226945964901447
2,0.007282647727490117,0.00028254609904329543,0.17226945964901447
2,0.007512494257056929,0.000263028063637016,0.17226945964901447
2,0.007749594937741685,0.000264225550541477,0.17226945964901447
2,0.007994178716696814,0.0002675958863722986,0.17226945964901447
2,0.008246481766840761,0.0002519272727485117,0.17226945964901447
2,0.00850674771490929,0.0002528935698061472,0.17226945964901447
2,0.008775227876704268,0.0002545183670408999,0.17226945964901447
2,0.009052181499767073,0.00025546723122706213,0.17226945964901447
2,0.00933787601371104,0.0002585588609773758,0.17226945964901447
2,0.009632587288454567,0.00022648484557052557,0.17226945964901447
2,0.009936599900604321,0.0002209077221121019,0.17226945964901447
2,0.01,0.00021986484675817953,0.17226945964901447
2,0.010250207408245643,0.00021458671715548648,0.17226945964901447
2,0.01057371263440564,0.0002044920413738444,0.17226945964901447
2,0.010907427959462626,0.00020341496806440662,0.17226945964901447
2,0.011251675622784191,0.00019987322956524294,0.17226945964901447
2,0.011606788033885233,0.00019914667446366358,0.17226945964901447
2,0.011973108093406433,0.00019371908974324814,0.17226945964901447
2,0.012350989524223123,0.0001889727915430753,0.17226945964901447
2,0.012740797213004081,0.00018716970442322526,0.17226945964901447
2,0.013142907562550378,0.00018847623760032147,0.17226945964901447
2,0.013557708855254222,0.00018329197072952712,0.17226945964901447
2,0.013985601628028964,0.00018178832210397614,0.17226945964901447
2,0.014426999059072134,0.0001808952066984905,0.17226945964901447
2,0.014882327366835047,0.00017272727292535713,0.17226945964901447
2,0.015352026221584282,0.0001708504711992941,0.17226945964901447
2,0.015836549169952394,0.00017075841875541012,0.17226945964901447
2,0.01633636407288775,0.00016551318718419745,0.17226945964901447
2,0.016851953557426417,0.0001627933449876468,0.17226945964901447
2,0.01738381548272245,0.00016127133814495024,0.17226945964901447
2,0.0179324634207864,0.0001570511827892513,0.17226945964901447
2,0.01849842715239644,0.00015428701078296864,0.17226945964901447
2,0.019082253178660694,0.0001394956249255341,0.17226945964901447
2,0.019684505248725052,0.00013728433626988568,0.17226945964901447
2,0.02,0.00013566817592937917,0.17226945964901447
2,0.02030576490413591,0.00013398791589865056,0.17226945964901447
2,0.020946632040383325,0.00011557582282878605,0.17226945964901447
2,0.021607725486167025,0.00010949547273954167,0.17226945964901447
2,0.022289683600944528,0.00010029606611425996,0.17226945964901447
2,0.02299316489133851,0.00009866187245736592,0.17226945964901447
2,0.023718848646998237,0.00009203125538172721,0.17226945964901447
2,0.024467435596529582,0.00007998312116339526,0.17226945964901447
2,0.0252396485841266,0.00007543274320278365,0.17226945964901447
2,0.026036233267558315,0.00007279135103874618,0.17226945964901447
2,0.026857958838184384,0.0000646802274435576,0.17226945964901447
2,0.027705618763695115,0.00006162995320773767,0.17226945964901447
2,0.028580031554293065,0.00005754798670439231,0.17226945964901447
2,0.029482041553056,0.00005797910470893667,0.17226945964901447
2,0.03041251975124424,0.00005797910470893667,0.17226945964901447
2,0.03137236462933982,0.00004851974293841686,0.17226945964901447
2,0.03236250302462971,0.00002654926487695326,0.17226945964901447
2,0.03338389102617049,0.00001083376744363938,0.17226945964901447
2,0.03443751489799912,3.051754520563545e-6,0.17226945964901447
2,0.03552439203148072,0.0,0.17226945964901447
2,0.0366455719277134,0.0,0.17226945964901447
2,0.037802137210938905,0.0,0.17226945964901447
2,0.03899520467393666,0.0,0.17226945964901447
2,0.04022592635641205,0.0,0.17226945964901447
2,0.04149549065741912,0.0,0.17226945964901447
2,0.04280512348289246,0.0,0.17226945964901447
2,0.0441560894293962,0.0,0.17226945964901447
2,0.045549693005232844,0.0,0.17226945964901447
2,0.046987279890091584,0.0,0.17226945964901447
2,0.04847023823445248,0.0,0.17226945964901447
2,0.049999999999999996,0.0,0.17226945964901447
3,0.0,0.0,0.17359380342196282
3,0.0001,0.25115551479433057,0.17359380342196282
3,0.00010315608468468423,0.25115551479433057,0.17359380342196282
3,0.00010641177807473732,0.25115551479433057,0.17359380342196282
3,0.00010977022390525428,0.25115551479433057,0.17359380342196282
3,0.00011323466513027149,0.25115551479433057,0.17359380342196282
3,0.00011680844705420146,0.25115551479433057,0.17359380342196282
3,0.0001204950205620966,0.25115551479433057,0.17359380342196282
3,0.0001242979454518639,0.25115551479433057,0.17359380342196282
3,0.00012822089387164734,0.25115551479433057,0.17359380342196282
3,0.0001322676538656955,0.25115551479433057,0.17359380342196282
3,0.00013644213303214185,0.25115551479433057,0.17359380342196282
3,0.00014074836229622576,0.25115551479433057,0.17359380342196282
3,0.00014519049980260066,0.25115551479433057,0.17359380342196282
3,0.00014977283493048703,0.25115551479433057,0.17359380342196282
3,0.00015449979243554535,0.3268377843450472,0.17359380342196282
3,0.00015937593672247252,0.3268377843450472,0.17359380342196282
3,0.0001644059762524425,0.3268377843450472,0.17359380342196282
3,0.00016959476808965125,0.3268377843450472,0.17359380342196282
3,0.00017494732259135448,0.3268377843450472,0.17359380342196282
3,0.00018046880824592514,0.3268377843450472,0.17359380342196282
3,0.00018616455666360695,0.3268377843450472,0.17359380342196282
3,0.00019204006772477732,0.3268377843450472,0.17359380342196282
3,0.00019810101489069605,0.3268377843450472,0.17359380342196282
3,0.00020435325068186532,0.3268377843450472,0.17359380342196282
3,0.00021080281232928983,0.3268377843450472,0.17359380342196282
3,0.00021745592760409819,0.3268377843450472,0.17359380342196282
3,0.00022431902083114915,0.3268377843450472,0.17359380342196282
3,0.00023139871909243442,0.3268377843450472,0.17359380342196282
3,0.00023870185862626624,0.3268377843450472,0.17359380342196282
3,0.0002462354914284262,0.4067523413603057,0.17359380342196282
3,0.0002540068920616557,0.4069027019656862,0.17359380342196282
3,0.000262023564680056,0.4069027019656862,0.17359380342196282
3,0.00027029325027518665,0.4069027019656862,0.17359380342196282
3,0.000278823934150857,0.4069027019656862,0.17359380342196282
3,0.00028762385363382593,0.40379006700199493,0.17359380342196282
3,0.0002967015060278617,0.40379006700199493,0.17359380342196282
3,0.0003060656568188345,0.42855723683259545,0.17359380342196282
3,0.0003157253481387716,0.42855723683259545,0.17359380342196282
3,0.00032568990749704533,0.4148779929424565,0.17359380342196282
3,0.00033596895678712145,0.4148779929424565,0.17359380342196282
3,0.0003465724215775732,0.4148779929424565,0.17359380342196282
3,0.00035751054069632225,0.41507551002312926,0.17359380342196282
3,0.00036879387611737024,0.41507551002312926,0.17359380342196282
3,0.0003804333231595639,0.41507551002312926,0.17359380342196282
3,0.00039244012100723773,0.41507551002312926,0.17359380342196282
3,0.00040482586356290346,0.41567696112345026,0.17359380342196282
3,0.0004176025106424529,0.41567696112345026,0.17359380342196282
3,0.00043078239952369575,0.41567696112345026,0.17359380342196282
3,0.0004443782568593783,0.41567696112345026,0.17359380342196282
3,0.00045840321096618346,0.4159847092053039,0.17359380342196282
3,0.00047287080450158787,0.4159847092053039,0.17359380342196282
3,0.0004877950075408056,0.4159847092053039,0.17359380342196282
3,0.0005031902310664547,0.4159847092053039,0.17359380342196282
3,0.0005190713408839703,0.4159847092053039,0.17359380342196282
3,0.0005354536719761938,0.4159847092053039,0.17359380342196282
3,0.0005523530433110137,0.4159847092053039,0.17359380342196282
3,0.0005697857731163399,0.41709080578247987,0.17359380342196282
3,0.0005877686946371738,0.4170965334208714,0.17359380342196282
3,0.000606319172389986,0.4170965334208714,0.17359380342196282
3,0.0006254551189300899,0.4170965334208714,0.17359380342196282
3,0.0006451950121482159,0.36639969645403164,0.17359380342196282
3,0.0006655579131129724,0.36639969645403164,0.17359380342196282
3,0.0006865634844764341,0.36639969645403164,0.17359380342196282
3,0.0007082320094606293,0.36640250258677676,0.17359380342196282
3,0.0007305844114432468,0.3664042846908761,0.17359380342196282
3,0.0007536422741614974,0.36665385311014825,0.17359380342196282
3,0.0007774278625536144,0.303377421436456,0.17359380342196282
3,0.0008019641442581362,0.303377421436456,0.17359380342196282
3,0.0008272748117917262,0.303377421436456,0.17359380342196282
3,0.0008533843054269342,0.303377421436456,0.17359380342196282
3,0.0008803178367920126,0.303377421436456,0.17359380342196282
3,0.0009081014132155488,0.30338936191840365,0.17359380342196282
3,0.0009367618628394448,0.3033909590139709,0.17359380342196282
3,0.0009663268605244831,0.3137733116607895,0.17359380342196282
3,0.0009968249545734852,0.3137733116607895,0.17359380342196282
3,0.001,0.3137733116607895,0.17359380342196282
3,0.0010282855942978896,0.3137733116607895,0.17359380342196282
3,0.0010607391584543395,0.3137733116607895,0.17359380342196282
3,0.001094216984578764,0.3137733116607895,0.17359380342196282
3,0.001128751399246268,0.3137736794421945,0.17359380342196282
3,0.0011643757492860373,0.16246767262555648,0.17359380342196282
3,0.0012011244339814311,0.16453959730798728,0.17359380342196282
3,0.0012390329382863192,0.16465427028036597,0.17359380342196282
3,0.0012781378670897654,0.16465427028036597,0.17359380342196282
3,0.0013184769805621352,0.16465551953022725,0.17359380342196282
3,0.0013600892306167424,0.16465551953022725,0.17359380342196282
3,0.001403014798522277,0.16465519550395688,0.17359380342196282
3,0.0014472951337022918,0.16465519550395688,0.17359380342196282
3,0.0014929729937592485,0.16465519550395688,0.17359380342196282
3,0.0015400924857617558,0.16468735528076114,0.17359380342196282
3,0.0015886991088348535,0.16511109163817653,0.17359380342196282
3,0.0016388397980945052,0.165114181842226,0.17359380342196282
3,0.0016905629699686757,0.165114181842226,0.17359380342196282
3,0.0017439185689487981,0.165114181842226,0.17359380342196282
3,0.0017989581158167555,0.1651145152190613,0.17359380342196282
3,0.0018557347573939303,0.1651145152190613,0.17359380342196282
3,0.001914303317860402,0.1651145152190613,0.17359380342196282
3,0.001974720351693796,0.1651160281536834,0.17359380342196282
3,0.0020370441982789467,0.1651185595499069,0.17359380342196282
3,0.002101335038241075,0.16512159097369875,0.17359380342196282
3,0.002167654951556903,0.1651249464193887,0.17359380342196282
3,0.0022360679774997894,0.1651121229176691,0.17359380342196282
3,0.002306640176476789,0.16651844701746288,0.17359380342196282
3,0.0023794396938173435,0.16651844701746288,0.17359380342196282
3,0.0024545368255752074,0.16651844701746288,0.17359380342196282
3,0.0025,0.1665236394487607,0.17359380342196282
3,0.002532004086407121,0.16652466209734065,0.17359380342196282
3,0.002611916279593795,0.16652466209734065,0.17359380342196282
3,0.0026943505692708287,0.16653333914706278,0.17359380342196282
3,0.002779386554939285,0.16653438696147146,0.17359380342196282
3,0.0028671063483278964,0.16654282653836225,0.17359380342196282
3,0.0029575946526810793,0.16654583009473845,0.17359380342196282
3,0.0030509388445493866,0.1665471369294813,0.17359380342196282
3,0.003147229058161292,0.16655067380313013,0.17359380342196282
3,0.0032465582724578485,0.16655091627389648,0.17359380342196282
3,0.0033490224008742397,0.16655222328905206,0.17359380342196282
3,0.003454720383954872,0.1665532715627987,0.17359380342196282
3,0.003563754284891536,0.12592925444976416,0.17359380342196282
3,0.0036762293880767756,0.12592959801350395,0.17359380342196282
3,0.0037922543007677272,0.1259307418716661,0.17359380342196282
3,0.0039119410579585324,0.12593257968741897,0.17359380342196282
3,0.004035405230562632,0.12593557859872914,0.17359380342196282
3,0.004162766037009365,0.1259377370121308,0.17359380342196282
3,0.004294146458362655,0.12593808047242458,0.17359380342196282
3,0.0044296733570729436,0.12593845583858293,0.17359380342196282
3,0.004569477599477056,0.12593907116568892,0.17359380342196282
3,0.004713694182164228,0.1259407210942389,0.17359380342196282
3,0.004862462362330365,0.12594503349076758,0.17359380342196282
3,0.005,0.12594553901887262,0.17359380342196282
3,0.005015925792246408,0.12594553901887262,0.17359380342196282
3,0.005174232657970618,0.12594553901887262,0.17359380342196282
3,0.005337535822438759,0.12594553901887262,0.17359380342196282
3,0.005505992973070277,0.12594835929275125,0.17359380342196282
3,0.005679766774033137,0.0002856032738315863,0.17359380342196282
3,0.005859025023314181,0.00028582584036370806,0.17359380342196282
3,0.00604394081474681,0.00028582584036370806,0.17359380342196282
3,0.006234692705152413,0.00028383018384699297,0.17359380342196282
3,0.006431464886756847,0.00028383018384699297,0.17359380342196282
3,0.006634447365048623,0.00028441337431388454,0.17359380342196282
3,0.00684383614225036,0.0002824378993579754,0.17359380342196282
3,0.007059833406580807,0.0002824320967281312,0.17359380342196282
3,0.007282647727490117,0.00028245120884461464,0.17359380342196282
3,0.007512494257056929,0.00027840018435722365,0.17359380342196282
3,0.007749594937741685,0.0002645361158006229,0.17359380342196282
3,0.007994178716696814,0.00026634759336167815,0.17359380342196282
3,0.008246481766840761,0.0002521621641828538,0.17359380342196282
3,0.00850674771490929,0.00025230759581878494,0.17359380342196282
3,0.008775227876704268,0.0002527011875090412,0.17359380342196282
3,0.009052181499767073,0.0002543272935660285,0.17359380342196282
3,0.00933787601371104,0.0002564258293129185,0.17359380342196282
3,0.009632587288454567,0.0002565891767183376,0.17359380342196282
3,0.009936599900604321,0.00021949381967380053,0.17359380342196282
3,0.01,0.00021913361914024533,0.17359380342196282
3,0.010250207408245643,0.00021313556995312247,0.17359380342196282
3,0.01057371263440564,0.00021356410018024186,0.17359380342196282
3,0.010907427959462626,0.0002019583923100158,0.17359380342196282
3,0.011251675622784191,0.00020059840586205056,0.17359380342196282
3,0.011606788033885233,0.00020056039058079705,0.17359380342196282
3,0.011973108093406433,0.00019569184387087618,0.17359380342196282
3,0.012350989524223123,0.00019205816117397705,0.17359380342196282
3,0.012740797213004081,0.0001895598560852182,0.17359380342196282
3,0.013142907562550378,0.00018693621790870322,0.17359380342196282
3,0.013557708855254222,0.0001848541440528699,0.17359380342196282
3,0.013985601628028964,0.00018132730743211043,0.17359380342196282
3,0.014426999059072134,0.00018100806557878554,0.17359380342196282
3,0.014882327366835047,0.00017761059362167132,0.17359380342196282
3,0.015352026221584282,0.00017800048698793098,0.17359380342196282
3,0.015836549169952394,0.0001766694675691057,0.17359380342196282
3,0.01633636407288775,0.00017052241883730936,0.17359380342196282
3,0.016851953557426417,0.00016679793562583852,0.17359380342196282
3,0.01738381548272245,0.0001653456422020238,0.17359380342196282
3,0.0179324634207864,0.0001614078707787959,0.17359380342196282
3,0.01849842715239644,0.00015763286290287692,0.17359380342196282
3,0.019082253178660694,0.00014112839549874578,0.17359380342196282
3,0.019684505248725052,0.00013637222237322896,0.17359380342196282
3,0.02,0.00013473977282564407,0.17359380342196282
3,0.02030576490413591,0.0001334275531536087,0.17359380342196282
3,0.020946632040383325,0.00011459945637241739,0.17359380342196282
3,0.021607725486167025,0.00011106118559231262,0.17359380342196282
3,0.022289683600944528,0.00010096674657621052,0.17359380342196282
3,0.02299316489133851,0.00010034328709737942,0.17359380342196282
3,0.023718848646998237,0.00009768699651113625,0.17359380342196282
3,0.024467435596529582,0.0000795602958306223,0.17359380342196282
3,0.0252396485841266,0.00007516735539206927,0.17359380342196282
3,0.026036233267558315,0.0000743933531543183,0.17359380342196282
3,0.026857958838184384,0.0000657101018711726,0.17359380342196282
3,0.027705618763695115,0.00006322609984257263,0.17359380342196282
3,0.028580031554293065,0.00006162995320773767,0.17359380342196282
3,0.029482041553056,0.00005754798670439231,0.17359380342196282
3,0.03041251975124424,0.00005669610948321547,0.17359380342196282
3,0.03137236462933982,0.00004723674771276544,0.17359380342196282
3,0.03236250302462971,0.00002526626965126694,0.17359380342196282
3,0.03338389102617049,0.00001083376744363938,0.17359380342196282
3,0.03443751489799912,6.179822351995468e-6,0.17359380342196282
3,0.03552439203148072,3.051754520563545e-6,0.17359380342196282
3,0.0366455719277134,0.0,0.17359380342196282
3,0.037802137210938905,0.0,0.17359380342196282
3,0.03899520467393666,0.0,0.17359380342196282
3,0.04022592635641205,0.0,0.17359380342196282
3,0.04149549065741912,0.0,0.17359380342196282
3,0.04280512348289246,0.0,0.17359380342196282
3,0.0441560894293962,0.0,0.17359380342196282
3,0.045549693005232844,0.0,0.17359380342196282
3,0.046987279890091584,0.0,0.17359380342196282
3,0.04847023823445248,0.0,0.17359380342196282
3,0.049999999999999996,0.0,0.17359380342196282
4,0.0,0.0,0.17305529829776728
4,0.0001,0.2511589093685423,0.17305529829776728
4,0.00010315608468468423,0.2511589093685423,0.17305529829776728
4,0.00010641177807473732,0.2511589093685423,0.17305529829776728
4,0.00010977022390525428,0.2511589093685423,0.17305529829776728
4,0.00011323466513027149,0.2511589093685423,0.17305529829776728
4,0.00011680844705420146,0.2511589093685423,0.17305529829776728
4,0.0001204950205620966,0.2511589093685423,0.17305529829776728
4,0.0001242979454518639,0.2511589093685423,0.17305529829776728
4,0.00012822089387164734,0.2511589093685423,0.17305529829776728
4,0.0001322676538656955,0.2511589093685423,0.17305529829776728
4,0.00013644213303214185,0.2511589093685423,0.17305529829776728
4,0.00014074836229622576,0.2511589093685423,0.17305529829776728
4,0.00014519049980260066,0.2511625784687728,0.17305529829776728
4,0.00014977283493048703,0.2511625784687728,0.17305529829776728
4,0.00015449979243554535,0.3239139241311058,0.17305529829776728
4,0.00015937593672247252,0.3239139241311058,0.17305529829776728
4,0.0001644059762524425,0.3239139241311058,0.17305529829776728
4,0.00016959476808965125,0.3239139241311058,0.17305529829776728
4,0.00017494732259135448,0.3239139241311058,0.17305529829776728
4,0.00018046880824592514,0.3239139241311058,0.17305529829776728
4,0.00018616455666360695,0.3239139241311058,0.17305529829776728
4,0.00019204006772477732,0.3239139241311058,0.17305529829776728
4,0.00019810101489069605,0.3239139241311058,0.17305529829776728
4,0.00020435325068186532,0.3239139241311058,0.17305529829776728
4,0.00021080281232928983,0.3239139241311058,0.17305529829776728
4,0.00021745592760409819,0.3239139241311058,0.17305529829776728
4,0.00022431902083114915,0.3239139241311058,0.17305529829776728
4,0.00023139871909243442,0.3239139241311058,0.17305529829776728
4,0.00023870185862626624,0.3239139241311058,0.17305529829776728
4,0.0002462354914284262,0.40407531345676967,0.17305529829776728
4,0.0002540068920616557,0.4062415559105632,0.17305529829776728
4,0.000262023564680056,0.4062415559105632,0.17305529829776728
4,0.00027029325027518665,0.4062415559105632,0.17305529829776728
4,0.000278823934150857,0.4062415559105632,0.17305529829776728
4,0.00028762385363382593,0.4032292993283925,0.17305529829776728
4,0.0002967015060278617,0.4032292993283925,0.17305529829776728
4,0.0003060656568188345,0.4281014071932035,0.17305529829776728
4,0.0003157253481387716,0.4281014071932035,0.17305529829776728
4,0.00032568990749704533,0.4116166060060997,0.17305529829776728
4,0.00033596895678712145,0.4116166060060997,0.17305529829776728
4,0.0003465724215775732,0.4116166060060997,0.17305529829776728
4,0.00035751054069632225,0.41165746106765566,0.17305529829776728
4,0.00036879387611737024,0.41165746106765566,0.17305529829776728
4,0.0003804333231595639,0.4116578094101392,0.17305529829776728
4,0.00039244012100723773,0.4116578094101392,0.17305529829776728
4,0.00040482586356290346,0.41273051763039714,0.17305529829776728
4,0.0004176025106424529,0.41273051763039714,0.17305529829776728
4,0.00043078239952369575,0.41273051763039714,0.17305529829776728
4,0.0004443782568593783,0.41273051763039714,0.17305529829776728
4,0.00045840321096618346,0.41333671580506703,0.17305529829776728
4,0.00047287080450158787,0.41333671580506703,0.17305529829776728
4,0.0004877950075408056,0.41333671580506703,0.17305529829776728
4,0.0005031902310664547,0.41333671580506703,0.17305529829776728
4,0.0005190713408839703,0.41333671580506703,0.17305529829776728
4,0.0005354536719761938,0.41333671580506703,0.17305529829776728
4,0.0005523530433110137,0.41333671580506703,0.17305529829776728
4,0.0005697857731163399,0.41420273161967847,0.17305529829776728
4,0.0005877686946371738,0.41420273161967847,0.17305529829776728
4,0.000606319172389986,0.41420273161967847,0.17305529829776728
4,0.0006254551189300899,0.41420273161967847,0.17305529829776728
4,0.0006451950121482159,0.3649387128198742,0.17305529829776728
4,0.0006655579131129724,0.3649387128198742,0.17305529829776728
4,0.0006865634844764341,0.3649387128198742,0.17305529829776728
4,0.0007082320094606293,0.36494108932944175,0.17305529829776728
4,0.0007305844114432468,0.36494108932944175,0.17305529829776728
4,0.0007536422741614974,0.3682049693288453,0.17305529829776728
4,0.0007774278625536144,0.3045382383609021,0.17305529829776728
4,0.0008019641442581362,0.3045382383609021,0.17305529829776728
4,0.0008272748117917262,0.3045382383609021,0.17305529829776728
4,0.0008533843054269342,0.30453834067360835,0.17305529829776728
4,0.0008803178367920126,0.30453834067360835,0.17305529829776728
4,0.0009081014132155488,0.30455157766823077,0.17305529829776728
4,0.0009367618628394448,0.30455157766823077,0.17305529829776728
4,0.0009663268605244831,0.3147884569378699,0.17305529829776728
4,0.0009968249545734852,0.3147884569378699,0.17305529829776728
4,0.001,0.3147884569378699,0.17305529829776728
4,0.0010282855942978896,0.3147884569378699,0.17305529829776728
4,0.0010607391584543395,0.3147884569378699,0.17305529829776728
4,0.001094216984578764,0.3147884569378699,0.17305529829776728
4,0.001128751399246268,0.31478889963788975,0.17305529829776728
4,0.0011643757492860373,0.16307848123690077,0.17305529829776728
4,0.0012011244339814311,0.16425965587910088,0.17305529829776728
4,0.0012390329382863192,0.16440104094074726,0.17305529829776728
4,0.0012781378670897654,0.16440104094074726,0.17305529829776728
4,0.0013184769805621352,0.16440934940163685,0.17305529829776728
4,0.0013600892306167424,0.16440934940163685,0.17305529829776728
4,0.001403014798522277,0.1644143594770458,0.17305529829776728
4,0.0014472951337022918,0.1644143594770458,0.17305529829776728
4,0.0014929729937592485,0.1644140367322232,0.17305529829776728
4,0.0015400924857617558,0.16442847611242883,0.17305529829776728
4,0.0015886991088348535,0.16442890087892145,0.17305529829776728
4,0.0016388397980945052,0.16493010044126052,0.17305529829776728
4,0.0016905629699686757,0.16492944708801896,0.17305529829776728
4,0.0017439185689487981,0.16492944708801896,0.17305529829776728
4,0.0017989581158167555,0.16492979632884497,0.17305529829776728
4,0.0018557347573939303,0.16493511256642976,0.17305529829776728
4,0.001914303317860402,0.16493545365800608,0.17305529829776728
4,0.001974720351693796,0.16493625132331863,0.17305529829776728
4,0.0020370441982789467,0.16495614674920767,0.17305529829776728
4,0.002101335038241075,0.16496410012294802,0.17305529829776728
4,0.002167654951556903,0.1649678180553839,0.17305529829776728
4,0.0022360679774997894,0.16495365033097417,0.17305529829776728
4,0.002306640176476789,0.16653273252518558,0.17305529829776728
4,0.0023794396938173435,0.1665330992415162,0.17305529829776728
4,0.0024545368255752074,0.16653780902328943,0.17305529829776728
4,0.0025,0.16654409383245647,0.17305529829776728
4,0.002532004086407121,0.1665453581793127,0.17305529829776728
4,0.002611916279593795,0.16654636995124378,0.17305529829776728
4,0.0026943505692708287,0.16654636995124378,0.17305529829776728
4,0.002779386554939285,0.16654688713905755,0.17305529829776728
4,0.0028671063483278964,0.16655018960410184,0.17305529829776728
4,0.0029575946526810793,0.16655294162702053,0.17305529829776728
4,0.0030509388445493866,0.16655453385211683,0.17305529829776728
4,0.003147229058161292,0.1665558780083035,0.17305529829776728
4,0.0032465582724578485,0.1665558780083035,0.17305529829776728
4,0.0033490224008742397,0.16655799298747456,0.17305529829776728
4,0.003454720383954872,0.16655965075441975,0.17305529829776728
4,0.003563754284891536,0.1259323178988498,0.17305529829776728
4,0.0036762293880767756,0.1259323178988498,0.17305529829776728
4,0.0037922543007677272,0.12593354027652431,0.17305529829776728
4,0.0039119410579585324,0.12593566078565796,0.17305529829776728
4,0.004035405230562632,0.12593648319173162,0.17305529829776728
4,0.004162766037009365,0.12594068434678476,0.17305529829776728
4,0.004294146458362655,0.12594068434678476,0.17305529829776728
4,0.0044296733570729436,0.12594068434678476,0.17305529829776728
4,0.004569477599477056,0.12594127390774668,0.17305529829776728
4,0.004713694182164228,0.1259424686619144,0.17305529829776728
4,0.004862462362330365,0.1259312926628578,0.17305529829776728
4,0.005,0.1259341393316559,0.17305529829776728
4,0.005015925792246408,0.1259341393316559,0.17305529829776728
4,0.005174232657970618,0.1259348018576572,0.17305529829776728
4,0.005337535822438759,0.12593539017273095,0.17305529829776728
4,0.005505992973070277,0.12593696138430677,0.17305529829776728
4,0.005679766774033137,0.00028205835789808705,0.17305529829776728
4,0.005859025023314181,0.00028205835789808705,0.17305529829776728
4,0.00604394081474681,0.00028226487372438056,0.17305529829776728
4,0.006234692705152413,0.0002811357360096872,0.17305529829776728
4,0.006431464886756847,0.00028083519820496785,0.17305529829776728
4,0.006634447365048623,0.0002814493643065183,0.17305529829776728
4,0.00684383614225036,0.0002794157555376102,0.17305529829776728
4,0.007059833406580807,0.0002802816900492715,0.17305529829776728
4,0.007282647727490117,0.00028035370131990444,0.17305529829776728
4,0.007512494257056929,0.00027722933290597,0.17305529829776728
4,0.007749594937741685,0.00026248064881879334,0.17305529829776728
4,0.007994178716696814,0.000265146297145287,0.17305529829776728
4,0.008246481766840761,0.00025017371357100693,0.17305529829776728
4,0.00850674771490929,0.0002492429474550222,0.17305529829776728
4,0.008775227876704268,0.0002502192870782434,0.17305529829776728
4,0.009052181499767073,0.0002509777240505067,0.17305529829776728
4,0.00933787601371104,0.00025448877166217836,0.17305529829776728
4,0.009632587288454567,0.00025448877166217836,0.17305529829776728
4,0.009936599900604321,0.0002496350486919843,0.17305529829776728
4,0.01,0.00021467039093540186,0.17305529829776728
4,0.010250207408245643,0.0002162569518371781,0.17305529829776728
4,0.01057371263440564,0.000210581727371863,0.17305529829776728
4,0.010907427959462626,0.00021048167048807705,0.17305529829776728
4,0.011251675622784191,0.00019474482538825246,0.17305529829776728
4,0.011606788033885233,0.00019476580891751602,0.17305529829776728
4,0.011973108093406433,0.00019423995296132763,0.17305529829776728
4,0.012350989524223123,0.0001832250544145718,0.17305529829776728
4,0.012740797213004081,0.00017968107826951075,0.17305529829776728
4,0.013142907562550378,0.00017725428967402991,0.17305529829776728
4,0.013557708855254222,0.00017265373254131907,0.17305529829776728
4,0.013985601628028964,0.00017268831903552196,0.17305529829776728
4,0.014426999059072134,0.0001669891594838103,0.17305529829776728
4,0.014882327366835047,0.0001639668079268314,0.17305529829776728
4,0.015352026221584282,0.00016238996605442057,0.17305529829776728
4,0.015836549169952394,0.00016070724317895167,0.17305529829776728
4,0.01633636407288775,0.0001559436532301285,0.17305529829776728
4,0.016851953557426417,0.00015419693060431922,0.17305529829776728
4,0.01738381548272245,0.0001524573102755248,0.17305529829776728
4,0.0179324634207864,0.0001498162959373226,0.17305529829776728
4,0.01849842715239644,0.00014633523816353443,0.17305529829776728
4,0.019082253178660694,0.00013053049223385273,0.17305529829776728
4,0.019684505248725052,0.00012785681788628707,0.17305529829776728
4,0.02,0.0001260503912637039,0.17305529829776728
4,0.02030576490413591,0.00012476606653845487,0.17305529829776728
4,0.020946632040383325,0.0001061997650198678,0.17305529829776728
4,0.021607725486167025,0.00010485783729124678,0.17305529829776728
4,0.022289683600944528,0.0000959791707159382,0.17305529829776728
4,0.02299316489133851,0.00009397530935188331,0.17305529829776728
4,0.023718848646998237,0.00009092462190413388,0.17305529829776728
4,0.024467435596529582,0.00007668278460519812,0.17305529829776728
4,0.0252396485841266,0.00006958583151001539,0.17305529829776728
4,0.026036233267558315,0.00006788414868207273,0.17305529829776728
4,0.026857958838184384,0.000059938434289303156,0.17305529829776728
4,0.027705618763695115,0.00005390222689926574,0.17305529829776728
4,0.028580031554293065,0.0000518677406170917,0.17305529829776728
4,0.029482041553056,0.00004710412834360644,0.17305529829776728
4,0.03041251975124424,0.00004747634313558594,0.17305529829776728
4,0.03137236462933982,0.000046193347909934514,0.17305529829776728
4,0.03236250302462971,0.00002703174233433433,0.17305529829776728
4,0.03338389102617049,6.179822351995468e-6,0.17305529829776728
4,0.03443751489799912,3.051754520563545e-6,0.17305529829776728
4,0.03552439203148072,0.0,0.17305529829776728
4,0.0366455719277134,0.0,0.17305529829776728
4,0.037802137210938905,0.0,0.17305529829776728
4,0.03899520467393666,0.0,0.17305529829776728
4,0.04022592635641205,0.0,0.17305529829776728
4,0.04149549065741912,0.0,0.17305529829776728
4,0.04280512348289246,0.0,0.17305529829776728
4,0.0441560894293962,0.0,0.17305529829776728
4,0.045549693005232844,0.0,0.17305529829776728
4,0.046987279890091584,0.0,0.17305529829776728
4,0.04847023823445248,0.0,0.17305529829776728
4,0.049999999999999996,0.0,0.17305529829776728
5,0.0,0.0,0.17319955709869178
5,0.0001,0.25115551479433057,0.17319955709869178
5,0.00010315608468468423,0.25115551479433057,0.17319955709869178
5,0.00010641177807473732,0.25115551479433057,0.17319955709869178
5,0.00010977022390525428,0.25115551479433057,0.17319955709869178
5,0.00011323466513027149,0.25115551479433057,0.17319955709869178
5,0.00011680844705420146,0.25115551479433057,0.17319955709869178
5,0.0001204950205620966,0.25115551479433057,0.17319955709869178
5,0.0001242979454518639,0.25115551479433057,0.17319955709869178
5,0.00012822089387164734,0.25115551479433057,0.17319955709869178
5,0.0001322676538656955,0.25115551479433057,0.17319955709869178
5,0.00013644213303214185,0.25115551479433057,0.17319955709869178
5,0.00014074836229622576,0.25115551479433057,0.17319955709869178
5,0.00014519049980260066,0.25115551479433057,0.17319955709869178
5,0.00014977283493048703,0.25115551479433057,0.17319955709869178
5,0.00015449979243554535,0.32266716658144884,0.17319955709869178
5,0.00015937593672247252,0.32266716658144884,0.17319955709869178
5,0.0001644059762524425,0.32266716658144884,0.17319955709869178
5,0.00016959476808965125,0.32266716658144884,0.17319955709869178
5,0.00017494732259135448,0.32266716658144884,0.17319955709869178
5,0.00018046880824592514,0.32266716658144884,0.17319955709869178
5,0.00018616455666360695,0.32266716658144884,0.17319955709869178
5,0.00019204006772477732,0.32266716658144884,0.17319955709869178
5,0.00019810101489069605,0.32266716658144884,0.17319955709869178
5,0.00020435325068186532,0.3226683322792012,0.17319955709869178
5,0.00021080281232928983,0.3226683322792012,0.17319955709869178
5,0.00021745592760409819,0.3226683322792012,0.17319955709869178
5,0.00022431902083114915,0.3226683322792012,0.17319955709869178
5,0.00023139871909243442,0.3226683322792012,0.17319955709869178
5,0.00023870185862626624,0.3226683322792012,0.17319955709869178
5,0.0002462354914284262,0.40417016803689015,0.17319955709869178
5,0.0002540068920616557,0.40510967166496153,0.17319955709869178
5,0.000262023564680056,0.40510967166496153,0.17319955709869178
5,0.00027029325027518665,0.40510967166496153,0.17319955709869178
5,0.000278823934150857,0.40510967166496153,0.17319955709869178
5,0.00028762385363382593,0.4022856941420654,0.17319955709869178
5,0.0002967015060278617,0.4022856941420654,0.17319955709869178
5,0.0003060656568188345,0.4275246309018411,0.17319955709869178
5,0.0003157253481387716,0.4275246309018411,0.17319955709869178
5,0.00032568990749704533,0.41382105314773393,0.17319955709869178
5,0.00033596895678712145,0.41382105314773393,0.17319955709869178
5,0.0003465724215775732,0.41382105314773393,0.17319955709869178
5,0.00035751054069632225,0.4139816385557755,0.17319955709869178
5,0.00036879387611737024,0.4139816385557755,0.17319955709869178
5,0.0003804333231595639,0.4139816385557755,0.17319955709869178
5,0.00039244012100723773,0.4139816385557755,0.17319955709869178
5,0.00040482586356290346,0.41459558436973226,0.17319955709869178
5,0.0004176025106424529,0.41459558436973226,0.17319955709869178
5,0.00043078239952369575,0.41459558436973226,0.17319955709869178
5,0.0004443782568593783,0.41459558436973226,0.17319955709869178
5,0.00045840321096618346,0.4149955170476452,0.17319955709869178
5,0.00047287080450158787,0.4149955170476452,0.17319955709869178
5,0.0004877950075408056,0.4149955170476452,0.17319955709869178
5,0.0005031902310664547,0.4149955170476452,0.17319955709869178
5,0.0005190713408839703,0.4149955170476452,0.17319955709869178
5,0.0005354536719761938,0.4149955170476452,0.17319955709869178
5,0.0005523530433110137,0.4149955170476452,0.17319955709869178
5,0.0005697857731163399,0.41675199103913185,0.17319955709869178
5,0.0005877686946371738,0.41675199103913185,0.17319955709869178
5,0.000606319172389986,0.41675199103913185,0.17319955709869178
5,0.0006254551189300899,0.41675199103913185,0.17319955709869178
5,0.0006451950121482159,0.3659318256700432,0.17319955709869178
5,0.0006655579131129724,0.3659318256700432,0.17319955709869178
5,0.0006865634844764341,0.3659318256700432,0.17319955709869178
5,0.0007082320094606293,0.3659318256700432,0.17319955709869178
5,0.0007305844114432468,0.3659354000402721,0.17319955709869178
5,0.0007536422741614974,0.3682654280154213,0.17319955709869178
5,0.0007774278625536144,0.30458930928854167,0.17319955709869178
5,0.0008019641442581362,0.30458930928854167,0.17319955709869178
5,0.0008272748117917262,0.30458930928854167,0.17319955709869178
5,0.0008533843054269342,0.30458930928854167,0.17319955709869178
5,0.0008803178367920126,0.30458930928854167,0.17319955709869178
5,0.0009081014132155488,0.3046734688077844,0.17319955709869178
5,0.0009367618628394448,0.3046734688077844,0.17319955709869178
5,0.0009663268605244831,0.31490496077308666,0.17319955709869178
5,0.0009968249545734852,0.31490496077308666,0.17319955709869178
5,0.001,0.31490496077308666,0.17319955709869178
5,0.0010282855942978896,0.31490496077308666,0.17319955709869178
5,0.0010607391584543395,0.31490496077308666,0.17319955709869178
5,0.001094216984578764,0.31490496077308666,0.17319955709869178
5,0.001128751399246268,0.31490667896709773,0.17319955709869178
5,0.0011643757492860373,0.163196729822388,0.17319955709869178
5,0.0012011244339814311,0.1645911817280406,0.17319955709869178
5,0.0012390329382863192,0.16459177669803182,0.17319955709869178
5,0.0012781378670897654,0.16459177669803182,0.17319955709869178
5,0.0013184769805621352,0.16464653003093352,0.17319955709869178
5,0.0013600892306167424,0.16464653003093352,0.17319955709869178
5,0.001403014798522277,0.16465070025197454,0.17319955709869178
5,0.0014472951337022918,0.16465070025197454,0.17319955709869178
5,0.0014929729937592485,0.16465070025197454,0.17319955709869178
5,0.0015400924857617558,0.16465045554083385,0.17319955709869178
5,0.0015886991088348535,0.16465045554083385,0.17319955709869178
5,0.0016388397980945052,0.16508382371192787,0.17319955709869178
5,0.0016905629699686757,0.16507768702659076,0.17319955709869178
5,0.0017439185689487981,0.16507768702659076,0.17319955709869178
5,0.0017989581158167555,0.16507800285399837,0.17319955709869178
5,0.0018557347573939303,0.16511971945289808,0.17319955709869178
5,0.001914303317860402,0.16511971945289808,0.17319955709869178
5,0.001974720351693796,0.16512051136834247,0.17319955709869178
5,0.0020370441982789467,0.16512304184938786,0.17319955709869178
5,0.002101335038241075,0.1652586035528871,0.17319955709869178
5,0.002167654951556903,0.16526194297298868,0.17319955709869178
5,0.0022360679774997894,0.16525062623947212,0.17319955709869178
5,0.002306640176476789,0.16652273593146127,0.17319955709869178
5,0.0023794396938173435,0.16652310245904853,0.17319955709869178
5,0.0024545368255752074,0.16652310245904853,0.17319955709869178
5,0.0025,0.16652343633577946,0.17319955709869178
5,0.002532004086407121,0.1665247014581562,0.17319955709869178
5,0.002611916279593795,0.1665247014581562,0.17319955709869178
5,0.0026943505692708287,0.1665289501685681,0.17319955709869178
5,0.002779386554939285,0.1665291926656968,0.17319955709869178
5,0.0028671063483278964,0.1665315227117674,0.17319955709869178
5,0.0029575946526810793,0.16653332755825828,0.17319955709869178
5,0.0030509388445493866,0.16654126650655865,0.17319955709869178
5,0.003147229058161292,0.16654260974920207,0.17319955709869178
5,0.0032465582724578485,0.1665441998870937,0.17319955709869178
5,0.0033490224008742397,0.16654472674444215,0.17319955709869178
5,0.003454720383954872,0.1665457748600997,0.17319955709869178
5,0.003563754284891536,0.12592530711541502,0.17319955709869178
5,0.0036762293880767756,0.12592622917352864,0.17319955709869178
5,0.0037922543007677272,0.12592641534781668,0.17319955709869178
5,0.0039119410579585324,0.1259281979593579,0.17319955709869178
5,0.004035405230562632,0.1259285945719871,0.17319955709869178
5,0.004162766037009365,0.12593435085860355,0.17319955709869178
5,0.004294146458362655,0.12593478016130555,0.17319955709869178
5,0.0044296733570729436,0.1259359353488867,0.17319955709869178
5,0.004569477599477056,0.1259365256857847,0.17319955709869178
5,0.004713694182164228,0.12593839294104203,0.17319955709869178
5,0.004862462362330365,0.12593878989109666,0.17319955709869178
5,0.005,0.1259394620365093,0.17319955709869178
5,0.005015925792246408,0.1259394620365093,0.17319955709869178
5,0.005174232657970618,0.12594438719728823,0.17319955709869178
5,0.005337535822438759,0.12594476104249647,0.17319955709869178
5,0.005505992973070277,0.1259464858674867,0.17319955709869178
5,0.005679766774033137,0.00028007485758201436,0.17319955709869178
5,0.005859025023314181,0.0002818269783943969,0.17319955709869178
5,0.00604394081474681,0.0002812206482635569,0.17319955709869178
5,0.006234692705152413,0.0002811799608635727,0.17319955709869178
5,0.006431464886756847,0.00028122026868928495,0.17319955709869178
5,0.006634447365048623,0.00028122026868928495,0.17319955709869178
5,0.00684383614225036,0.00027785863978589887,0.17319955709869178
5,0.007059833406580807,0.00027874018657883857,0.17319955709869178
5,0.007282647727490117,0.00027967069289013333,0.17319955709869178
5,0.007512494257056929,0.000275240783986579,0.17319955709869178
5,0.007749594937741685,0.00026026231188429935,0.17319955709869178
5,0.007994178716696814,0.0002623733615529637,0.17319955709869178
5,0.008246481766840761,0.0002472295738838875,0.17319955709869178
5,0.00850674771490929,0.0002493977616918485,0.17319955709869178
5,0.008775227876704268,0.0002493977616918485,0.17319955709869178
5,0.009052181499767073,0.00025122845419655286,0.17319955709869178
5,0.00933787601371104,0.00025258704355209387,0.17319955709869178
5,0.009632587288454567,0.00025285612788012303,0.17319955709869178
5,0.009936599900604321,0.0002492047117011094,0.17319955709869178
5,0.01,0.00021312148593271565,0.17319955709869178
5,0.010250207408245643,0.0002080585794310584,0.17319955709869178
5,0.01057371263440564,0.0002064791507432115,0.17319955709869178
5,0.010907427959462626,0.00020761934357861625,0.17319955709869178
5,0.011251675622784191,0.00019105905186605828,0.17319955709869178
5,0.011606788033885233,0.00019072406192322688,0.17319955709869178
5,0.011973108093406433,0.00019018524300072905,0.17319955709869178
5,0.012350989524223123,0.0001851219394443843,0.17319955709869178
5,0.012740797213004081,0.0001790758492571749,0.17319955709869178
5,0.013142907562550378,0.00017925872531746541,0.17319955709869178
5,0.013557708855254222,0.00017260080752269034,0.17319955709869178
5,0.013985601628028964,0.00017065957970587863,0.17319955709869178
5,0.014426999059072134,0.00016986472896733467,0.17319955709869178
5,0.014882327366835047,0.00016852763128987798,0.17319955709869178
5,0.015352026221584282,0.00016849250154183507,0.17319955709869178
5,0.015836549169952394,0.0001688691423749964,0.17319955709869178
5,0.01633636407288775,0.0001648683268316488,0.17319955709869178
5,0.016851953557426417,0.00016353706545857351,0.17319955709869178
5,0.01738381548272245,0.0001618150386444588,0.17319955709869178
5,0.0179324634207864,0.0001594545295738679,0.17319955709869178
5,0.01849842715239644,0.00015729439413651072,0.17319955709869178
5,0.019082253178660694,0.00014160526684846563,0.17319955709869178
5,0.019684505248725052,0.00013715500230213602,0.17319955709869178
5,0.02,0.00013552737698151632,0.17319955709869178
5,0.02030576490413591,0.00013420776545062735,0.17319955709869178
5,0.020946632040383325,0.00011557582282878605,0.17319955709869178
5,0.021607725486167025,0.00011430990667985707,0.17319955709869178
5,0.022289683600944528,0.00010143669081088966,0.17319955709869178
5,0.02299316489133851,0.00009975963868527796,0.17319955709869178
5,0.023718848646998237,0.00009678560601547197,0.17319955709869178
5,0.024467435596529582,0.00007995018592599496,0.17319955709869178
5,0.0252396485841266,0.00007181175653970434,0.17319955709869178
5,0.026036233267558315,0.00007050177754770623,0.17319955709869178
5,0.026857958838184384,0.0000633463268349051,0.17319955709869178
5,0.027705618763695115,0.00005855747031205329,0.17319955709869178
5,0.028580031554293065,0.00005548766854456102,0.17319955709869178
5,0.029482041553056,0.00005482681796385462,0.17319955709869178
5,0.03041251975124424,0.00005276752388358297,0.17319955709869178
5,0.03137236462933982,0.00005148452865789666,0.17319955709869178
5,0.03236250302462971,0.000032322923082366254,0.17319955709869178
5,0.03338389102617049,0.000013961835275106196,0.17319955709869178
5,0.03443751489799912,6.179822351995468e-6,0.17319955709869178
5,0.03552439203148072,3.051754520563545e-6,0.17319955709869178
5,0.0366455719277134,0.0,0.17319955709869178
5,0.037802137210938905,0.0,0.17319955709869178
5,0.03899520467393666,0.0,0.17319955709869178
5,0.04022592635641205,0.0,0.17319955709869178
5,0.04149549065741912,0.0,0.17319955709869178
5,0.04280512348289246,0.0,0.17319955709869178
5,0.0441560894293962,0.0,0.17319955709869178
5,0.045549693005232844,0.0,0.17319955709869178
5,0.046987279890091584,0.0,0.17319955709869178
5,0.04847023823445248,0.0,0.17319955709869178
5,0.049999999999999996,0.0,0.17319955709869178
6,0.0,0.0,0.17329426976431625
6,0.0001,0.25115551479433057,0.17329426976431625
6,0.00010315608468468423,0.25115551479433057,0.17329426976431625
6,0.00010641177807473732,0.25115551479433057,0.17329426976431625
6,0.00010977022390525428,0.25115551479433057,0.17329426976431625
6,0.00011323466513027149,0.25115551479433057,0.17329426976431625
6,0.00011680844705420146,0.25115551479433057,0.17329426976431625
6,0.0001204950205620966,0.25115551479433057,0.17329426976431625
6,0.0001242979454518639,0.25115551479433057,0.17329426976431625
6,0.00012822089387164734,0.25115551479433057,0.17329426976431625
6,0.0001322676538656955,0.25115551479433057,0.17329426976431625
6,0.00013644213303214185,0.25115551479433057,0.17329426976431625
6,0.00014074836229622576,0.25115551479433057,0.17329426976431625
6,0.00014519049980260066,0.25115551479433057,0.17329426976431625
6,0.00014977283493048703,0.25115551479433057,0.17329426976431625
6,0.00015449979243554535,0.3215975313406055,0.17329426976431625
6,0.00015937593672247252,0.3215975313406055,0.17329426976431625
6,0.0001644059762524425,0.3215975313406055,0.17329426976431625
6,0.00016959476808965125,0.3215975313406055,0.17329426976431625
6,0.00017494732259135448,0.3215975313406055,0.17329426976431625
6,0.00018046880824592514,0.3215975313406055,0.17329426976431625
6,0.00018616455666360695,0.3215975313406055,0.17329426976431625
6,0.00019204006772477732,0.3215975313406055,0.17329426976431625
6,0.00019810101489069605,0.3215975313406055,0.17329426976431625
6,0.00020435325068186532,0.3215975313406055,0.17329426976431625
6,0.00021080281232928983,0.3215975313406055,0.17329426976431625
6,0.00021745592760409819,0.3215975313406055,0.17329426976431625
6,0.00022431902083114915,0.3215975313406055,0.17329426976431625
6,0.00023139871909243442,0.3215975313406055,0.17329426976431625
6,0.00023870185862626624,0.3215975313406055,0.17329426976431625
6,0.0002462354914284262,0.40387044932277555,0.17329426976431625
6,0.0002540068920616557,0.40765570618309394,0.17329426976431625
6,0.000262023564680056,0.40765570618309394,0.17329426976431625
6,0.00027029325027518665,0.40765570618309394,0.17329426976431625
6,0.000278823934150857,0.40765570618309394,0.17329426976431625
6,0.00028762385363382593,0.404514231755826,0.17329426976431625
6,0.0002967015060278617,0.404514231755826,0.17329426976431625
6,0.0003060656568188345,0.42908975065904453,0.17329426976431625
6,0.0003157253481387716,0.42908975065904453,0.17329426976431625
6,0.00032568990749704533,0.4151535238101306,0.17329426976431625
6,0.00033596895678712145,0.4151535238101306,0.17329426976431625
6,0.0003465724215775732,0.4151535238101306,0.17329426976431625
6,0.00035751054069632225,0.4152665522804907,0.17329426976431625
6,0.00036879387611737024,0.4152665522804907,0.17329426976431625
6,0.0003804333231595639,0.4152665522804907,0.17329426976431625
6,0.00039244012100723773,0.4152665522804907,0.17329426976431625
6,0.00040482586356290346,0.41574896568674713,0.17329426976431625
6,0.0004176025106424529,0.41574896568674713,0.17329426976431625
6,0.00043078239952369575,0.41574896568674713,0.17329426976431625
6,0.0004443782568593783,0.41574896568674713,0.17329426976431625
6,0.00045840321096618346,0.4160811007913486,0.17329426976431625
6,0.00047287080450158787,0.4160811007913486,0.17329426976431625
6,0.0004877950075408056,0.4160811007913486,0.17329426976431625
6,0.0005031902310664547,0.4160811007913486,0.17329426976431625
6,0.0005190713408839703,0.4160811007913486,0.17329426976431625
6,0.0005354536719761938,0.4160811007913486,0.17329426976431625
6,0.0005523530433110137,0.4160811007913486,0.17329426976431625
6,0.0005697857731163399,0.4170310574866838,0.17329426976431625
6,0.0005877686946371738,0.4170310574866838,0.17329426976431625
6,0.000606319172389986,0.4170330382684573,0.17329426976431625
6,0.0006254551189300899,0.4170330382684573,0.17329426976431625
6,0.0006451950121482159,0.3664959887528444,0.17329426976431625
6,0.0006655579131129724,0.3664959887528444,0.17329426976431625
6,0.0006865634844764341,0.3664959887528444,0.17329426976431625
6,0.0007082320094606293,0.36650069579658334,0.17329426976431625
6,0.0007305844114432468,0.366510080367963,0.17329426976431625
6,0.0007536422741614974,0.3687451473064627,0.17329426976431625
6,0.0007774278625536144,0.30496501937855497,0.17329426976431625
6,0.0008019641442581362,0.30496501937855497,0.17329426976431625
6,0.0008272748117917262,0.30496501937855497,0.17329426976431625
6,0.0008533843054269342,0.30496501937855497,0.17329426976431625
6,0.0008803178367920126,0.30496512249600777,0.17329426976431625
6,0.0009081014132155488,0.3049665958269169,0.17329426976431625
6,0.0009367618628394448,0.3049665958269169,0.17329426976431625
6,0.0009663268605244831,0.31523667884645973,0.17329426976431625
6,0.0009968249545734852,0.31523667884645973,0.17329426976431625
6,0.001,0.31523667884645973,0.17329426976431625
6,0.0010282855942978896,0.31523667884645973,0.17329426976431625
6,0.0010607391584543395,0.31523711242642194,0.17329426976431625
6,0.001094216984578764,0.31523711242642194,0.17329426976431625
6,0.001128751399246268,0.3152388244235519,0.17329426976431625
6,0.0011643757492860373,0.16342519424149068,0.17329426976431625
6,0.0012011244339814311,0.16394928315544047,0.17329426976431625
6,0.0012390329382863192,0.16398334266332706,0.17329426976431625
6,0.0012781378670897654,0.16398334266332706,0.17329426976431625
6,0.0013184769805621352,0.16402611492326624,0.17329426976431625
6,0.0013600892306167424,0.16402611492326624,0.17329426976431625
6,0.001403014798522277,0.16402611492326624,0.17329426976431625
6,0.0014472951337022918,0.16402611492326624,0.17329426976431625
6,0.0014929729937592485,0.16402611492326624,0.17329426976431625
6,0.0015400924857617558,0.16402980516413904,0.17329426976431625
6,0.0015886991088348535,0.16463562255264477,0.17329426976431625
6,0.0016388397980945052,0.16463625518393316,0.17329426976431625
6,0.0016905629699686757,0.16463778920042973,0.17329426976431625
6,0.0017439185689487981,0.16463778920042973,0.17329426976431625
6,0.0017989581158167555,0.16463813386936915,0.17329426976431625
6,0.0018557347573939303,0.16463813386936915,0.17329426976431625
6,0.001914303317860402,0.16463852255713293,0.17329426976431625
6,0.001974720351693796,0.16463932863342778,0.17329426976431625
6,0.0020370441982789467,0.16464190435354478,0.17329426976431625
6,0.002101335038241075,0.1646595975171561,0.17329426976431625
6,0.002167654951556903,0.164663009768688,0.17329426976431625
6,0.0022360679774997894,0.16464900721747372,0.17329426976431625
6,0.002306640176476789,0.166321578313159,0.17329426976431625
6,0.0023794396938173435,0.16632445296590387,0.17329426976431625
6,0.0024545368255752074,0.16632497255711132,0.17329426976431625
6,0.0025,0.16641572098518867,0.17329426976431625
6,0.002532004086407121,0.16641572098518867,0.17329426976431625
6,0.002611916279593795,0.16641840144813919,0.17329426976431625
6,0.0026943505692708287,0.16646976451128634,0.17329426976431625
6,0.002779386554939285,0.16647155046150147,0.17329426976431625
6,0.0028671063483278964,0.16647411125025713,0.17329426976431625
6,0.0029575946526810793,0.1665509532516861,0.17329426976431625
6,0.0030509388445493866,0.16655123762899032,0.17329426976431625
6,0.003147229058161292,0.1665549485566134,0.17329426976431625
6,0.0032465582724578485,0.1665549485566134,0.17329426976431625
6,0.0033490224008742397,0.16655551845342015,0.17329426976431625
6,0.003454720383954872,0.16656064460683453,0.17329426976431625
6,0.003563754284891536,0.12593688452251267,0.17329426976431625
6,0.0036762293880767756,0.12594101474023134,0.17329426976431625
6,0.0037922543007677272,0.12594442039191384,0.17329426976431625
6,0.0039119410579585324,0.12594604246534896,0.17329426976431625
6,0.004035405230562632,0.1259464386105254,0.17329426976431625
6,0.004162766037009365,0.12594702614085915,0.17329426976431625
6,0.004294146458362655,0.12594702614085915,0.17329426976431625
6,0.0044296733570729436,0.1259479103375653,0.17329426976431625
6,0.004569477599477056,0.12594829978592753,0.17329426976431625
6,0.004713694182164228,0.12594994862491463,0.17329426976431625
6,0.004862462362330365,0.12595034503856076,0.17329426976431625
6,0.005,0.12595034503856076,0.17329426976431625
6,0.005015925792246408,0.12595034503856076,0.17329426976431625
6,0.005174232657970618,0.12595034503856076,0.17329426976431625
6,0.005337535822438759,0.12595199557835726,0.17329426976431625
6,0.005505992973070277,0.12595282144552308,0.17329426976431625
6,0.005679766774033137,0.0002811640329509853,0.17329426976431625
6,0.005859025023314181,0.0002811640329509853,0.17329426976431625
6,0.00604394081474681,0.0002800347369723018,0.17329426976431625
6,0.006234692705152413,0.0002799793775898912,0.17329426976431625
6,0.006431464886756847,0.00027989734382603907,0.17329426976431625
6,0.006634447365048623,0.0002804642344399199,0.17329426976431625
6,0.00684383614225036,0.00027785628224114527,0.17329426976431625
6,0.007059833406580807,0.0002789508352917892,0.17329426976431625
6,0.007282647727490117,0.0002792414293537855,0.17329426976431625
6,0.007512494257056929,0.0002584398058707333,0.17329426976431625
6,0.007749594937741685,0.00025987116376528904,0.17329426976431625
6,0.007994178716696814,0.00026224680615993026,0.17329426976431625
6,0.008246481766840761,0.0002455973541253345,0.17329426976431625
6,0.00850674771490929,0.00024721841104174226,0.17329426976431625
6,0.008775227876704268,0.00024739476534912724,0.17329426976431625
6,0.009052181499767073,0.00025008606044668423,0.17329426976431625
6,0.00933787601371104,0.00025168081460233557,0.17329426976431625
6,0.009632587288454567,0.0002510024530122529,0.17329426976431625
6,0.009936599900604321,0.00024595379639920253,0.17329426976431625
6,0.01,0.0002082314425032369,0.17329426976431625
6,0.010250207408245643,0.00020204524862833494,0.17329426976431625
6,0.01057371263440564,0.0002048993555713925,0.17329426976431625
6,0.010907427959462626,0.00019818264510564147,0.17329426976431625
6,0.011251675622784191,0.00018509470432263772,0.17329426976431625
6,0.011606788033885233,0.00018292743780454662,0.17329426976431625
6,0.011973108093406433,0.0001833204541323485,0.17329426976431625
6,0.012350989524223123,0.00017903282802413347,0.17329426976431625
6,0.012740797213004081,0.00017408344287732857,0.17329426976431625
6,0.013142907562550378,0.00016431065715516904,0.17329426976431625
6,0.013557708855254222,0.00016051336764473485,0.17329426976431625
6,0.013985601628028964,0.000153494180377482,0.17329426976431625
6,0.014426999059072134,0.00014977741167261928,0.17329426976431625
6,0.014882327366835047,0.00014977741167261928,0.17329426976431625
6,0.015352026221584282,0.00014944260562989485,0.17329426976431625
6,0.015836549169952394,0.00014754489846394877,0.17329426976431625
6,0.01633636407288775,0.00014460208060001117,0.17329426976431625
6,0.016851953557426417,0.00014135722615448576,0.17329426976431625
6,0.01738381548272245,0.0001392717481313818,0.17329426976431625
6,0.0179324634207864,0.00013601807475815364,0.17329426976431625
6,0.01849842715239644,0.00013410793810059228,0.17329426976431625
6,0.019082253178660694,0.00011886708990771764,0.17329426976431625
6,0.019684505248725052,0.00011281407350182501,0.17329426976431625
6,0.02,0.00011281407350182501,0.17329426976431625
6,0.02030576490413591,0.00011055091014113442,0.17329426976431625
6,0.020946632040383325,0.00009325652907149915,0.17329426976431625
6,0.021607725486167025,0.00009065398315440636,0.17329426976431625
6,0.022289683600944528,0.00008180460175315218,0.17329426976431625
6,0.02299316489133851,0.00007929585632478043,0.17329426976431625
6,0.023718848646998237,0.00007799711462883384,0.17329426976431625
6,0.024467435596529582,0.0000638193984300478,0.17329426976431625
6,0.0252396485841266,0.000059748668782852677,0.17329426976431625
6,0.026036233267558315,0.00005754483521131638,0.17329426976431625
6,0.026857958838184384,0.000050088992699208235,0.17329426976431625
6,0.027705618763695115,0.00004601119261575285,0.17329426976431625
6,0.028580031554293065,0.00004303342699346981,0.17329426976431625
6,0.029482041553056,0.00004226476231023224,0.17329426976431625
6,0.03041251975124424,0.00004226476231023224,0.17329426976431625
6,0.03137236462933982,0.00002182016150905041,0.17329426976431625
6,0.03236250302462971,9.3078901833925e-6,0.17329426976431625
6,0.03338389102617049,6.179822351995468e-6,0.17329426976431625
6,0.03443751489799912,3.051754520563545e-6,0.17329426976431625
6,0.03552439203148072,0.0,0.17329426976431625
6,0.0366455719277134,0.0,0.17329426976431625
6,0.037802137210938905,0.0,0.17329426976431625
6,0.03899520467393666,0.0,0.17329426976431625
6,0.04022592635641205,0.0,0.17329426976431625
6,0.04149549065741912,0.0,0.17329426976431625
6,0.04280512348289246,0.0,0.17329426976431625
6,0.0441560894293962,0.0,0.17329426976431625
6,0.045549693005232844,0.0,0.17329426976431625
6,0.046987279890091584,0.0,0.17329426976431625
6,0.04847023823445248,0.0,0.17329426976431625
6,0.049999999999999996,0.0,0.17329426976431625
7,0.0,0.0,0.17389839299817839
7,0.0001,0.25115551479433057,0.17389839299817839
7,0.00010315608468468423,0.25115551479433057,0.17389839299817839
7,0.00010641177807473732,0.25115551479433057,0.17389839299817839
7,0.00010977022390525428,0.25115551479433057,0.17389839299817839
7,0.00011323466513027149,0.25115551479433057,0.17389839299817839
7,0.00011680844705420146,0.25115551479433057,0.17389839299817839
7,0.0001204950205620966,0.25115551479433057,0.17389839299817839
7,0.0001242979454518639,0.25115551479433057,0.17389839299817839
7,0.00012822089387164734,0.25115551479433057,0.17389839299817839
7,0.0001322676538656955,0.25115551479433057,0.17389839299817839
7,0.00013644213303214185,0.25115551479433057,0.17389839299817839
7,0.00014074836229622576,0.25115551479433057,0.17389839299817839
7,0.00014519049980260066,0.2511572120814365,0.17389839299817839
7,0.00014977283493048703,0.2511572120814365,0.17389839299817839
7,0.00015449979243554535,0.3292068745675176,0.17389839299817839
7,0.00015937593672247252,0.3292068745675176,0.17389839299817839
7,0.0001644059762524425,0.3292068745675176,0.17389839299817839
7,0.00016959476808965125,0.3292068745675176,0.17389839299817839
7,0.00017494732259135448,0.3292068745675176,0.17389839299817839
7,0.00018046880824592514,0.3292068745675176,0.17389839299817839
7,0.00018616455666360695,0.3292068745675176,0.17389839299817839
7,0.00019204006772477732,0.3292068745675176,0.17389839299817839
7,0.00019810101489069605,0.3292068745675176,0.17389839299817839
7,0.00020435325068186532,0.3292068745675176,0.17389839299817839
7,0.00021080281232928983,0.3292068745675176,0.17389839299817839
7,0.00021745592760409819,0.3292068745675176,0.17389839299817839
7,0.00022431902083114915,0.3292068745675176,0.17389839299817839
7,0.00023139871909243442,0.3292068745675176,0.17389839299817839
7,0.00023870185862626624,0.3292068745675176,0.17389839299817839
7,0.0002462354914284262,0.4080528476079579,0.17389839299817839
7,0.0002540068920616557,0.4087774139973549,0.17389839299817839
7,0.000262023564680056,0.4087774139973549,0.17389839299817839
7,0.00027029325027518665,0.4087774139973549,0.17389839299817839
7,0.000278823934150857,0.4087774139973549,0.17389839299817839
7,0.00028762385363382593,0.4054623196068604,0.17389839299817839
7,0.0002967015060278617,0.4054623196068604,0.17389839299817839
7,0.0003060656568188345,0.42969670272647675,0.17389839299817839
7,0.0003157253481387716,0.42969670272647675,0.17389839299817839
7,0.00032568990749704533,0.4140640375676786,0.17389839299817839
7,0.00033596895678712145,0.4140640375676786,0.17389839299817839
7,0.0003465724215775732,0.4140640375676786,0.17389839299817839
7,0.00035751054069632225,0.414067242468366,0.17389839299817839
7,0.00036879387611737024,0.414067242468366,0.17389839299817839
7,0.0003804333231595639,0.414067242468366,0.17389839299817839
7,0.00039244012100723773,0.414067242468366,0.17389839299817839
7,0.00040482586356290346,0.41496177882375523,0.17389839299817839
7,0.0004176025106424529,0.41496177882375523,0.17389839299817839
7,0.00043078239952369575,0.41496177882375523,0.17389839299817839
7,0.0004443782568593783,0.41496177882375523,0.17389839299817839
7,0.00045840321096618346,0.4152100834527094,0.17389839299817839
7,0.00047287080450158787,0.4152100834527094,0.17389839299817839
7,0.0004877950075408056,0.4152100834527094,0.17389839299817839
7,0.0005031902310664547,0.4152100834527094,0.17389839299817839
7,0.0005190713408839703,0.4152100834527094,0.17389839299817839
7,0.0005354536719761938,0.4152100834527094,0.17389839299817839
7,0.0005523530433110137,0.4152100834527094,0.17389839299817839
7,0.0005697857731163399,0.41558064998215594,0.17389839299817839
7,0.0005877686946371738,0.41558064998215594,0.17389839299817839
7,0.000606319172389986,0.4155851152008869,0.17389839299817839
7,0.0006254551189300899,0.4155853121071631,0.17389839299817839
7,0.0006451950121482159,0.3654285204524862,0.17389839299817839
7,0.0006655579131129724,0.3654287925592835,0.17389839299817839
7,0.0006865634844764341,0.3654287925592835,0.17389839299817839
7,0.0007082320094606293,0.3654311620721917,0.17389839299817839
7,0.0007305844114432468,0.3654676146124193,0.17389839299817839
7,0.0007536422741614974,0.3700092581641868,0.17389839299817839
7,0.0007774278625536144,0.30594932821813003,0.17389839299817839
7,0.0008019641442581362,0.30594932821813003,0.17389839299817839
7,0.0008272748117917262,0.30594932821813003,0.17389839299817839
7,0.0008533843054269342,0.30594932821813003,0.17389839299817839
7,0.0008803178367920126,0.30594932821813003,0.17389839299817839
7,0.0009081014132155488,0.30594932821813003,0.17389839299817839
7,0.0009367618628394448,0.30594932821813003,0.17389839299817839
7,0.0009663268605244831,0.31616910842180235,0.17389839299817839
7,0.0009968249545734852,0.31616910842180235,0.17389839299817839
7,0.001,0.31616910842180235,0.17389839299817839
7,0.0010282855942978896,0.31616910842180235,0.17389839299817839
7,0.0010607391584543395,0.31616910842180235,0.17389839299817839
7,0.001094216984578764,0.31616910842180235,0.17389839299817839
7,0.001128751399246268,0.3161708034218728,0.17389839299817839
7,0.0011643757492860373,0.1641376778873896,0.17389839299817839
7,0.0012011244339814311,0.1645882961911927,0.17389839299817839
7,0.0012390329382863192,0.1645945049935888,0.17389839299817839
7,0.0012781378670897654,0.1645945049935888,0.17389839299817839
7,0.0013184769805621352,0.16465375673906793,0.17389839299817839
7,0.0013600892306167424,0.16465375673906793,0.17389839299817839
7,0.001403014798522277,0.16465625514612045,0.17389839299817839
7,0.0014472951337022918,0.16465625514612045,0.17389839299817839
7,0.0014929729937592485,0.16465625514612045,0.17389839299817839
7,0.0015400924857617558,0.164655931064619,0.17389839299817839
7,0.0015886991088348535,0.164655931064619,0.17389839299817839
7,0.0016388397980945052,0.1650882736896293,0.17389839299817839
7,0.0016905629699686757,0.16508861274895253,0.17389839299817839
7,0.0017439185689487981,0.16508895999065987,0.17389839299817839
7,0.0017989581158167555,0.1650895914467971,0.17389839299817839
7,0.0018557347573939303,0.1650899737992583,0.17389839299817839
7,0.001914303317860402,0.16509030753934065,0.17389839299817839
7,0.001974720351693796,0.16509110051813256,0.17389839299817839
7,0.0020370441982789467,0.16509363439618407,0.17389839299817839
7,0.002101335038241075,0.16509889720483234,0.17389839299817839
7,0.002167654951556903,0.1651022556805413,0.17389839299817839
7,0.0022360679774997894,0.16508413847374476,0.17389839299817839
7,0.002306640176476789,0.16652257006816282,0.17389839299817839
7,0.0023794396938173435,0.16652257006816282,0.17389839299817839
7,0.0024545368255752074,0.16652257006816282,0.17389839299817839
7,0.0025,0.1665247169598308,0.17389839299817839
7,0.002532004086407121,0.1665247169598308,0.17389839299817839
7,0.002611916279593795,0.1665247169598308,0.17389839299817839
7,0.0026943505692708287,0.16652894234306131,0.17389839299817839
7,0.002779386554939285,0.16652930883138337,0.17389839299817839
7,0.0028671063483278964,0.16653634095881487,0.17389839299817839
7,0.0029575946526810793,0.16654026144073306,0.17389839299817839
7,0.0030509388445493866,0.16654250358944003,0.17389839299817839
7,0.003147229058161292,0.16654436399786524,0.17389839299817839
7,0.0032465582724578485,0.1665460327433859,0.17389839299817839
7,0.0033490224008742397,0.1665475788122614,0.17389839299817839
7,0.003454720383954872,0.16655095097806938,0.17389839299817839
7,0.003563754284891536,0.12592793423540877,0.17389839299817839
7,0.0036762293880767756,0.1259290423783499,0.17389839299817839
7,0.0037922543007677272,0.12592925712536607,0.17389839299817839
7,0.0039119410579585324,0.12593323075606136,0.17389839299817839
7,0.004035405230562632,0.12593822083811637,0.17389839299817839
7,0.004162766037009365,0.1259390287833796,0.17389839299817839
7,0.004294146458362655,0.1259390287833796,0.17389839299817839
7,0.0044296733570729436,0.1259394041523564,0.17389839299817839
7,0.004569477599477056,0.12593980519415754,0.17389839299817839
7,0.004713694182164228,0.12594124088370262,0.17389839299817839
7,0.004862462362330365,0.1259447818377665,0.17389839299817839
7,0.005,0.12594515393357789,0.17389839299817839
7,0.005015925792246408,0.12594515393357789,0.17389839299817839
7,0.005174232657970618,0.12594555246348108,0.17389839299817839
7,0.005337535822438759,0.12594589577002427,0.17389839299817839
7,0.005505992973070277,0.12594708993885328,0.17389839299817839
7,0.005679766774033137,0.00028160110322016096,0.17389839299817839
7,0.005859025023314181,0.0002824776047224423,0.17389839299817839
7,0.00604394081474681,0.0002826144205348114,0.17389839299817839
7,0.006234692705152413,0.00028220956638044245,0.17389839299817839
7,0.006431464886756847,0.0002818248498250987,0.17389839299817839
7,0.006634447365048623,0.0002824364892848876,0.17389839299817839
7,0.00684383614225036,0.00028003447763796,0.17389839299817839
7,0.007059833406580807,0.0002816313759615732,0.17389839299817839
7,0.007282647727490117,0.0002816612563281814,0.17389839299817839
7,0.007512494257056929,0.00027853443449537017,0.17389839299817839
7,0.007749594937741685,0.00026511809246495145,0.17389839299817839
7,0.007994178716696814,0.0002658842597718701,0.17389839299817839
7,0.008246481766840761,0.0002537491030676923,0.17389839299817839
7,0.00850674771490929,0.00025303980509612495,0.17389839299817839
7,0.008775227876704268,0.0002549447730135453,0.17389839299817839
7,0.009052181499767073,0.00025439369183399277,0.17389839299817839
7,0.00933787601371104,0.00025739323663880325,0.17389839299817839
7,0.009632587288454567,0.0002583929399991533,0.17389839299817839
7,0.009936599900604321,0.0002536152391545575,0.17389839299817839
7,0.01,0.0002184661078844426,0.17389839299817839
7,0.010250207408245643,0.00021763263031055724,0.17389839299817839
7,0.01057371263440564,0.0002123399376013716,0.17389839299817839
7,0.010907427959462626,0.0002123956970744701,0.17389839299817839
7,0.011251675622784191,0.00019671378250356376,0.17389839299817839
7,0.011606788033885233,0.00019574687119447944,0.17389839299817839
7,0.011973108093406433,0.00019617748808931312,0.17389839299817839
7,0.012350989524223123,0.00019559452392660184,0.17389839299817839
7,0.012740797213004081,0.0001833095035238852,0.17389839299817839
7,0.013142907562550378,0.0001829493846983506,0.17389839299817839
7,0.013557708855254222,0.0001783916485928342,0.17389839299817839
7,0.013985601628028964,0.0001790879973864832,0.17389839299817839
7,0.014426999059072134,0.00017356971923858424,0.17389839299817839
7,0.014882327366835047,0.00016820858075091195,0.17389839299817839
7,0.015352026221584282,0.00016804753391947818,0.17389839299817839
7,0.015836549169952394,0.0001677030455816047,0.17389839299817839
7,0.01633636407288775,0.00016461117580768628,0.17389839299817839
7,0.016851953557426417,0.00016300160113579508,0.17389839299817839
7,0.01738381548272245,0.00015901416231728406,0.17389839299817839
7,0.0179324634207864,0.00015657320795302914,0.17389839299817839
7,0.01849842715239644,0.0001547136567898997,0.17389839299817839
7,0.019082253178660694,0.00013914391116842437,0.17389839299817839
7,0.019684505248725052,0.00013431058957845337,0.17389839299817839
7,0.02,0.00013431058957845337,0.17389839299817839
7,0.02030576490413591,0.00013022379737814239,0.17389839299817839
7,0.020946632040383325,0.00011273792464812144,0.17389839299817839
7,0.021607725486167025,0.00010903687609874164,0.17389839299817839
7,0.022289683600944528,0.00009636426822901859,0.17389839299817839
7,0.02299316489133851,0.00009321378408886063,0.17389839299817839
7,0.023718848646998237,0.00007425839320720025,0.17389839299817839
7,0.024467435596529582,0.00007000593766236592,0.17389839299817839
7,0.0252396485841266,0.00006320170753145471,0.17389839299817839
7,0.026036233267558315,0.00006272894637949104,0.17389839299817839
7,0.026857958838184384,0.00005434936891678002,0.17389839299817839
7,0.027705618763695115,0.00005162502867065129,0.17389839299817839
7,0.028580031554293065,0.00004945655839323272,0.17389839299817839
7,0.029482041553056,0.00004710412834360644,0.17389839299817839
7,0.03041251975124424,0.00004747634313558594,0.17389839299817839
7,0.03137236462933982,0.000036733986139449595,0.17389839299817839
7,0.03236250302462971,0.000018692093677583597,0.17389839299817839
7,0.03338389102617049,0.00001083376744363938,0.17389839299817839
7,0.03443751489799912,6.179822351995468e-6,0.17389839299817839
7,0.03552439203148072,3.051754520563545e-6,0.17389839299817839
7,0.0366455719277134,0.0,0.17389839299817839
7,0.037802137210938905,0.0,0.17389839299817839
7,0.03899520467393666,0.0,0.17389839299817839
7,0.04022592635641205,0.0,0.17389839299817839
7,0.04149549065741912,0.0,0.17389839299817839
7,0.04280512348289246,0.0,0.17389839299817839
7,0.0441560894293962,0.0,0.17389839299817839
7,0.045549693005232844,0.0,0.17389839299817839
7,0.046987279890091584,0.0,0.17389839299817839
7,0.04847023823445248,0.0,0.17389839299817839
7,0.049999999999999996,0.0,0.17389839299817839
8,0.0,0.0,0.17410759231899642
8,0.0001,0.25115551479433057,0.17410759231899642
8,0.00010315608468468423,0.25115551479433057,0.17410759231899642
8,0.00010641177807473732,0.25115551479433057,0.17410759231899642
8,0.00010977022390525428,0.25115551479433057,0.17410759231899642
8,0.00011323466513027149,0.25115551479433057,0.17410759231899642
8,0.00011680844705420146,0.25115551479433057,0.17410759231899642
8,0.0001204950205620966,0.25115551479433057,0.17410759231899642
8,0.0001242979454518639,0.25115551479433057,0.17410759231899642
8,0.00012822089387164734,0.25115551479433057,0.17410759231899642
8,0.0001322676538656955,0.25115551479433057,0.17410759231899642
8,0.00013644213303214185,0.25115551479433057,0.17410759231899642
8,0.00014074836229622576,0.25115551479433057,0.17410759231899642
8,0.00014519049980260066,0.2511589093685423,0.17410759231899642
8,0.00014977283493048703,0.2511589093685423,0.17410759231899642
8,0.00015449979243554535,0.3276938684173413,0.17410759231899642
8,0.00015937593672247252,0.3276938684173413,0.17410759231899642
8,0.0001644059762524425,0.3276938684173413,0.17410759231899642
8,0.00016959476808965125,0.3276938684173413,0.17410759231899642
8,0.00017494732259135448,0.3276938684173413,0.17410759231899642
8,0.00018046880824592514,0.3276938684173413,0.17410759231899642
8,0.00018616455666360695,0.3276938684173413,0.17410759231899642
8,0.00019204006772477732,0.3276938684173413,0.17410759231899642
8,0.00019810101489069605,0.3276938684173413,0.17410759231899642
8,0.00020435325068186532,0.3276938684173413,0.17410759231899642
8,0.00021080281232928983,0.3276938684173413,0.17410759231899642
8,0.00021745592760409819,0.3276938684173413,0.17410759231899642
8,0.00022431902083114915,0.3276938684173413,0.17410759231899642
8,0.00023139871909243442,0.3276938684173413,0.17410759231899642
8,0.00023870185862626624,0.3276938684173413,0.17410759231899642
8,0.0002462354914284262,0.4075566964993749,0.17410759231899642
8,0.0002540068920616557,0.40928617726874655,0.17410759231899642
8,0.000262023564680056,0.40928617726874655,0.17410759231899642
8,0.00027029325027518665,0.40928617726874655,0.17410759231899642
8,0.000278823934150857,0.40928617726874655,0.17410759231899642
8,0.00028762385363382593,0.4059264220817904,0.17410759231899642
8,0.0002967015060278617,0.4059264220817904,0.17410759231899642
8,0.0003060656568188345,0.43005779299702385,0.17410759231899642
8,0.0003157253481387716,0.43005779299702385,0.17410759231899642
8,0.00032568990749704533,0.41582321650413584,0.17410759231899642
8,0.00033596895678712145,0.41582321650413584,0.17410759231899642
8,0.0003465724215775732,0.41582321650413584,0.17410759231899642
8,0.00035751054069632225,0.41586015711894214,0.17410759231899642
8,0.00036879387611737024,0.41586015711894214,0.17410759231899642
8,0.0003804333231595639,0.41586015711894214,0.17410759231899642
8,0.00039244012100723773,0.41586015711894214,0.17410759231899642
8,0.00040482586356290346,0.416356382931781,0.17410759231899642
8,0.0004176025106424529,0.416356382931781,0.17410759231899642
8,0.00043078239952369575,0.416356382931781,0.17410759231899642
8,0.0004443782568593783,0.416356382931781,0.17410759231899642
8,0.00045840321096618346,0.41655703570038954,0.17410759231899642
8,0.00047287080450158787,0.41655703570038954,0.17410759231899642
8,0.0004877950075408056,0.41655703570038954,0.17410759231899642
8,0.0005031902310664547,0.41655703570038954,0.17410759231899642
8,0.0005190713408839703,0.41655703570038954,0.17410759231899642
8,0.0005354536719761938,0.41655703570038954,0.17410759231899642
8,0.0005523530433110137,0.4165577108746609,0.17410759231899642
8,0.0005697857731163399,0.4169347353463578,0.17410759231899642
8,0.0005877686946371738,0.4169347353463578,0.17410759231899642
8,0.000606319172389986,0.416936716994921,0.17410759231899642
8,0.0006254551189300899,0.416936716994921,0.17410759231899642
8,0.0006451950121482159,0.36680800141076664,0.17410759231899642
8,0.0006655579131129724,0.36680800141076664,0.17410759231899642
8,0.0006865634844764341,0.36680800141076664,0.17410759231899642
8,0.0007082320094606293,0.3668126989258321,0.17410759231899642
8,0.0007305844114432468,0.36681447474567724,0.17410759231899642
8,0.0007536422741614974,0.37107522328663983,0.17410759231899642
8,0.0007774278625536144,0.30679345046234663,0.17410759231899642
8,0.0008019641442581362,0.30679345046234663,0.17410759231899642
8,0.0008272748117917262,0.30679345046234663,0.17410759231899642
8,0.0008533843054269342,0.30679345046234663,0.17410759231899642
8,0.0008803178367920126,0.3067935051188107,0.17410759231899642
8,0.0009081014132155488,0.3068295932963822,0.17410759231899642
8,0.0009367618628394448,0.30683150599831727,0.17410759231899642
8,0.0009663268605244831,0.31680867523269085,0.17410759231899642
8,0.0009968249545734852,0.31680867523269085,0.17410759231899642
8,0.001,0.31680867523269085,0.17410759231899642
8,0.0010282855942978896,0.31680867523269085,0.17410759231899642
8,0.0010607391584543395,0.31680867523269085,0.17410759231899642
8,0.001094216984578764,0.31680867523269085,0.17410759231899642
8,0.001128751399246268,0.3168089979825623,0.17410759231899642
8,0.0011643757492860373,0.16465537727160587,0.17410759231899642
8,0.0012011244339814311,0.16511167474928337,0.17410759231899642
8,0.0012390329382863192,0.16518631107291365,0.17410759231899642
8,0.0012781378670897654,0.16518631107291365,0.17410759231899642
8,0.0013184769805621352,0.1652138342373512,0.17410759231899642
8,0.0013600892306167424,0.1652138342373512,0.17410759231899642
8,0.001403014798522277,0.16523598497347217,0.17410759231899642
8,0.0014472951337022918,0.16523598497347217,0.17410759231899642
8,0.0014929729937592485,0.16523598497347217,0.17410759231899642
8,0.0015400924857617558,0.16526456709972412,0.17410759231899642
8,0.0015886991088348535,0.16554603911738064,0.17410759231899642
8,0.0016388397980945052,0.16555214699867843,0.17410759231899642
8,0.0016905629699686757,0.16555214699867843,0.17410759231899642
8,0.0017439185689487981,0.16555214699867843,0.17410759231899642
8,0.0017989581158167555,0.16555373068555268,0.17410759231899642
8,0.0018557347573939303,0.16556044627567204,0.17410759231899642
8,0.001914303317860402,0.16556044627567204,0.17410759231899642
8,0.001974720351693796,0.16556122718759186,0.17410759231899642
8,0.0020370441982789467,0.1655647180520358,0.17410759231899642
8,0.002101335038241075,0.16557557363577838,0.17410759231899642
8,0.002167654951556903,0.16557888047892036,0.17410759231899642
8,0.0022360679774997894,0.1655617957496216,0.17410759231899642
8,0.002306640176476789,0.1665370217521665,0.17410759231899642
8,0.0023794396938173435,0.16653734664110428,0.17410759231899642
8,0.0024545368255752074,0.1665387266834335,0.17410759231899642
8,0.0025,0.1665397052190851,0.17410759231899642
8,0.002532004086407121,0.1665397052190851,0.17410759231899642
8,0.002611916279593795,0.1665397052190851,0.17410759231899642
8,0.0026943505692708287,0.16654124566511297,0.17410759231899642
8,0.002779386554939285,0.16654161200908799,0.17410759231899642
8,0.0028671063483278964,0.16654228787403613,0.17410759231899642
8,0.0029575946526810793,0.16654795110720033,0.17410759231899642
8,0.0030509388445493866,0.1665492159967852,0.17410759231899642
8,0.003147229058161292,0.16655172739525212,0.17410759231899642
8,0.0032465582724578485,0.16655172739525212,0.17410759231899642
8,0.0033490224008742397,0.16655243124159436,0.17410759231899642
8,0.003454720383954872,0.16655502900754982,0.17410759231899642
8,0.003563754284891536,0.12593171528740554,0.17410759231899642
8,0.0036762293880767756,0.12593171528740554,0.17410759231899642
8,0.0037922543007677272,0.12593410238197086,0.17410759231899642
8,0.0039119410579585324,0.1259357258455709,0.17410759231899642
8,0.004035405230562632,0.12593745351263738,0.17410759231899642
8,0.004162766037009365,0.12593785473275687,0.17410759231899642
8,0.004294146458362655,0.12593825259944735,0.17410759231899642
8,0.0044296733570729436,0.12593945688421887,0.17410759231899642
8,0.004569477599477056,0.12593986059826198,0.17410759231899642
8,0.004713694182164228,0.12594324651686964,0.17410759231899642
8,0.004862462362330365,0.1259475003026348,0.17410759231899642
8,0.005,0.12594853856143115,0.17410759231899642
8,0.005015925792246408,0.12594853856143115,0.17410759231899642
8,0.005174232657970618,0.12595001328736866,0.17410759231899642
8,0.005337535822438759,0.12595163388462693,0.17410759231899642
8,0.005505992973070277,0.12595200551521987,0.17410759231899642
8,0.005679766774033137,0.00028262069650587937,0.17410759231899642
8,0.005859025023314181,0.0002827342749227303,0.17410759231899642
8,0.00604394081474681,0.0002820987802447963,0.17410759231899642
8,0.006234692705152413,0.0002817305181741715,0.17410759231899642
8,0.006431464886756847,0.0002813162960822309,0.17410759231899642
8,0.006634447365048623,0.0002818900748565724,0.17410759231899642
8,0.00684383614225036,0.00028051958785200765,0.17410759231899642
8,0.007059833406580807,0.00027948693249085966,0.17410759231899642
8,0.007282647727490117,0.0002800487828692583,0.17410759231899642
8,0.007512494257056929,0.0002762372537173043,0.17410759231899642
8,0.007749594937741685,0.0002609783032049812,0.17410759231899642
8,0.007994178716696814,0.00026357499498545626,0.17410759231899642
8,0.008246481766840761,0.00024760896832240855,0.17410759231899642
8,0.00850674771490929,0.0002483816542833926,0.17410759231899642
8,0.008775227876704268,0.0002491379071926048,0.17410759231899642
8,0.009052181499767073,0.00025007536625367945,0.17410759231899642
8,0.00933787601371104,0.00025296871135090365,0.17410759231899642
8,0.009632587288454567,0.00025096443045605877,0.17410759231899642
8,0.009936599900604321,0.0002476585477966877,0.17410759231899642
8,0.01,0.00021057101021899357,0.17410759231899642
8,0.010250207408245643,0.0002053545571266616,0.17410759231899642
8,0.01057371263440564,0.0002056926972752016,0.17410759231899642
8,0.010907427959462626,0.0002050477992620913,0.17410759231899642
8,0.011251675622784191,0.00018504180279900028,0.17410759231899642
8,0.011606788033885233,0.0001849506625303829,0.17410759231899642
8,0.011973108093406433,0.00018575790517414822,0.17410759231899642
8,0.012350989524223123,0.00018093093872728868,0.17410759231899642
8,0.012740797213004081,0.00017511930823450688,0.17410759231899642
8,0.013142907562550378,0.0001765723321808823,0.17410759231899642
8,0.013557708855254222,0.00016782764129964973,0.17410759231899642
8,0.013985601628028964,0.0001634363842006203,0.17410759231899642
8,0.014426999059072134,0.00015994353159153873,0.17410759231899642
8,0.014882327366835047,0.00015688693145161664,0.17410759231899642
8,0.015352026221584282,0.00015659328079383755,0.17410759231899642
8,0.015836549169952394,0.00015482869939254974,0.17410759231899642
8,0.01633636407288775,0.00015191360555306336,0.17410759231899642
8,0.016851953557426417,0.00015003200096177894,0.17410759231899642
8,0.01738381548272245,0.00014815282538454297,0.17410759231899642
8,0.0179324634207864,0.0001442695730506741,0.17410759231899642
8,0.01849842715239644,0.0001281823248289773,0.17410759231899642
8,0.019082253178660694,0.00012705534981370428,0.17410759231899642
8,0.019684505248725052,0.0001254404897754023,0.17410759231899642
8,0.02,0.00012230924881326613,0.17410759231899642
8,0.02030576490413591,0.00012188455963350702,0.17410759231899642
8,0.020946632040383325,0.00010377058993006063,0.17410759231899642
8,0.021607725486167025,0.00009919593006501323,0.17410759231899642
8,0.022289683600944528,0.0000901389747765765,0.17410759231899642
8,0.02299316489133851,0.00008797045958728323,0.17410759231899642
8,0.023718848646998237,0.00007336904587585599,0.17410759231899642
8,0.024467435596529582,0.00006891158099911151,0.17410759231899642
8,0.0252396485841266,0.00006685841577930132,0.17410759231899642
8,0.026036233267558315,0.0000614994228663617,0.17410759231899642
8,0.026857958838184384,0.000057459909668381806,0.17410759231899642
8,0.027705618763695115,0.00005524070395402123,0.17410759231899642
8,0.028580031554293065,0.00005301621866972502,0.17410759231899642
8,0.029482041553056,0.00005276752388358297,0.17410759231899642
8,0.03041251975124424,0.00004330816211313294,0.17410759231899642
8,0.03137236462933982,0.000018692093677583597,0.17410759231899642
8,0.03236250302462971,0.00001083376744363938,0.17410759231899642
8,0.03338389102617049,6.179822351995468e-6,0.17410759231899642
8,0.03443751489799912,0.0,0.17410759231899642
8,0.03552439203148072,0.0,0.17410759231899642
8,0.0366455719277134,0.0,0.17410759231899642
8,0.037802137210938905,0.0,0.17410759231899642
8,0.03899520467393666,0.0,0.17410759231899642
8,0.04022592635641205,0.0,0.17410759231899642
8,0.04149549065741912,0.0,0.17410759231899642
8,0.04280512348289246,0.0,0.17410759231899642
8,0.0441560894293962,0.0,0.17410759231899642
8,0.045549693005232844,0.0,0.17410759231899642
8,0.046987279890091584,0.0,0.17410759231899642
8,0.04847023823445248,0.0,0.17410759231899642
8,0.049999999999999996,0.0,0.17410759231899642
9,0.0,0.0,0.17296713109318898
9,0.0001,0.25115551479433057,0.17296713109318898
9,0.00010315608468468423,0.25115551479433057,0.17296713109318898
9,0.00010641177807473732,0.25115551479433057,0.17296713109318898
9,0.00010977022390525428,0.25115551479433057,0.17296713109318898
9,0.00011323466513027149,0.25115551479433057,0.17296713109318898
9,0.00011680844705420146,0.25115551479433057,0.17296713109318898
9,0.0001204950205620966,0.25115551479433057,0.17296713109318898
9,0.0001242979454518639,0.25115551479433057,0.17296713109318898
9,0.00012822089387164734,0.25115551479433057,0.17296713109318898
9,0.0001322676538656955,0.25115551479433057,0.17296713109318898
9,0.00013644213303214185,0.25115551479433057,0.17296713109318898
9,0.00014074836229622576,0.25115551479433057,0.17296713109318898
9,0.00014519049980260066,0.25115551479433057,0.17296713109318898
9,0.00014977283493048703,0.25115551479433057,0.17296713109318898
9,0.00015449979243554535,0.3210664495587923,0.17296713109318898
9,0.00015937593672247252,0.3210664495587923,0.17296713109318898
9,0.0001644059762524425,0.3210664495587923,0.17296713109318898
9,0.00016959476808965125,0.3210664495587923,0.17296713109318898
9,0.00017494732259135448,0.3210664495587923,0.17296713109318898
9,0.00018046880824592514,0.3210664495587923,0.17296713109318898
9,0.00018616455666360695,0.3210664495587923,0.17296713109318898
9,0.00019204006772477732,0.3210664495587923,0.17296713109318898
9,0.00019810101489069605,0.3210664495587923,0.17296713109318898
9,0.00020435325068186532,0.3210664495587923,0.17296713109318898
9,0.00021080281232928983,0.3210664495587923,0.17296713109318898
9,0.00021745592760409819,0.3210664495587923,0.17296713109318898
9,0.00022431902083114915,0.3210664495587923,0.17296713109318898
9,0.00023139871909243442,0.3210664495587923,0.17296713109318898
9,0.00023870185862626624,0.3210664495587923,0.17296713109318898
9,0.0002462354914284262,0.40299688407101086,0.17296713109318898
9,0.0002540068920616557,0.40369822537009453,0.17296713109318898
9,0.000262023564680056,0.40369822537009453,0.17296713109318898
9,0.00027029325027518665,0.40369822537009453,0.17296713109318898
9,0.000278823934150857,0.40369822537009453,0.17296713109318898
9,0.00028762385363382593,0.40024399214956513,0.17296713109318898
9,0.0002967015060278617,0.40024399214956513,0.17296713109318898
9,0.0003060656568188345,0.42625347907189265,0.17296713109318898
9,0.0003157253481387716,0.42625347907189265,0.17296713109318898
9,0.00032568990749704533,0.41251183746414444,0.17296713109318898
9,0.00033596895678712145,0.41251183746414444,0.17296713109318898
9,0.0003465724215775732,0.41251183746414444,0.17296713109318898
9,0.00035751054069632225,0.41283848894435426,0.17296713109318898
9,0.00036879387611737024,0.41283848894435426,0.17296713109318898
9,0.0003804333231595639,0.41283848894435426,0.17296713109318898
9,0.00039244012100723773,0.41283848894435426,0.17296713109318898
9,0.00040482586356290346,0.41359712082917605,0.17296713109318898
9,0.0004176025106424529,0.41359712082917605,0.17296713109318898
9,0.00043078239952369575,0.41359712082917605,0.17296713109318898
9,0.0004443782568593783,0.41359712082917605,0.17296713109318898
9,0.00045840321096618346,0.4137836166221818,0.17296713109318898
9,0.00047287080450158787,0.4137836166221818,0.17296713109318898
9,0.0004877950075408056,0.4137836166221818,0.17296713109318898
9,0.0005031902310664547,0.4137836166221818,0.17296713109318898
9,0.0005190713408839703,0.4137836166221818,0.17296713109318898
9,0.0005354536719761938,0.4137836166221818,0.17296713109318898
9,0.0005523530433110137,0.4137836166221818,0.17296713109318898
9,0.0005697857731163399,0.41611529614158643,0.17296713109318898
9,0.0005877686946371738,0.4162030587521977,0.17296713109318898
9,0.000606319172389986,0.4162055199422849,0.17296713109318898
9,0.0006254551189300899,0.4162068916882663,0.17296713109318898
9,0.0006451950121482159,0.3663349996203316,0.17296713109318898
9,0.0006655579131129724,0.3663349996203316,0.17296713109318898
9,0.0006865634844764341,0.3663349996203316,0.17296713109318898
9,0.0007082320094606293,0.36633780713881137,0.17296713109318898
9,0.0007305844114432468,0.3663395916894307,0.17296713109318898
9,0.0007536422741614974,0.36915588113092773,0.17296713109318898
9,0.0007774278625536144,0.30528057650303664,0.17296713109318898
9,0.0008019641442581362,0.30528057650303664,0.17296713109318898
9,0.0008272748117917262,0.3052806784930818,0.17296713109318898
9,0.0008533843054269342,0.3052806784930818,0.17296713109318898
9,0.0008803178367920126,0.3052806784930818,0.17296713109318898
9,0.0009081014132155488,0.3052850793831059,0.17296713109318898
9,0.0009367618628394448,0.3052866475113042,0.17296713109318898
9,0.0009663268605244831,0.3154422701068117,0.17296713109318898
9,0.0009968249545734852,0.3154422701068117,0.17296713109318898
9,0.001,0.3154422701068117,0.17296713109318898
9,0.0010282855942978896,0.3154423242903357,0.17296713109318898
9,0.0010607391584543395,0.315442756882105,0.17296713109318898
9,0.001094216984578764,0.315442756882105,0.17296713109318898
9,0.001128751399246268,0.315442756882105,0.17296713109318898
9,0.0011643757492860373,0.16356808869860862,0.17296713109318898
9,0.0012011244339814311,0.1645917437017309,0.17296713109318898
9,0.0012390329382863192,0.1646649751697656,0.17296713109318898
9,0.0012781378670897654,0.1646649751697656,0.17296713109318898
9,0.0013184769805621352,0.16468866764511658,0.17296713109318898
9,0.0013600892306167424,0.16468866764511658,0.17296713109318898
9,0.001403014798522277,0.16468866764511658,0.17296713109318898
9,0.0014472951337022918,0.16468866764511658,0.17296713109318898
9,0.0014929729937592485,0.16468866764511658,0.17296713109318898
9,0.0015400924857617558,0.164709683141857,0.17296713109318898
9,0.0015886991088348535,0.164709683141857,0.17296713109318898
9,0.0016388397980945052,0.16514182573704045,0.17296713109318898
9,0.0016905629699686757,0.1651397798819557,0.17296713109318898
9,0.0017439185689487981,0.1651397798819557,0.17296713109318898
9,0.0017989581158167555,0.16514011830887998,0.17296713109318898
9,0.0018557347573939303,0.16517638698483592,0.17296713109318898
9,0.001914303317860402,0.16517638698483592,0.17296713109318898
9,0.001974720351693796,0.1651771775176649,0.17296713109318898
9,0.0020370441982789467,0.16518004977350265,0.17296713109318898
9,0.002101335038241075,0.16521728601576294,0.17296713109318898
9,0.002167654951556903,0.16522116775328857,0.17296713109318898
9,0.0022360679774997894,0.1652082001309315,0.17296713109318898
9,0.002306640176476789,0.16652970274324813,0.17296713109318898
9,0.0023794396938173435,0.16653103646955153,0.17296713109318898
9,0.0024545368255752074,0.16653203375084022,0.17296713109318898
9,0.0025,0.16653313569209952,0.17296713109318898
9,0.002532004086407121,0.16653313569209952,0.17296713109318898
9,0.002611916279593795,0.16653600065647986,0.17296713109318898
9,0.0026943505692708287,0.16653731393139004,0.17296713109318898
9,0.002779386554939285,0.16653755638719084,0.17296713109318898
9,0.0028671063483278964,0.16653891170463497,0.17296713109318898
9,0.0029575946526810793,0.16654263479390832,0.17296713109318898
9,0.0030509388445493866,0.1665489793149025,0.17296713109318898
9,0.003147229058161292,0.16655092665063656,0.17296713109318898
9,0.0032465582724578485,0.16655092665063656,0.17296713109318898
9,0.0033490224008742397,0.16655175484201698,0.17296713109318898
9,0.003454720383954872,0.16655462768482032,0.17296713109318898
9,0.003563754284891536,0.12593262529035196,0.17296713109318898
9,0.0036762293880767756,0.12593302277448593,0.17296713109318898
9,0.0037922543007677272,0.12593414074268225,0.17296713109318898
9,0.0039119410579585324,0.125939433729578,0.17296713109318898
9,0.004035405230562632,0.12594001957540435,0.17296713109318898
9,0.004162766037009365,0.1259409505019473,0.17296713109318898
9,0.004294146458362655,0.12594276767020357,0.17296713109318898
9,0.0044296733570729436,0.1259434892323132,0.17296713109318898
9,0.004569477599477056,0.1259436757838819,0.17296713109318898
9,0.004713694182164228,0.12594554028187938,0.17296713109318898
9,0.004862462362330365,0.12594595695409064,0.17296713109318898
9,0.005,0.12594632894728103,0.17296713109318898
9,0.005015925792246408,0.12594632894728103,0.17296713109318898
9,0.005174232657970618,0.1259467306300229,0.17296713109318898
9,0.005337535822438759,0.12594755680846592,0.17296713109318898
9,0.005505992973070277,0.12594953698467234,0.17296713109318898
9,0.005679766774033137,0.0002858209573280229,0.17296713109318898
9,0.005859025023314181,0.0002860684694718173,0.17296713109318898
9,0.00604394081474681,0.0002847740803055483,0.17296713109318898
9,0.006234692705152413,0.0002847740803055483,0.17296713109318898
9,0.006431464886756847,0.00028472187382434734,0.17296713109318898
9,0.006634447365048623,0.0002853443195421553,0.17296713109318898
9,0.00684383614225036,0.00028265905265250816,0.17296713109318898
9,0.007059833406580807,0.0002838101211874989,0.17296713109318898
9,0.007282647727490117,0.00028427522123714477,0.17296713109318898
9,0.007512494257056929,0.0002794120613137812,0.17296713109318898
9,0.007749594937741685,0.0002658776226005442,0.17296713109318898
9,0.007994178716696814,0.0002684667532832889,0.17296713109318898
9,0.008246481766840761,0.00025329718804203825,0.17296713109318898
9,0.00850674771490929,0.00025474541255720006,0.17296713109318898
9,0.008775227876704268,0.0002549296197466677,0.17296713109318898
9,0.009052181499767073,0.00025763064925202694,0.17296713109318898
9,0.00933787601371104,0.00026076150036290295,0.17296713109318898
9,0.009632587288454567,0.0002580864825220983,0.17296713109318898
9,0.009936599900604321,0.0002556886891839815,0.17296713109318898
9,0.01,0.0002211539472157798,0.17296713109318898
9,0.010250207408245643,0.00021331720262800894,0.17296713109318898
9,0.01057371263440564,0.00021481660494843862,0.17296713109318898
9,0.010907427959462626,0.00021378903536289415,0.17296713109318898
9,0.011251675622784191,0.00019847401621570526,0.17296713109318898
9,0.011606788033885233,0.00019847133200420248,0.17296713109318898
9,0.011973108093406433,0.00019793169297260954,0.17296713109318898
9,0.012350989524223123,0.0001940044500663159,0.17296713109318898
9,0.012740797213004081,0.00018975857093419176,0.17296713109318898
9,0.013142907562550378,0.00018623662273770444,0.17296713109318898
9,0.013557708855254222,0.00017968853288433955,0.17296713109318898
9,0.013985601628028964,0.00017944288544206836,0.17296713109318898
9,0.014426999059072134,0.00017476998662849084,0.17296713109318898
9,0.014882327366835047,0.00017327423231397687,0.17296713109318898
9,0.015352026221584282,0.0001731697358025886,0.17296713109318898
9,0.015836549169952394,0.00017071370701829503,0.17296713109318898
9,0.01633636407288775,0.00016617884670170298,0.17296713109318898
9,0.016851953557426417,0.00016347126164513378,0.17296713109318898
9,0.01738381548272245,0.0001618165605834021,0.17296713109318898
9,0.0179324634207864,0.0001577003437088857,0.17296713109318898
9,0.01849842715239644,0.00013305973075866627,0.17296713109318898
9,0.019082253178660694,0.000132972286271706,0.17296713109318898
9,0.019684505248725052,0.00012723508022622896,0.17296713109318898
9,0.02,0.00010992954569630571,0.17296713109318898
9,0.02030576490413591,0.00010992954569630571,0.17296713109318898
9,0.020946632040383325,0.00010314266963117903,0.17296713109318898
9,0.021607725486167025,0.00009210376142915693,0.17296713109318898
9,0.022289683600944528,0.00008639715588323815,0.17296713109318898
9,0.02299316489133851,0.00008102923130831721,0.17296713109318898
9,0.023718848646998237,0.00006692896768247988,0.17296713109318898
9,0.024467435596529582,0.00006370262012739154,0.17296713109318898
9,0.0252396485841266,0.000060993868659524354,0.17296713109318898
9,0.026036233267558315,0.00005155439195948188,0.17296713109318898
9,0.026857958838184384,0.00004725155231210635,0.17296713109318898
9,0.027705618763695115,0.00004478423314099579,0.17296713109318898
9,0.028580031554293065,0.000042088645716266705,0.17296713109318898
9,0.029482041553056,0.00003961917193625117,0.17296713109318898
9,0.03041251975124424,0.000038336176710599746,0.17296713109318898
9,0.03137236462933982,0.00002182016150905041,0.17296713109318898
9,0.03236250302462971,0.000013961835275106196,0.17296713109318898
9,0.03338389102617049,6.179822351995468e-6,0.17296713109318898
9,0.03443751489799912,3.051754520563545e-6,0.17296713109318898
9,0.03552439203148072,0.0,0.17296713109318898
9,0.0366455719277134,0.0,0.17296713109318898
9,0.037802137210938905,0.0,0.17296713109318898
9,0.03899520467393666,0.0,0.17296713109318898
9,0.04022592635641205,0.0,0.17296713109318898
9,0.04149549065741912,0.0,0.17296713109318898
9,0.04280512348289246,0.0,0.17296713109318898
9,0.0441560894293962,0.0,0.17296713109318898
9,0.045549693005232844,0.0,0.17296713109318898
9,0.046987279890091584,0.0,0.17296713109318898
9,0.04847023823445248,0.0,0.17296713109318898
9,0.049999999999999996,0.0,0.17296713109318898
