seed,budget,policy,macro_recall,worst_client_recall,federation_fpr,budget_usage,fallback_rate
0,false_positive_0p001,eq_fpr,0.42857142857142855,0.0,0.001980579096690922,1.9805790966909218,0.0
0,false_positive_0p001,greedy,0.0,0.0,0.0,0.0,0.0
0,false_positive_0p001,fabrid_macro,0.42857142857142855,0.0,0.001980579096690922,1.9805790966909218,0.0
0,false_positive_0p001,fabrid_cvar,0.42857142857142855,0.0,0.001980579096690922,1.9805790966909218,0.0
0,false_positive_0p001,fabrid_macro_finite_safe,0.2857142857142857,0.0,0.0002922178963205718,0.29221789632057177,0.0
0,false_positive_0p001,fabrid_cvar_finite_safe,0.2857142857142857,0.0,0.0002922178963205718,0.29221789632057177,0.0
0,false_positive_0p001,fabrid_macro_no_rate_minimization,0.42857142857142855,0.0,0.001980579096690922,1.9805790966909218,0.0
0,false_positive_0p001,common_rate_macro,0.42857142857142855,0.0,0.001980579096690922,1.9805790966909218,0.0
0,false_positive_0p001,pooled_shared,0.9999813380610245,0.9998693664271718,0.002892314107783897,2.8923141077838967,0.0
0,false_positive_0p001,eq_fpr_matched_macro,0.2857142857142857,0.0,0.0002922178963205718,0.29221789632057177,0.0
0,false_positive_0p001,eq_fpr_matched_cvar,0.2857142857142857,0.0,0.0002922178963205718,0.29221789632057177,0.0
0,false_positive_0p0025,eq_fpr,0.42857142857142855,0.0,0.0022006853998832784,0.8802741599533114,0.0
0,false_positive_0p0025,greedy,0.0,0.0,0.0,0.0,0.0
0,false_positive_0p0025,fabrid_macro,0.42857142857142855,0.0,0.002377834479272915,0.9511337917091659,0.0
0,false_positive_0p0025,fabrid_cvar,0.42857142857142855,0.0,0.002377834479272915,0.9511337917091659,0.0
0,false_positive_0p0025,fabrid_macro_finite_safe,0.2857142857142857,0.0,0.0005123241995129284,0.20492967980517135,0.0
0,false_positive_0p0025,fabrid_cvar_finite_safe,0.2857142857142857,0.0,0.0005123241995129284,0.20492967980517135,0.0
0,false_positive_0p0025,fabrid_macro_no_rate_minimization,0.42857142857142855,0.0,0.002289532910104358,0.9158131640417433,0.0
0,false_positive_0p0025,common_rate_macro,0.42857142857142855,0.0,0.0021517728880627546,0.8607091552251018,0.0
0,false_positive_0p0025,pooled_shared,0.9999891138689311,0.9999237970825169,0.0037632403797362548,1.5052961518945018,0.0
0,false_positive_0p0025,eq_fpr_matched_macro,0.5714285714285714,0.0,0.0030867185627833477,1.234687425113339,0.0
0,false_positive_0p0025,eq_fpr_matched_cvar,0.5714285714285714,0.0,0.0030867185627833477,1.234687425113339,0.0
0,false_positive_0p005,eq_fpr,0.8571241952038816,0.0,0.007966713254657759,1.5933426509315518,0.0
0,false_positive_0p005,greedy,0.0,0.0,0.0,0.0,0.0
0,false_positive_0p005,fabrid_macro,0.42857142857142855,0.0,0.002989240877029461,0.5978481754058922,0.0
0,false_positive_0p005,fabrid_cvar,0.5714285714285714,0.0,0.0036316674028419567,0.7263334805683913,0.0
0,false_positive_0p005,fabrid_macro_finite_safe,0.2857142857142857,0.0,0.0011237305972694744,0.2247461194538949,0.0
0,false_positive_0p005,fabrid_cvar_finite_safe,0.4285613200211502,0.0,0.0009845765656221813,0.19691531312443625,0.0
0,false_positive_0p005,fabrid_macro_no_rate_minimization,0.8571428571428571,0.0,0.007015529882889044,1.4031059765778089,0.0
0,false_positive_0p005,common_rate_macro,0.8571241952038816,0.0,0.007966713254657759,1.5933426509315518,0.0
0,false_positive_0p005,pooled_shared,0.9999898914497216,0.9999292401480513,0.005336787563477714,1.0673575126955428,0.0
0,false_positive_0p005,eq_fpr_matched_macro,0.5714285714285714,0.0,0.005597550715094725,1.1195101430189451,0.0
0,false_positive_0p005,eq_fpr_matched_cvar,0.5714285714285714,0.0,0.0073545736248843635,1.4709147249768726,0.0
0,false_positive_0p010,eq_fpr,1.0,1.0,0.014980492160313556,1.4980492160313554,0.0
0,false_positive_0p010,greedy,0.0,0.0,0.0,0.0,0.0
0,false_positive_0p010,fabrid_macro,0.7142857142857143,0.0,0.006980460259436515,0.6980460259436515,0.0
0,false_positive_0p010,fabrid_cvar,0.8571428571428571,0.0,0.024690318103553266,2.4690318103553266,0.0
0,false_positive_0p010,fabrid_macro_finite_safe,0.5714184628782931,0.0,0.00398408004229557,0.39840800422955697,0.0
0,false_positive_0p010,fabrid_cvar_finite_safe,0.5714285714285714,0.0,0.017748223539100844,1.7748223539100845,0.0
0,false_positive_0p010,fabrid_macro_no_rate_minimization,0.8571428571428571,0.0,0.026140010638710076,2.6140010638710076,0.0
0,false_positive_0p010,common_rate_macro,1.0,1.0,0.014980492160313556,1.4980492160313554,0.0
0,false_positive_0p010,pooled_shared,0.9999961120960468,0.9999727846723274,0.009136948333643804,0.9136948333643804,0.0
0,false_positive_0p010,eq_fpr_matched_macro,0.8571428571428571,0.0,0.011147572891308171,1.114757289130817,0.0
0,false_positive_0p010,eq_fpr_matched_cvar,1.0,1.0,0.012066225989724422,1.2066225989724422,0.0
0,false_positive_0p020,eq_fpr,1.0,1.0,0.04028153441379727,2.0140767206898635,0.0
0,false_positive_0p020,greedy,0.0,0.0,0.0,0.0,0.0
0,false_positive_0p020,fabrid_macro,0.8571428571428571,0.0,0.03397258074175089,1.6986290370875445,0.0
0,false_positive_0p020,fabrid_cvar,0.8571428571428571,0.0,0.03519969195244938,1.759984597622469,0.0
0,false_positive_0p020,fabrid_macro_finite_safe,0.7142857142857143,0.0,0.027805711411266164,1.3902855705633081,0.0
0,false_positive_0p020,fabrid_cvar_finite_safe,0.7142857142857143,0.0,0.030072586380753094,1.5036293190376546,0.0
0,false_positive_0p020,fabrid_macro_no_rate_minimization,0.8571428571428571,0.0,0.037075246525303106,1.8537623262651552,0.0
0,false_positive_0p020,common_rate_macro,1.0,1.0,0.04028153441379727,2.0140767206898635,0.0
0,false_positive_0p020,pooled_shared,1.0,1.0,0.01748055430545646,0.8740277152728231,0.0
0,false_positive_0p020,eq_fpr_matched_macro,1.0,1.0,0.016872495456832417,0.8436247728416209,0.0
0,false_positive_0p020,eq_fpr_matched_cvar,1.0,1.0,0.017495617455364484,0.8747808727682241,0.0
1,false_positive_0p001,eq_fpr,0.42857142857142855,0.0,0.0018203637879308581,1.820363787930858,0.0
1,false_positive_0p001,greedy,0.14285714285714285,0.0,0.00004483646916881338,0.04483646916881338,0.0
1,false_positive_0p001,fabrid_macro,0.42857142857142855,0.0,0.0018203637879308581,1.820363787930858,0.0
1,false_positive_0p001,fabrid_cvar,0.42857142857142855,0.0,0.0018203637879308581,1.820363787930858,0.0
1,false_positive_0p001,fabrid_macro_finite_safe,0.2857142857142857,0.0,0.0002953923811447353,0.2953923811447353,0.0
1,false_positive_0p001,fabrid_cvar_finite_safe,0.2857142857142857,0.0,0.0002953923811447353,0.2953923811447353,0.0
1,false_positive_0p001,fabrid_macro_no_rate_minimization,0.42857142857142855,0.0,0.0018203637879308581,1.820363787930858,0.0
1,false_positive_0p001,common_rate_macro,0.42857142857142855,0.0,0.0018203637879308581,1.820363787930858,0.0
1,false_positive_0p001,pooled_shared,0.9999797828994433,0.9998584802961027,0.002750755732222885,2.750755732222885,0.0
1,false_positive_0p001,eq_fpr_matched_macro,0.2857142857142857,0.0,0.0002953923811447353,0.2953923811447353,0.0
1,false_positive_0p001,eq_fpr_matched_cvar,0.2857142857142857,0.0,0.0002953923811447353,0.2953923811447353,0.0
1,false_positive_0p0025,eq_fpr,0.42857142857142855,0.0,0.0020241659205163733,0.8096663682065492,0.0
1,false_positive_0p0025,greedy,0.14285714285714285,0.0,0.00004483646916881338,0.017934587667525353,0.0
1,false_positive_0p0025,fabrid_macro,0.42857142857142855,0.0,0.002048190429940612,0.8192761719762447,0.0
1,false_positive_0p0025,fabrid_cvar,0.42857142857142855,0.0,0.002048190429940612,0.8192761719762447,0.0
1,false_positive_0p0025,fabrid_macro_finite_safe,0.2857142857142857,0.0,0.00042174970334775484,0.16869988133910194,0.0
1,false_positive_0p0025,fabrid_cvar_finite_safe,0.2857142857142857,0.0,0.00042174970334775484,0.16869988133910194,0.0
1,false_positive_0p0025,fabrid_macro_no_rate_minimization,0.42857142857142855,0.0,0.002055440957416486,0.8221763829665943,0.0
1,false_positive_0p0025,common_rate_macro,0.42857142857142855,0.0,0.0020241659205163733,0.8096663682065492,0.0
1,false_positive_0p0025,pooled_shared,0.9999883362881403,0.9999183540169824,0.0037684614576182903,1.507384583047316,0.0
1,false_positive_0p0025,eq_fpr_matched_macro,0.5714285714285714,0.0,0.002386048799936755,0.9544195199747019,0.0
1,false_positive_0p0025,eq_fpr_matched_cvar,0.5714285714285714,0.0,0.002386048799936755,0.9544195199747019,0.0
1,false_positive_0p005,eq_fpr,0.8571226400423004,0.0,0.007947932913399694,1.5895865826799387,0.0
1,false_positive_0p005,greedy,0.14285714285714285,0.0,0.00004483646916881338,0.008967293833762676,0.0
1,false_positive_0p005,fabrid_macro,0.42857142857142855,0.0,0.0026627713125213217,0.5325542625042643,0.0
1,false_positive_0p005,fabrid_cvar,0.5714285714285714,0.0,0.003213388808002693,0.6426777616005386,0.0
1,false_positive_0p005,fabrid_macro_finite_safe,0.2857142857142857,0.0,0.0010290800584525908,0.20581601169051816,0.0
1,false_positive_0p005,fabrid_cvar_finite_safe,0.4285613200211502,0.0,0.000913390794644114,0.1826781589288228,0.0
1,false_positive_0p005,fabrid_macro_no_rate_minimization,0.5714285714285714,0.0,0.004737507516326544,0.9475015032653088,0.0
1,false_positive_0p005,common_rate_macro,0.8571226400423004,0.0,0.007947932913399694,1.5895865826799387,0.0
1,false_positive_0p005,pooled_shared,0.9999898914497216,0.9999292401480513,0.005133963997509766,1.0267927995019532,0.0
1,false_positive_0p005,eq_fpr_matched_macro,0.5714285714285714,0.0,0.005285170034335499,1.0570340068670998,0.0
1,false_positive_0p005,eq_fpr_matched_cvar,0.5714285714285714,0.0,0.007243847418292055,1.4487694836584109,0.0
1,false_positive_0p010,eq_fpr,1.0,1.0,0.014973501481559563,1.4973501481559564,0.0
1,false_positive_0p010,greedy,0.14285714285714285,0.0,0.00004483646916881338,0.004483646916881338,0.0
1,false_positive_0p010,fabrid_macro,0.7142857142857143,0.0,0.006024821881442411,0.602482188144241,0.0
1,false_positive_0p010,fabrid_cvar,0.7142857142857143,0.0,0.024002671321095605,2.4002671321095606,0.0
1,false_positive_0p010,fabrid_macro_finite_safe,0.5714184628782931,0.0,0.0035997450919993184,0.35997450919993185,0.0
1,false_positive_0p010,fabrid_cvar_finite_safe,0.5714285714285714,0.0,0.020864006775063726,2.0864006775063726,0.0
1,false_positive_0p010,fabrid_macro_no_rate_minimization,0.7142857142857143,0.0,0.025021897647839447,2.5021897647839446,0.0
1,false_positive_0p010,common_rate_macro,1.0,1.0,0.014973501481559563,1.4973501481559564,0.0
1,false_positive_0p010,pooled_shared,0.9999961120960468,0.9999727846723274,0.008202597459577738,0.8202597459577737,0.0
1,false_positive_0p010,eq_fpr_matched_macro,0.8571428571428571,0.0,0.010651033771639352,1.065103377163935,0.0
1,false_positive_0p010,eq_fpr_matched_cvar,1.0,1.0,0.011541426408886571,1.154142640888657,0.0
1,false_positive_0p020,eq_fpr,1.0,1.0,0.0396397474325237,1.9819873716261849,0.0
1,false_positive_0p020,greedy,0.14285714285714285,0.0,0.00004483646916881338,0.002241823458440669,0.0
1,false_positive_0p020,fabrid_macro,0.8571428571428571,0.0,0.03366489925277176,1.683244962638588,0.0
1,false_positive_0p020,fabrid_cvar,0.8571428571428571,0.0,0.03484558318728999,1.7422791593644993,0.0
1,false_positive_0p020,fabrid_macro_finite_safe,0.7142857142857143,0.0,0.03101301834512586,1.5506509172562928,0.0
1,false_positive_0p020,fabrid_cvar_finite_safe,0.7142857142857143,0.0,0.031575406883490274,1.5787703441745138,0.0
1,false_positive_0p020,fabrid_macro_no_rate_minimization,0.8571428571428571,0.0,0.03679479654657078,1.839739827328539,0.0
1,false_positive_0p020,common_rate_macro,1.0,1.0,0.0396397474325237,1.9819873716261849,0.0
1,false_positive_0p020,pooled_shared,1.0,1.0,0.0166341237797319,0.8317061889865951,0.0
1,false_positive_0p020,eq_fpr_matched_macro,1.0,1.0,0.01670123388397005,0.8350616941985024,0.0
1,false_positive_0p020,eq_fpr_matched_cvar,1.0,1.0,0.02135382303709607,1.0676911518548036,0.0
2,false_positive_0p001,eq_fpr,0.42857142857142855,0.0,0.0019878296241667955,1.9878296241667954,0.0
2,false_positive_0p001,greedy,0.0,0.0,0.0,0.0,0.0
2,false_positive_0p001,fabrid_macro,0.42857142857142855,0.0,0.0019878296241667955,1.9878296241667954,0.0
2,false_positive_0p001,fabrid_cvar,0.42857142857142855,0.0,0.0019878296241667955,1.9878296241667954,0.0
2,false_positive_0p001,fabrid_macro_finite_safe,0.2857142857142857,0.0,0.00029946842379644564,0.2994684237964456,0.0
2,false_positive_0p001,fabrid_cvar_finite_safe,0.2857142857142857,0.0,0.00029946842379644564,0.2994684237964456,0.0
2,false_positive_0p001,fabrid_macro_no_rate_minimization,0.42857142857142855,0.0,0.0019878296241667955,1.9878296241667954,0.0
2,false_positive_0p001,common_rate_macro,0.42857142857142855,0.0,0.0019878296241667955,1.9878296241667954,0.0
2,false_positive_0p001,pooled_shared,0.9999743398339087,0.9998203788373612,0.0028888983266420324,2.8888983266420323,0.0
2,false_positive_0p001,eq_fpr_matched_macro,0.2857142857142857,0.0,0.00029946842379644564,0.2994684237964456,0.0
2,false_positive_0p001,eq_fpr_matched_cvar,0.2857142857142857,0.0,0.00029946842379644564,0.2994684237964456,0.0
2,false_positive_0p0025,eq_fpr,0.42857142857142855,0.0,0.0022486963538762552,0.8994785415505021,0.0
2,false_positive_0p0025,greedy,0.0,0.0,0.0,0.0,0.0
2,false_positive_0p0025,fabrid_macro,0.42857142857142855,0.0,0.0023379756105833586,0.9351902442333434,0.0
2,false_positive_0p0025,fabrid_cvar,0.42857142857142855,0.0,0.0023452261380592326,0.938090455223693,0.0
2,false_positive_0p0025,fabrid_macro_finite_safe,0.2857142857142857,0.0,0.00043805387395459607,0.17522154958183841,0.0
2,false_positive_0p0025,fabrid_cvar_finite_safe,0.2857142857142857,0.0,0.00043805387395459607,0.17522154958183841,0.0
2,false_positive_0p0025,fabrid_macro_no_rate_minimization,0.5714285714285714,0.0,0.0027861079748399027,1.114443189935961,0.0
2,false_positive_0p0025,common_rate_macro,0.42857142857142855,0.0,0.0022486963538762552,0.8994785415505021,0.0
2,false_positive_0p0025,pooled_shared,0.9999883362881403,0.9999183540169824,0.0037379235229123213,1.4951694091649286,0.0
2,false_positive_0p0025,eq_fpr_matched_macro,0.5714285714285714,0.0,0.0030169667381676436,1.2067866952670574,0.0
2,false_positive_0p0025,eq_fpr_matched_cvar,0.5714285714285714,0.0,0.0030169667381676436,1.2067866952670574,0.0
2,false_positive_0p005,eq_fpr,0.8571171969767659,0.0,0.008283649622244036,1.6567299244488072,0.0
2,false_positive_0p005,greedy,0.0,0.0,0.0,0.0,0.0
2,false_positive_0p005,fabrid_macro,0.42857142857142855,0.0,0.002818948643485175,0.5637897286970349,0.0
2,false_positive_0p005,fabrid_cvar,0.5714285714285714,0.0,0.00466141923102914,0.932283846205828,0.0
2,false_positive_0p005,fabrid_macro_finite_safe,0.2857142857142857,0.0,0.0009434831627666742,0.18869663255333485,0.0
2,false_positive_0p005,fabrid_cvar_finite_safe,0.4285597648595689,0.0,0.0009316373962237568,0.18632747924475138,0.0
2,false_positive_0p005,fabrid_macro_no_rate_minimization,0.5714285714285714,0.0,0.0051687569020581825,1.0337513804116365,0.0
2,false_positive_0p005,common_rate_macro,0.8571171969767659,0.0,0.008283649622244036,1.6567299244488072,0.0
2,false_positive_0p005,pooled_shared,0.9999883362881403,0.9999183540169824,0.005344910800227124,1.0689821600454248,0.0
2,false_positive_0p005,eq_fpr_matched_macro,0.5714285714285714,0.0,0.005080659822569207,1.0161319645138414,0.0
2,false_positive_0p005,eq_fpr_matched_cvar,0.5714285714285714,0.0,0.007670037751178214,1.5340075502356427,0.0
2,false_positive_0p010,eq_fpr,1.0,1.0,0.015636128496266596,1.5636128496266597,0.0
2,false_positive_0p010,greedy,0.0,0.0,0.0,0.0,0.0
2,false_positive_0p010,fabrid_macro,0.7142857142857143,0.0,0.007930084425784663,0.7930084425784663,0.0
2,false_positive_0p010,fabrid_cvar,0.7142857142857143,0.0,0.02398151166310923,2.398151166310923,0.0
2,false_positive_0p010,fabrid_macro_finite_safe,0.5714169077167118,0.0,0.003753816549463266,0.37538165494632664,0.0
2,false_positive_0p010,fabrid_cvar_finite_safe,0.5714285714285714,0.0,0.014690580954738403,1.4690580954738404,0.0
2,false_positive_0p010,fabrid_macro_no_rate_minimization,0.7142857142857143,0.0,0.02535706238198252,2.535706238198252,0.0
2,false_positive_0p010,common_rate_macro,1.0,1.0,0.015636128496266596,1.5636128496266597,0.0
2,false_positive_0p010,pooled_shared,0.9999961120960468,0.9999727846723274,0.009650011606874703,0.9650011606874703,0.0
2,false_positive_0p010,eq_fpr_matched_macro,0.8571428571428571,0.0,0.012567546122158118,1.2567546122158118,0.0
2,false_positive_0p010,eq_fpr_matched_cvar,1.0,1.0,0.013234318224998263,1.3234318224998263,0.0
2,false_positive_0p020,eq_fpr,1.0,1.0,0.040179045045136065,2.0089522522568033,0.0
2,false_positive_0p020,greedy,0.0,0.0,0.0,0.0,0.0
2,false_positive_0p020,fabrid_macro,0.8571428571428571,0.0,0.03368571096289668,1.684285548144834,0.0
2,false_positive_0p020,fabrid_cvar,0.8571428571428571,0.0,0.03567563990649279,1.7837819953246397,0.0
2,false_positive_0p020,fabrid_macro_finite_safe,0.7142857142857143,0.0,0.024003768862231666,1.2001884431115832,0.0
2,false_positive_0p020,fabrid_cvar_finite_safe,0.7142857142857143,0.0,0.028670544718092026,1.4335272359046012,0.0
2,false_positive_0p020,fabrid_macro_no_rate_minimization,0.8571428571428571,0.0,0.03769465076156518,1.8847325380782591,0.0
2,false_positive_0p020,common_rate_macro,1.0,1.0,0.03720066776194839,1.8600333880974196,0.0
2,false_positive_0p020,pooled_shared,1.0,1.0,0.018668692377737942,0.933434618886897,0.0
2,false_positive_0p020,eq_fpr_matched_macro,1.0,1.0,0.017517331503424823,0.8758665751712411,0.0
2,false_positive_0p020,eq_fpr_matched_cvar,1.0,1.0,0.019290349560212253,0.9645174780106126,0.0
3,false_positive_0p001,eq_fpr,0.2857142857142857,0.0,0.0002849673688446979,0.2849673688446979,0.0
3,false_positive_0p001,greedy,0.14285714285714285,0.0,4.076042651710308e-6,0.0040760426517103075,0.0
3,false_positive_0p001,fabrid_macro,0.2857142857142857,0.0,0.0002849673688446979,0.2849673688446979,0.0
3,false_positive_0p001,fabrid_cvar,0.2857142857142857,0.0,0.0002849673688446979,0.2849673688446979,0.0
3,false_positive_0p001,fabrid_macro_finite_safe,0.2857142857142857,0.0,0.0002849673688446979,0.2849673688446979,0.0
3,false_positive_0p001,fabrid_cvar_finite_safe,0.2857142857142857,0.0,0.0002849673688446979,0.2849673688446979,0.0
3,false_positive_0p001,fabrid_macro_no_rate_minimization,0.2857142857142857,0.0,0.0002849673688446979,0.2849673688446979,0.0
3,false_positive_0p001,common_rate_macro,0.2857142857142857,0.0,0.0002849673688446979,0.2849673688446979,0.0
3,false_positive_0p001,pooled_shared,0.9999727846723275,0.9998094927062923,0.002809295039402671,2.809295039402671,0.0
3,false_positive_0p001,eq_fpr_matched_macro,0.2857142857142857,0.0,0.0002849673688446979,0.2849673688446979,0.0
3,false_positive_0p001,eq_fpr_matched_cvar,0.2857142857142857,0.0,0.0002849673688446979,0.2849673688446979,0.0
3,false_positive_0p0025,eq_fpr,0.42857142857142855,0.0,0.0020819070107553845,0.8327628043021538,0.0
3,false_positive_0p0025,greedy,0.14285714285714285,0.0,4.076042651710308e-6,0.001630417060684123,0.0
3,false_positive_0p0025,fabrid_macro,0.2857142857142857,0.0,0.0004154007336994277,0.1661602934797711,0.0
3,false_positive_0p0025,fabrid_cvar,0.2857142857142857,0.0,0.000632840428264644,0.2531361713058576,0.0
3,false_positive_0p0025,fabrid_macro_finite_safe,0.2857142857142857,0.0,0.0004031726057442968,0.16126904229771874,0.0
3,false_positive_0p0025,fabrid_cvar_finite_safe,0.2857142857142857,0.0,0.0004480090749131102,0.17920362996524408,0.0
3,false_positive_0p0025,fabrid_macro_no_rate_minimization,0.2857142857142857,0.0,0.0005227872766684657,0.2091149106673863,0.0
3,false_positive_0p0025,common_rate_macro,0.42857142857142855,0.0,0.0020819070107553845,0.8327628043021538,0.0
3,false_positive_0p0025,pooled_shared,0.9999883362881403,0.9999183540169824,0.003628831556674838,1.4515326226699352,0.0
3,false_positive_0p0025,eq_fpr_matched_macro,0.5714285714285714,0.0,0.002630513550145334,1.0522054200581334,0.0
3,false_positive_0p0025,eq_fpr_matched_cvar,0.5714285714285714,0.0,0.002720186488482961,1.0880745953931843,0.0
3,false_positive_0p005,eq_fpr,0.8571140866536033,0.0,0.008008040151082066,1.6016080302164133,0.0
3,false_positive_0p005,greedy,0.14285714285714285,0.0,4.076042651710308e-6,0.0008152085303420615,0.0
3,false_positive_0p005,fabrid_macro,0.2857142857142857,0.0,0.0011849854316116288,0.23699708632232575,0.0
3,false_positive_0p005,fabrid_cvar,0.42857142857142855,0.0,0.002274244180617468,0.4548488361234936,0.0
3,false_positive_0p005,fabrid_macro_finite_safe,0.2857142857142857,0.0,0.0009127160020635851,0.18254320041271702,0.0
3,false_positive_0p005,fabrid_cvar_finite_safe,0.4285605424403595,0.0,0.0011777965783194952,0.23555931566389904,0.0
3,false_positive_0p005,fabrid_macro_no_rate_minimization,0.42857142857142855,0.0,0.003988923433713982,0.7977846867427965,0.0
3,false_positive_0p005,common_rate_macro,0.8571140866536033,0.0,0.008008040151082066,1.6016080302164133,0.0
3,false_positive_0p005,pooled_shared,0.9999891138689311,0.9999237970825169,0.0056705331860156406,1.134106637203128,0.0
3,false_positive_0p005,eq_fpr_matched_macro,0.5714285714285714,0.0,0.004568402385207525,0.9136804770415049,0.0
3,false_positive_0p005,eq_fpr_matched_cvar,0.5714285714285714,0.0,0.006932138202736623,1.3864276405473246,0.0
3,false_positive_0p010,eq_fpr,1.0,1.0,0.015024925419323137,1.5024925419323136,0.0
3,false_positive_0p010,greedy,0.14285714285714285,0.0,4.076042651710308e-6,0.00040760426517103075,0.0
3,false_positive_0p010,fabrid_macro,0.5714285714285714,0.0,0.005533102918256247,0.5533102918256246,0.0
3,false_positive_0p010,fabrid_cvar,0.5714285714285714,0.0,0.02235595452451307,2.235595452451307,0.0
3,false_positive_0p010,fabrid_macro_finite_safe,0.5714176852975024,0.0,0.004055071775846523,0.40550717758465227,0.0
3,false_positive_0p010,fabrid_cvar_finite_safe,0.5714285714285714,0.0,0.02025891141407171,2.025891141407171,0.0
3,false_positive_0p010,fabrid_macro_no_rate_minimization,0.5714285714285714,0.0,0.02356256844234928,2.356256844234928,0.0
3,false_positive_0p010,common_rate_macro,1.0,1.0,0.015024925419323137,1.5024925419323136,0.0
3,false_positive_0p010,pooled_shared,0.9999961120960468,0.9999727846723274,0.009220528441000037,0.9220528441000037,0.0
3,false_positive_0p010,eq_fpr_matched_macro,0.8571428571428571,0.0,0.011345638594636859,1.1345638594636858,0.0
3,false_positive_0p010,eq_fpr_matched_cvar,1.0,1.0,0.01220001821436056,1.220001821436056,0.0
3,false_positive_0p020,eq_fpr,1.0,1.0,0.04012154369239609,2.006077184619804,0.0
3,false_positive_0p020,greedy,0.14285714285714285,0.0,4.076042651710308e-6,0.00020380213258551537,0.0
3,false_positive_0p020,fabrid_macro,0.7142857142857143,0.0,0.03213622148765839,1.6068110743829196,0.0
3,false_positive_0p020,fabrid_cvar,0.7142857142857143,0.0,0.03364798735911946,1.682399367955973,0.0
3,false_positive_0p020,fabrid_macro_finite_safe,0.7142857142857143,0.0,0.03091662465870551,1.5458312329352755,0.0
3,false_positive_0p020,fabrid_cvar_finite_safe,0.7142857142857143,0.0,0.03114865271713013,1.5574326358565065,0.0
3,false_positive_0p020,fabrid_macro_no_rate_minimization,0.7142857142857143,0.0,0.035550833914184884,1.7775416957092443,0.0
3,false_positive_0p020,common_rate_macro,1.0,1.0,0.03962730583035599,1.9813652915177993,0.0
3,false_positive_0p020,pooled_shared,1.0,1.0,0.01768708275649976,0.884354137824988,0.0
3,false_positive_0p020,eq_fpr_matched_macro,1.0,1.0,0.017379852127790883,0.8689926063895441,0.0
3,false_positive_0p020,eq_fpr_matched_cvar,1.0,1.0,0.018384415957536527,0.9192207978768263,0.0
4,false_positive_0p001,eq_fpr,0.42857142857142855,0.0,0.002031867876394834,2.031867876394834,0.0
4,false_positive_0p001,greedy,0.14285714285714285,0.0,4.076042651710308e-6,0.0040760426517103075,0.0
4,false_positive_0p001,fabrid_macro,0.42857142857142855,0.0,0.002031867876394834,2.031867876394834,0.0
4,false_positive_0p001,fabrid_cvar,0.42857142857142855,0.0,0.002031867876394834,2.031867876394834,0.0
4,false_positive_0p001,fabrid_macro_finite_safe,0.2857142857142857,0.0,0.0002890434114964082,0.28904341149640816,0.0
4,false_positive_0p001,fabrid_cvar_finite_safe,0.2857142857142857,0.0,0.0002890434114964082,0.28904341149640816,0.0
4,false_positive_0p001,fabrid_macro_no_rate_minimization,0.42857142857142855,0.0,0.002031867876394834,2.031867876394834,0.0
4,false_positive_0p001,common_rate_macro,0.42857142857142855,0.0,0.002031867876394834,2.031867876394834,0.0
4,false_positive_0p001,pooled_shared,0.9999751174146994,0.9998258219028957,0.002816845123923785,2.816845123923785,0.0
4,false_positive_0p001,eq_fpr_matched_macro,0.2857142857142857,0.0,0.0002890434114964082,0.28904341149640816,0.0
4,false_positive_0p001,eq_fpr_matched_cvar,0.2857142857142857,0.0,0.0002890434114964082,0.28904341149640816,0.0
4,false_positive_0p0025,eq_fpr,0.42857142857142855,0.0,0.002296810648756004,0.9187242595024016,0.0
4,false_positive_0p0025,greedy,0.14285714285714285,0.0,4.076042651710308e-6,0.001630417060684123,0.0
4,false_positive_0p0025,fabrid_macro,0.42857142857142855,0.0,0.002350738825911285,0.940295530364514,0.0
4,false_positive_0p0025,fabrid_cvar,0.42857142857142855,0.0,0.0023538752458799484,0.9415500983519793,0.0
4,false_positive_0p0025,fabrid_macro_finite_safe,0.2857142857142857,0.0,0.0004398569896096896,0.17594279584387582,0.0
4,false_positive_0p0025,fabrid_cvar_finite_safe,0.2857142857142857,0.0,0.0005499101412058679,0.21996405648234715,0.0
4,false_positive_0p0025,fabrid_macro_no_rate_minimization,0.42857142857142855,0.0,0.002394241990766528,0.9576967963066112,0.0
4,false_positive_0p0025,common_rate_macro,0.42857142857142855,0.0,0.002296810648756004,0.9187242595024016,0.0
4,false_positive_0p0025,pooled_shared,0.9999883362881403,0.9999183540169824,0.0036767804143732537,1.4707121657493014,0.0
4,false_positive_0p0025,eq_fpr_matched_macro,0.5714285714285714,0.0,0.003061004990395682,1.2244019961582728,0.0
4,false_positive_0p0025,eq_fpr_matched_cvar,0.42857142857142855,0.0,0.002317190862014556,0.9268763448058224,0.0
4,false_positive_0p005,eq_fpr,0.8571179745575565,0.0,0.007710803713028364,1.5421607426056727,0.0
4,false_positive_0p005,greedy,0.14285714285714285,0.0,4.076042651710308e-6,0.0008152085303420615,0.0
4,false_positive_0p005,fabrid_macro,0.42857142857142855,0.0,0.003133339015039664,0.6266678030079328,0.0
4,false_positive_0p005,fabrid_cvar,0.5714285714285714,0.0,0.004432238622230747,0.8864477244461494,0.0
4,false_positive_0p005,fabrid_macro_finite_safe,0.2857142857142857,0.0,0.0011857727948726758,0.23715455897453516,0.0
4,false_positive_0p005,fabrid_cvar_finite_safe,0.4285613200211502,0.0,0.0012808600408047608,0.25617200816095215,0.0
4,false_positive_0p005,fabrid_macro_no_rate_minimization,0.7142857142857143,0.0,0.005758503208024114,1.1517006416048228,0.0
4,false_positive_0p005,common_rate_macro,0.8571179745575565,0.0,0.007710803713028364,1.5421607426056727,0.0
4,false_positive_0p005,pooled_shared,0.9999898914497216,0.9999292401480513,0.005343869215360281,1.0687738430720561,0.0
4,false_positive_0p005,eq_fpr_matched_macro,0.5714285714285714,0.0,0.005485773873798557,1.0971547747597115,0.0
4,false_positive_0p005,eq_fpr_matched_cvar,0.5714285714285714,0.0,0.007209508113692424,1.4419016227384849,0.0
4,false_positive_0p010,eq_fpr,1.0,1.0,0.014329804363040937,1.4329804363040937,0.0
4,false_positive_0p010,greedy,0.14285714285714285,0.0,4.076042651710308e-6,0.00040760426517103075,0.0
4,false_positive_0p010,fabrid_macro,0.7142857142857143,0.0,0.007251087660327671,0.7251087660327671,0.0
4,false_positive_0p010,fabrid_cvar,0.7142857142857143,0.0,0.024173650456221513,2.417365045622151,0.0
4,false_positive_0p010,fabrid_macro_finite_safe,0.5714184628782931,0.0,0.0036912044184992487,0.3691204418499249,0.0
4,false_positive_0p010,fabrid_cvar_finite_safe,0.5714285714285714,0.0,0.01998533844962565,1.9985338449625651,0.0
4,false_positive_0p010,fabrid_macro_no_rate_minimization,0.7142857142857143,0.0,0.025006372164666717,2.5006372164666715,0.0
4,false_positive_0p010,common_rate_macro,1.0,1.0,0.014329804363040937,1.4329804363040937,0.0
4,false_positive_0p010,pooled_shared,0.9999961120960468,0.9999727846723274,0.009272452290244615,0.9272452290244615,0.0
4,false_positive_0p010,eq_fpr_matched_macro,0.8571428571428571,0.0,0.011518898063265537,1.1518898063265537,0.0
4,false_positive_0p010,eq_fpr_matched_cvar,1.0,1.0,0.01270203721644013,1.270203721644013,0.0
4,false_positive_0p020,eq_fpr,1.0,1.0,0.03955250961531205,1.9776254807656024,0.0
4,false_positive_0p020,greedy,0.14285714285714285,0.0,4.076042651710308e-6,0.00020380213258551537,0.0
4,false_positive_0p020,fabrid_macro,0.8571428571428571,0.0,0.0336302609168931,1.6815130458446548,0.0
4,false_positive_0p020,fabrid_cvar,0.8571428571428571,0.0,0.035474813672083286,1.7737406836041643,0.0
4,false_positive_0p020,fabrid_macro_finite_safe,0.7142857142857143,0.0,0.030418948906862715,1.5209474453431358,0.0
4,false_positive_0p020,fabrid_cvar_finite_safe,0.7142857142857143,0.0,0.03139051878482728,1.5695259392413639,0.0
4,false_positive_0p020,fabrid_macro_no_rate_minimization,0.8571428571428571,0.0,0.037157568727998004,1.8578784363999001,0.0
4,false_positive_0p020,common_rate_macro,1.0,1.0,0.03922131962765407,1.9610659813827036,0.0
4,false_positive_0p020,pooled_shared,1.0,1.0,0.018825749625803072,0.9412874812901536,0.0
4,false_positive_0p020,eq_fpr_matched_macro,1.0,1.0,0.017135643994155365,0.8567821997077683,0.0
4,false_positive_0p020,eq_fpr_matched_cvar,1.0,1.0,0.019128161830482524,0.9564080915241262,0.0
5,false_positive_0p001,eq_fpr,0.2857142857142857,0.0,0.0002890434114964082,0.28904341149640816,0.0
5,false_positive_0p001,greedy,0.0,0.0,0.0,0.0,0.0
5,false_positive_0p001,fabrid_macro,0.2857142857142857,0.0,0.0002890434114964082,0.28904341149640816,0.0
5,false_positive_0p001,fabrid_cvar,0.2857142857142857,0.0,0.0002890434114964082,0.28904341149640816,0.0
5,false_positive_0p001,fabrid_macro_finite_safe,0.2857142857142857,0.0,0.0002890434114964082,0.28904341149640816,0.0
5,false_positive_0p001,fabrid_cvar_finite_safe,0.2857142857142857,0.0,0.0002890434114964082,0.28904341149640816,0.0
5,false_positive_0p001,fabrid_macro_no_rate_minimization,0.2857142857142857,0.0,0.0002890434114964082,0.28904341149640816,0.0
5,false_positive_0p001,common_rate_macro,0.2857142857142857,0.0,0.0002890434114964082,0.28904341149640816,0.0
5,false_positive_0p001,pooled_shared,0.9999743398339087,0.9998203788373612,0.0029222976111105323,2.9222976111105323,0.0
5,false_positive_0p001,eq_fpr_matched_macro,0.2857142857142857,0.0,0.0002890434114964082,0.28904341149640816,0.0
5,false_positive_0p001,eq_fpr_matched_cvar,0.2857142857142857,0.0,0.0002890434114964082,0.28904341149640816,0.0
5,false_positive_0p0025,eq_fpr,0.42857142857142855,0.0,0.002356824665991632,0.9427298663966528,0.0
5,false_positive_0p0025,greedy,0.0,0.0,0.0,0.0,0.0
5,false_positive_0p0025,fabrid_macro,0.2857142857142857,0.0,0.0006424019475926346,0.25696077903705383,0.0
5,false_positive_0p0025,fabrid_cvar,0.2857142857142857,0.0,0.000562646145358022,0.22505845814320882,0.0
5,false_positive_0p0025,fabrid_macro_finite_safe,0.2857142857142857,0.0,0.0004534564867338906,0.18138259469355622,0.0
5,false_positive_0p0025,fabrid_cvar_finite_safe,0.2857142857142857,0.0,0.00043170490430626896,0.17268196172250758,0.0
5,false_positive_0p0025,fabrid_macro_no_rate_minimization,0.2857142857142857,0.0,0.0006424019475926346,0.25696077903705383,0.0
5,false_positive_0p0025,common_rate_macro,0.42857142857142855,0.0,0.002356824665991632,0.9427298663966528,0.0
5,false_positive_0p0025,pooled_shared,0.9999883362881403,0.9999183540169824,0.0038249951286540803,1.529998051461632,0.0
5,false_positive_0p0025,eq_fpr_matched_macro,0.5714285714285714,0.0,0.0033079638967463366,1.3231855586985346,0.0
5,false_positive_0p0025,eq_fpr_matched_cvar,0.5714285714285714,0.0,0.0032590513849258132,1.3036205539703252,0.0
5,false_positive_0p005,eq_fpr,0.8571171969767659,0.0,0.007987511894768169,1.5975023789536336,0.0
5,false_positive_0p005,greedy,0.0,0.0,0.0,0.0,0.0
5,false_positive_0p005,fabrid_macro,0.2857142857142857,0.0,0.0013190250277765455,0.2638050055553091,0.0
5,false_positive_0p005,fabrid_cvar,0.5714285714285714,0.0,0.0033190807957176826,0.6638161591435365,0.0
5,false_positive_0p005,fabrid_macro_finite_safe,0.2857142857142857,0.0,0.0010852430977489882,0.21704861954979765,0.0
5,false_positive_0p005,fabrid_cvar_finite_safe,0.4285613200211502,0.0,0.0012434134144295294,0.24868268288590586,0.0
5,false_positive_0p005,fabrid_macro_no_rate_minimization,0.42857142857142855,0.0,0.003232767578957204,0.6465535157914407,0.0
5,false_positive_0p005,common_rate_macro,0.8571171969767659,0.0,0.007987511894768169,1.5975023789536336,0.0
5,false_positive_0p005,pooled_shared,0.9999898914497216,0.9999292401480513,0.005246374732699162,1.0492749465398323,0.0
5,false_positive_0p005,eq_fpr_matched_macro,0.5714285714285714,0.0,0.00567737179336061,1.135474358672122,0.0
5,false_positive_0p005,eq_fpr_matched_cvar,0.7142857142857143,0.0,0.007823248320050154,1.564649664010031,0.0
5,false_positive_0p010,eq_fpr,1.0,1.0,0.01530641232120841,1.5306412321208411,0.0
5,false_positive_0p010,greedy,0.0,0.0,0.0,0.0,0.0
5,false_positive_0p010,fabrid_macro,0.5714285714285714,0.0,0.0055336891895561655,0.5533689189556166,0.0
5,false_positive_0p010,fabrid_cvar,0.5714285714285714,0.0,0.022087900452934447,2.2087900452934446,0.0
5,false_positive_0p010,fabrid_macro_finite_safe,0.5714184628782931,0.0,0.003718309805439795,0.3718309805439795,0.0
5,false_positive_0p010,fabrid_cvar_finite_safe,0.5714285714285714,0.0,0.019203976673937764,1.9203976673937764,0.0
5,false_positive_0p010,fabrid_macro_no_rate_minimization,0.5714285714285714,0.0,0.023314031847734857,2.3314031847734857,0.0
5,false_positive_0p010,common_rate_macro,1.0,1.0,0.01530641232120841,1.5306412321208411,0.0
5,false_positive_0p010,pooled_shared,0.9999961120960468,0.9999727846723274,0.009449012558910744,0.9449012558910743,0.0
5,false_positive_0p010,eq_fpr_matched_macro,0.8571428571428571,0.0,0.011838938620947858,1.1838938620947856,0.0
5,false_positive_0p010,eq_fpr_matched_cvar,1.0,1.0,0.012650259245844755,1.2650259245844755,0.0
5,false_positive_0p020,eq_fpr,1.0,1.0,0.03807108103829579,1.9035540519147895,0.0
5,false_positive_0p020,greedy,0.0,0.0,0.0,0.0,0.0
5,false_positive_0p020,fabrid_macro,0.7142857142857143,0.0,0.031899999429401575,1.5949999714700787,0.0
5,false_positive_0p020,fabrid_cvar,0.7142857142857143,0.0,0.03391686187978092,1.695843093989046,0.0
5,false_positive_0p020,fabrid_macro_finite_safe,0.7142857142857143,0.0,0.02729071437942862,1.364535718971431,0.0
5,false_positive_0p020,fabrid_cvar_finite_safe,0.7142857142857143,0.0,0.03109012918754504,1.554506459377252,0.0
5,false_positive_0p020,fabrid_macro_no_rate_minimization,0.7142857142857143,0.0,0.03566521972444172,1.783260986222086,0.0
5,false_positive_0p020,common_rate_macro,1.0,1.0,0.037503831413005645,1.8751915706502822,0.0
5,false_positive_0p020,pooled_shared,1.0,1.0,0.017840960693730104,0.8920480346865052,0.0
5,false_positive_0p020,eq_fpr_matched_macro,1.0,1.0,0.01779363993247116,0.889681996623558,0.0
5,false_positive_0p020,eq_fpr_matched_cvar,1.0,1.0,0.019031781020107028,0.9515890510053514,0.0
6,false_positive_0p001,eq_fpr,0.2857142857142857,0.0,0.00028089132619298757,0.28089132619298757,0.0
6,false_positive_0p001,greedy,0.14285714285714285,0.0,4.076042651710308e-6,0.0040760426517103075,0.0
6,false_positive_0p001,fabrid_macro,0.2857142857142857,0.0,0.00028089132619298757,0.28089132619298757,0.0
6,false_positive_0p001,fabrid_cvar,0.2857142857142857,0.0,0.00028089132619298757,0.28089132619298757,0.0
6,false_positive_0p001,fabrid_macro_finite_safe,0.2857142857142857,0.0,0.00028089132619298757,0.28089132619298757,0.0
6,false_positive_0p001,fabrid_cvar_finite_safe,0.2857142857142857,0.0,0.00028089132619298757,0.28089132619298757,0.0
6,false_positive_0p001,fabrid_macro_no_rate_minimization,0.2857142857142857,0.0,0.00028089132619298757,0.28089132619298757,0.0
6,false_positive_0p001,common_rate_macro,0.2857142857142857,0.0,0.00028089132619298757,0.28089132619298757,0.0
6,false_positive_0p001,pooled_shared,0.9999743398339087,0.9998203788373612,0.0026746264868529267,2.674626486852927,0.0
6,false_positive_0p001,eq_fpr_matched_macro,0.2857142857142857,0.0,0.00028089132619298757,0.28089132619298757,0.0
6,false_positive_0p001,eq_fpr_matched_cvar,0.2857142857142857,0.0,0.00028089132619298757,0.28089132619298757,0.0
6,false_positive_0p0025,eq_fpr,0.42857142857142855,0.0,0.0022723543928457423,0.908941757138297,0.0
6,false_positive_0p0025,greedy,0.14285714285714285,0.0,4.076042651710308e-6,0.001630417060684123,0.0
6,false_positive_0p0025,fabrid_macro,0.2857142857142857,0.0,0.0005050736720370545,0.20202946881482178,0.0
6,false_positive_0p0025,fabrid_cvar,0.2857142857142857,0.0,0.0006532206415231955,0.2612882566092782,0.0
6,false_positive_0p0025,fabrid_macro_finite_safe,0.2857142857142857,0.0,0.00044393303226139986,0.17757321290455994,0.0
6,false_positive_0p0025,fabrid_cvar_finite_safe,0.2857142857142857,0.0,0.0005173017999921854,0.20692071999687417,0.0
6,false_positive_0p0025,fabrid_macro_no_rate_minimization,0.2857142857142857,0.0,0.0006364847244303309,0.2545938897721324,0.0
6,false_positive_0p0025,common_rate_macro,0.42857142857142855,0.0,0.0022723543928457423,0.908941757138297,0.0
6,false_positive_0p0025,pooled_shared,0.9999883362881403,0.9999183540169824,0.003934046137977688,1.5736184551910752,0.0
6,false_positive_0p0025,eq_fpr_matched_macro,0.42857142857142855,0.0,0.002162301241249564,0.8649204964998255,0.0
6,false_positive_0p0025,eq_fpr_matched_cvar,0.5714285714285714,0.0,0.0025813593323666196,1.0325437329466478,0.0
6,false_positive_0p005,eq_fpr,0.8571171969767659,0.0,0.00863219042424367,1.7264380848487337,0.0
6,false_positive_0p005,greedy,0.14285714285714285,0.0,4.076042651710308e-6,0.0008152085303420615,0.0
6,false_positive_0p005,fabrid_macro,0.2857142857142857,0.0,0.001207130695669774,0.2414261391339548,0.0
6,false_positive_0p005,fabrid_cvar,0.42857142857142855,0.0,0.0017129117219823323,0.34258234439646645,0.0
6,false_positive_0p005,fabrid_macro_finite_safe,0.2857142857142857,0.0,0.0009656664916803191,0.19313329833606382,0.0
6,false_positive_0p005,fabrid_cvar_finite_safe,0.4285597648595689,0.0,0.0008998609551787672,0.17997219103575343,0.0
6,false_positive_0p005,fabrid_macro_no_rate_minimization,0.42857142857142855,0.0,0.003335646332788508,0.6671292665577016,0.0
6,false_positive_0p005,common_rate_macro,0.7142857142857143,0.0,0.008449920435387078,1.6899840870774157,0.0
6,false_positive_0p005,pooled_shared,0.9999883362881403,0.9999183540169824,0.005213507657217981,1.0427015314435961,0.0
6,false_positive_0p005,eq_fpr_matched_macro,0.5714285714285714,0.0,0.004846387746262228,0.9692775492524456,0.0
6,false_positive_0p005,eq_fpr_matched_cvar,0.5714285714285714,0.0,0.007989926802535756,1.5979853605071512,0.0
6,false_positive_0p010,eq_fpr,1.0,1.0,0.015084935300013985,1.5084935300013984,0.0
6,false_positive_0p010,greedy,0.14285714285714285,0.0,4.076042651710308e-6,0.00040760426517103075,0.0
6,false_positive_0p010,fabrid_macro,0.5714285714285714,0.0,0.004912042174256283,0.4912042174256283,0.0
6,false_positive_0p010,fabrid_cvar,0.5714285714285714,0.0,0.023252344059718818,2.325234405971882,0.0
6,false_positive_0p010,fabrid_macro_finite_safe,0.5714169077167118,0.0,0.003939714483399172,0.39397144833991715,0.0
6,false_positive_0p010,fabrid_cvar_finite_safe,0.5714285714285714,0.0,0.02243011124219281,2.243011124219281,0.0
6,false_positive_0p010,fabrid_macro_no_rate_minimization,0.7142857142857143,0.0,0.02849411171209412,2.849411171209412,0.0
6,false_positive_0p010,common_rate_macro,1.0,1.0,0.015084935300013985,1.5084935300013984,0.0
6,false_positive_0p010,pooled_shared,0.9999953345152562,0.999967341606793,0.008962540602445215,0.8962540602445215,0.0
6,false_positive_0p010,eq_fpr_matched_macro,0.8571428571428571,0.0,0.012028554552180012,1.202855455218001,0.0
6,false_positive_0p010,eq_fpr_matched_cvar,1.0,1.0,0.013639655858100086,1.3639655858100086,0.0
6,false_positive_0p020,eq_fpr,1.0,1.0,0.03999729378985817,1.9998646894929084,0.0
6,false_positive_0p020,greedy,0.14285714285714285,0.0,4.076042651710308e-6,0.00020380213258551537,0.0
6,false_positive_0p020,fabrid_macro,0.7142857142857143,0.0,0.031667339186667844,1.583366959333392,0.0
6,false_positive_0p020,fabrid_cvar,0.7142857142857143,0.0,0.03334925474140366,1.667462737070183,0.0
6,false_positive_0p020,fabrid_macro_finite_safe,0.7142857142857143,0.0,0.03040989847046372,1.520494923523186,0.0
6,false_positive_0p020,fabrid_cvar_finite_safe,0.7142857142857143,0.0,0.03149657987931492,1.574828993965746,0.0
6,false_positive_0p020,fabrid_macro_no_rate_minimization,0.7142857142857143,0.0,0.0351871114926515,1.759355574632575,0.0
6,false_positive_0p020,common_rate_macro,1.0,1.0,0.039775839380706925,1.9887919690353462,0.0
6,false_positive_0p020,pooled_shared,1.0,1.0,0.017363911299897603,0.8681955649948802,0.0
6,false_positive_0p020,eq_fpr_matched_macro,1.0,1.0,0.016293831935649625,0.8146915967824813,0.0
6,false_positive_0p020,eq_fpr_matched_cvar,1.0,1.0,0.0172501496275405,0.862507481377025,0.0
7,false_positive_0p001,eq_fpr,0.2857142857142857,0.0,0.0002849673688446979,0.2849673688446979,0.0
7,false_positive_0p001,greedy,0.0,0.0,0.0,0.0,0.0
7,false_positive_0p001,fabrid_macro,0.2857142857142857,0.0,0.0002849673688446979,0.2849673688446979,0.0
7,false_positive_0p001,fabrid_cvar,0.2857142857142857,0.0,0.0002849673688446979,0.2849673688446979,0.0
7,false_positive_0p001,fabrid_macro_finite_safe,0.2857142857142857,0.0,0.00026866319823785667,0.26866319823785667,0.0
7,false_positive_0p001,fabrid_cvar_finite_safe,0.2857142857142857,0.0,0.00026866319823785667,0.26866319823785667,0.0
7,false_positive_0p001,fabrid_macro_no_rate_minimization,0.2857142857142857,0.0,0.0002849673688446979,0.2849673688446979,0.0
7,false_positive_0p001,common_rate_macro,0.2857142857142857,0.0,0.0002849673688446979,0.2849673688446979,0.0
7,false_positive_0p001,pooled_shared,0.9999805604802339,0.9998639233616373,0.0027003685103465193,2.7003685103465194,0.0
7,false_positive_0p001,eq_fpr_matched_macro,0.2857142857142857,0.0,0.0002849673688446979,0.2849673688446979,0.0
7,false_positive_0p001,eq_fpr_matched_cvar,0.2857142857142857,0.0,0.0002849673688446979,0.2849673688446979,0.0
7,false_positive_0p0025,eq_fpr,0.42857142857142855,0.0,0.0021119140193731983,0.8447656077492793,0.0
7,false_positive_0p0025,greedy,0.0,0.0,0.0,0.0,0.0
7,false_positive_0p0025,fabrid_macro,0.2857142857142857,0.0,0.0005957242979132279,0.23828971916529115,0.0
7,false_positive_0p0025,fabrid_cvar,0.2857142857142857,0.0,0.0005957242979132279,0.23828971916529115,0.0
7,false_positive_0p0025,fabrid_macro_finite_safe,0.2857142857142857,0.0,0.00042355281900284834,0.16942112760113934,0.0
7,false_positive_0p0025,fabrid_cvar_finite_safe,0.2857142857142857,0.0,0.00042355281900284834,0.16942112760113934,0.0
7,false_positive_0p0025,fabrid_macro_no_rate_minimization,0.2857142857142857,0.0,0.0005377581429617368,0.21510325718469472,0.0
7,false_positive_0p0025,common_rate_macro,0.42857142857142855,0.0,0.002095609848766357,0.8382439395065429,0.0
7,false_positive_0p0025,pooled_shared,0.9999891138689311,0.9999237970825169,0.00374848614999553,1.4993944599982119,0.0
7,false_positive_0p0025,eq_fpr_matched_macro,0.5714285714285714,0.0,0.0029816430116664265,1.1926572046665707,0.0
7,false_positive_0p0025,eq_fpr_matched_cvar,0.5714285714285714,0.0,0.0029816430116664265,1.1926572046665707,0.0
7,false_positive_0p005,eq_fpr,0.8571203072999285,0.0,0.007364668251258305,1.472933650251661,0.0
7,false_positive_0p005,greedy,0.0,0.0,0.0,0.0,0.0
7,false_positive_0p005,fabrid_macro,0.2857142857142857,0.0,0.0010141853218703194,0.20283706437406387,0.0
7,false_positive_0p005,fabrid_cvar,0.4285675406674754,0.0,0.0028283147915584192,0.5656629583116838,0.0
7,false_positive_0p005,fabrid_macro_finite_safe,0.2857142857142857,0.0,0.0007944727003084862,0.15889454006169723,0.0
7,false_positive_0p005,fabrid_cvar_finite_safe,0.4285613200211502,0.0,0.0012713390666468588,0.25426781332937176,0.0
7,false_positive_0p005,fabrid_macro_no_rate_minimization,0.42857142857142855,0.0,0.003354893823384065,0.670978764676813,0.0
7,false_positive_0p005,common_rate_macro,0.8571203072999285,0.0,0.007364668251258305,1.472933650251661,0.0
7,false_positive_0p005,pooled_shared,0.9999898914497216,0.9999292401480513,0.005753522281955708,1.1507044563911417,0.0
7,false_positive_0p005,eq_fpr_matched_macro,0.5714285714285714,0.0,0.005724835099849297,1.1449670199698594,0.0
7,false_positive_0p005,eq_fpr_matched_cvar,0.5714285714285714,0.0,0.00657783081827243,1.315566163654486,0.0
7,false_positive_0p010,eq_fpr,1.0,1.0,0.014426669567428172,1.4426669567428172,0.0
7,false_positive_0p010,greedy,0.0,0.0,0.0,0.0,0.0
7,false_positive_0p010,fabrid_macro,0.5714246835246183,0.0,0.0059627496153613615,0.5962749615361361,0.0
7,false_positive_0p010,fabrid_cvar,0.5714285714285714,0.0,0.022532837294598016,2.2532837294598016,0.0
7,false_positive_0p010,fabrid_macro_finite_safe,0.5714184628782931,0.0,0.0038665147976928806,0.38665147976928804,0.0
7,false_positive_0p010,fabrid_cvar_finite_safe,0.5714285714285714,0.0,0.021271442578275054,2.1271442578275055,0.0
7,false_positive_0p010,fabrid_macro_no_rate_minimization,0.7142857142857143,0.0,0.024574625440803414,2.4574625440803413,0.0
7,false_positive_0p010,common_rate_macro,1.0,1.0,0.014426669567428172,1.4426669567428172,0.0
7,false_positive_0p010,pooled_shared,0.9999961120960468,0.9999727846723274,0.010241223118538896,1.0241223118538896,0.0
7,false_positive_0p010,eq_fpr_matched_macro,0.857138969238904,0.0,0.010921982352456484,1.0921982352456485,0.0
7,false_positive_0p010,eq_fpr_matched_cvar,1.0,1.0,0.012967986925290482,1.2967986925290482,0.0
7,false_positive_0p020,eq_fpr,1.0,1.0,0.04007788427730973,2.0038942138654865,0.0
7,false_positive_0p020,greedy,0.0,0.0,0.0,0.0,0.0
7,false_positive_0p020,fabrid_macro,0.7142857142857143,0.0,0.032356139942123226,1.6178069971061613,0.0
7,false_positive_0p020,fabrid_cvar,0.7142857142857143,0.0,0.033614689390274996,1.6807344695137498,0.0
7,false_positive_0p020,fabrid_macro_finite_safe,0.7142857142857143,0.0,0.029890625783216523,1.4945312891608262,0.0
7,false_positive_0p020,fabrid_cvar_finite_safe,0.7142857142857143,0.0,0.03096349144083083,1.5481745720415414,0.0
7,false_positive_0p020,fabrid_macro_no_rate_minimization,0.7142857142857143,0.0,0.03603510704479854,1.8017553522399268,0.0
7,false_positive_0p020,common_rate_macro,1.0,1.0,0.039615673028179,1.9807836514089499,0.0
7,false_positive_0p020,pooled_shared,1.0,1.0,0.018778921491589665,0.9389460745794832,0.0
7,false_positive_0p020,eq_fpr_matched_macro,1.0,1.0,0.016544646616463304,0.8272323308231652,0.0
7,false_positive_0p020,eq_fpr_matched_cvar,1.0,1.0,0.01792066667596626,0.896033333798313,0.0
8,false_positive_0p001,eq_fpr,0.42857142857142855,0.0,0.0015766831047392227,1.5766831047392227,0.0
8,false_positive_0p001,greedy,0.14285714285714285,0.0,4.076042651710308e-6,0.0040760426517103075,0.0
8,false_positive_0p001,fabrid_macro,0.42857142857142855,0.0,0.0015766831047392227,1.5766831047392227,0.0
8,false_positive_0p001,fabrid_cvar,0.42857142857142855,0.0,0.0015766831047392227,1.5766831047392227,0.0
8,false_positive_0p001,fabrid_macro_finite_safe,0.2857142857142857,0.0,0.0002695647560654034,0.26956475606540337,0.0
8,false_positive_0p001,fabrid_cvar_finite_safe,0.2857142857142857,0.0,0.0002695647560654034,0.26956475606540337,0.0
8,false_positive_0p001,fabrid_macro_no_rate_minimization,0.42857142857142855,0.0,0.0015766831047392227,1.5766831047392227,0.0
8,false_positive_0p001,common_rate_macro,0.42857142857142855,0.0,0.0015766831047392227,1.5766831047392227,0.0
8,false_positive_0p001,pooled_shared,0.9999805604802339,0.9998639233616373,0.0026377531605150228,2.6377531605150226,0.0
8,false_positive_0p001,eq_fpr_matched_macro,0.2857142857142857,0.0,0.0002695647560654034,0.26956475606540337,0.0
8,false_positive_0p001,eq_fpr_matched_cvar,0.2857142857142857,0.0,0.0002695647560654034,0.26956475606540337,0.0
8,false_positive_0p0025,eq_fpr,0.42857142857142855,0.0,0.0018823863036174957,0.7529545214469983,0.0
8,false_positive_0p0025,greedy,0.14285714285714285,0.0,4.076042651710308e-6,0.001630417060684123,0.0
8,false_positive_0p0025,fabrid_macro,0.42857142857142855,0.0,0.0019843634996212535,0.7937453998485013,0.0
8,false_positive_0p0025,fabrid_cvar,0.42857142857142855,0.0,0.001992439455213674,0.7969757820854696,0.0
8,false_positive_0p0025,fabrid_macro_finite_safe,0.2857142857142857,0.0,0.00044483459008894664,0.17793383603557866,0.0
8,false_positive_0p0025,fabrid_cvar_finite_safe,0.2857142857142857,0.0,0.0005752679549436765,0.2301071819774706,0.0
8,false_positive_0p0025,fabrid_macro_no_rate_minimization,0.5714285714285714,0.0,0.002294647696962003,0.9178590787848011,0.0
8,false_positive_0p0025,common_rate_macro,0.42857142857142855,0.0,0.0018823863036174957,0.7529545214469983,0.0
8,false_positive_0p0025,pooled_shared,0.9999891138689311,0.9999237970825169,0.0035964410064876777,1.4385764025950711,0.0
8,false_positive_0p0025,eq_fpr_matched_macro,0.5714285714285714,0.0,0.00239067487478126,0.956269949912504,0.0
8,false_positive_0p0025,eq_fpr_matched_cvar,0.42857142857142855,0.0,0.0018905383889209165,0.7562153555683666,0.0
8,false_positive_0p005,eq_fpr,0.8571234176230911,0.0,0.00926764961197551,1.8535299223951018,0.0
8,false_positive_0p005,greedy,0.14285714285714285,0.0,4.076042651710308e-6,0.0008152085303420615,0.0
8,false_positive_0p005,fabrid_macro,0.42857142857142855,0.0,0.0026691386651085847,0.5338277330217169,0.0
8,false_positive_0p005,fabrid_cvar,0.5714285714285714,0.0,0.00402192590428486,0.8043851808569719,0.0
8,false_positive_0p005,fabrid_macro_finite_safe,0.2857142857142857,0.0,0.001166294139441671,0.23325882788833419,0.0
8,false_positive_0p005,fabrid_cvar_finite_safe,0.4285613200211502,0.0,0.0011259160743367815,0.22518321486735632,0.0
8,false_positive_0p005,fabrid_macro_no_rate_minimization,0.5714285714285714,0.0,0.004651130075665491,0.9302260151330982,0.0
8,false_positive_0p005,common_rate_macro,0.8571234176230911,0.0,0.00926764961197551,1.8535299223951018,0.0
8,false_positive_0p005,pooled_shared,0.9999898914497216,0.9999292401480513,0.00518777059864837,1.037554119729674,0.0
8,false_positive_0p005,eq_fpr_matched_macro,0.5714285714285714,0.0,0.0053231818997070204,1.064636379941404,0.0
8,false_positive_0p005,eq_fpr_matched_cvar,0.7142857142857143,0.0,0.008682900913834323,1.7365801827668645,0.0
8,false_positive_0p010,eq_fpr,1.0,1.0,0.015933986143117154,1.5933986143117154,0.0
8,false_positive_0p010,greedy,0.14285714285714285,0.0,4.076042651710308e-6,0.00040760426517103075,0.0
8,false_positive_0p010,fabrid_macro,0.7142857142857143,0.0,0.007671486315344244,0.7671486315344244,0.0
8,false_positive_0p010,fabrid_cvar,0.7142857142857143,0.0,0.02424000996550355,2.4240009965503546,0.0
8,false_positive_0p010,fabrid_macro_finite_safe,0.5714285714285714,0.0,0.004988321692930835,0.49883216929308344,0.0
8,false_positive_0p010,fabrid_cvar_finite_safe,0.5714285714285714,0.0,0.021903484837235754,2.190348483723575,0.0
8,false_positive_0p010,fabrid_macro_no_rate_minimization,0.7142857142857143,0.0,0.02492139139016992,2.4921391390169916,0.0
8,false_positive_0p010,common_rate_macro,1.0,1.0,0.015933986143117154,1.5933986143117154,0.0
8,false_positive_0p010,pooled_shared,0.9999961120960468,0.9999727846723274,0.008945905096416074,0.8945905096416074,0.0
8,false_positive_0p010,eq_fpr_matched_macro,0.8571428571428571,0.0,0.013077501608218616,1.3077501608218616,0.0
8,false_positive_0p010,eq_fpr_matched_cvar,1.0,1.0,0.014528330972172699,1.4528330972172698,0.0
8,false_positive_0p020,eq_fpr,1.0,1.0,0.0407882686170909,2.039413430854545,0.0
8,false_positive_0p020,greedy,0.14285714285714285,0.0,4.076042651710308e-6,0.00020380213258551537,0.0
8,false_positive_0p020,fabrid_macro,0.8571428571428571,0.0,0.0331570195583388,1.6578509779169401,0.0
8,false_positive_0p020,fabrid_cvar,0.8571428571428571,0.0,0.03484807510720401,1.7424037553602003,0.0
8,false_positive_0p020,fabrid_macro_finite_safe,0.7142857142857143,0.0,0.030519800967086674,1.5259900483543336,0.0
8,false_positive_0p020,fabrid_cvar_finite_safe,0.7142857142857143,0.0,0.03151692803758053,1.5758464018790264,0.0
8,false_positive_0p020,fabrid_macro_no_rate_minimization,0.8571428571428571,0.0,0.03644212871735886,1.8221064358679429,0.0
8,false_positive_0p020,common_rate_macro,1.0,1.0,0.0407882686170909,2.039413430854545,0.0
8,false_positive_0p020,pooled_shared,1.0,1.0,0.018815966688255335,0.9407983344127667,0.0
8,false_positive_0p020,eq_fpr_matched_macro,1.0,1.0,0.017137157051479147,0.8568578525739573,0.0
8,false_positive_0p020,eq_fpr_matched_cvar,1.0,1.0,0.019789664822719624,0.9894832411359812,0.0
9,false_positive_0p001,eq_fpr,0.42857142857142855,0.0,0.0018716525676347703,1.8716525676347702,0.0
9,false_positive_0p001,greedy,0.14285714285714285,0.0,0.00002038021325855154,0.02038021325855154,0.0
9,false_positive_0p001,fabrid_macro,0.42857142857142855,0.0,0.0018716525676347703,1.8716525676347702,0.0
9,false_positive_0p001,fabrid_cvar,0.42857142857142855,0.0,0.0018716525676347703,1.8716525676347702,0.0
9,false_positive_0p001,fabrid_macro_finite_safe,0.2857142857142857,0.0,0.0002922178963205718,0.29221789632057177,0.0
9,false_positive_0p001,fabrid_cvar_finite_safe,0.2857142857142857,0.0,0.0002922178963205718,0.29221789632057177,0.0
9,false_positive_0p001,fabrid_macro_no_rate_minimization,0.42857142857142855,0.0,0.0018716525676347703,1.8716525676347702,0.0
9,false_positive_0p001,common_rate_macro,0.42857142857142855,0.0,0.0018716525676347703,1.8716525676347702,0.0
9,false_positive_0p001,pooled_shared,0.9999743398339087,0.9998203788373612,0.002809295039402671,2.809295039402671,0.0
9,false_positive_0p001,eq_fpr_matched_macro,0.2857142857142857,0.0,0.0002922178963205718,0.29221789632057177,0.0
9,false_positive_0p001,eq_fpr_matched_cvar,0.2857142857142857,0.0,0.0002922178963205718,0.29221789632057177,0.0
9,false_positive_0p0025,eq_fpr,0.42857142857142855,0.0,0.002156975553254492,0.8627902213017967,0.0
9,false_positive_0p0025,greedy,0.14285714285714285,0.0,0.00002038021325855154,0.008152085303420615,0.0
9,false_positive_0p0025,fabrid_macro,0.42857142857142855,0.0,0.0022358297976615574,0.894331919064623,0.0
9,false_positive_0p0025,fabrid_cvar,0.42857142857142855,0.0,0.002333654821302605,0.933461928521042,0.0
9,false_positive_0p0025,fabrid_macro_finite_safe,0.2857142857142857,0.0,0.00044710751708556347,0.17884300683422538,0.0
9,false_positive_0p0025,fabrid_cvar_finite_safe,0.2857142857142857,0.0,0.0005938450525471345,0.2375380210188538,0.0
9,false_positive_0p0025,fabrid_macro_no_rate_minimization,0.5714285714285714,0.0,0.0024015133699447516,0.9606053479779006,0.0
9,false_positive_0p0025,common_rate_macro,0.42857142857142855,0.0,0.002156975553254492,0.8627902213017967,0.0
9,false_positive_0p0025,pooled_shared,0.9999883362881403,0.9999183540169824,0.003850683438415704,1.5402733753662816,0.0
9,false_positive_0p0025,eq_fpr_matched_macro,0.5714285714285714,0.0,0.0034330920504187265,1.3732368201674905,0.0
9,false_positive_0p0025,eq_fpr_matched_cvar,0.5714285714285714,0.0,0.0042037298391152085,1.6814919356460833,0.0
9,false_positive_0p005,eq_fpr,0.8571171969767659,0.0,0.008229124261421401,1.6458248522842802,0.0
9,false_positive_0p005,greedy,0.14285714285714285,0.0,0.00002038021325855154,0.0040760426517103075,0.0
9,false_positive_0p005,fabrid_macro,0.42857142857142855,0.0,0.0029002247498903376,0.5800449499780675,0.0
9,false_positive_0p005,fabrid_cvar,0.7142857142857143,0.0,0.0033393168524831025,0.6678633704966205,0.0
9,false_positive_0p005,fabrid_macro_finite_safe,0.2857142857142857,0.0,0.001131882682572895,0.22637653651457898,0.0
9,false_positive_0p005,fabrid_cvar_finite_safe,0.42855665453640635,0.0,0.0009141011717655539,0.18282023435311076,0.0
9,false_positive_0p005,fabrid_macro_no_rate_minimization,0.5714285714285714,0.0,0.004778612850622751,0.9557225701245502,0.0
9,false_positive_0p005,common_rate_macro,0.8571171969767659,0.0,0.008229124261421401,1.6458248522842802,0.0
9,false_positive_0p005,pooled_shared,0.9999883362881403,0.9999183540169824,0.00547134383375748,1.0942687667514959,0.0
9,false_positive_0p005,eq_fpr_matched_macro,0.5714285714285714,0.0,0.00570251221351998,1.140502442703996,0.0
9,false_positive_0p005,eq_fpr_matched_cvar,0.7142857142857143,0.0,0.0075611610427902985,1.5122322085580597,0.0
9,false_positive_0p010,eq_fpr,1.0,1.0,0.014457020439682593,1.4457020439682593,0.0
9,false_positive_0p010,greedy,0.14285714285714285,0.0,0.00002038021325855154,0.0020380213258551537,0.0
9,false_positive_0p010,fabrid_macro,0.7142857142857143,0.0,0.006197617755195918,0.6197617755195918,0.0
9,false_positive_0p010,fabrid_cvar,0.7142857142857143,0.0,0.024162013863433616,2.4162013863433613,0.0
9,false_positive_0p010,fabrid_macro_finite_safe,0.5714137973935492,0.0,0.003522678026585482,0.3522678026585482,0.0
9,false_positive_0p010,fabrid_cvar_finite_safe,0.5714285714285714,0.0,0.021920956532721643,2.192095653272164,0.0
9,false_positive_0p010,fabrid_macro_no_rate_minimization,0.8571428571428571,0.0,0.028803259149726805,2.8803259149726803,0.0
9,false_positive_0p010,common_rate_macro,1.0,1.0,0.014457020439682593,1.4457020439682593,0.0
9,false_positive_0p010,pooled_shared,0.9999945569344655,0.9999618985412585,0.008693159124966808,0.8693159124966808,0.0
9,false_positive_0p010,eq_fpr_matched_macro,0.8571428571428571,0.0,0.010855355804855634,1.0855355804855633,0.0
9,false_positive_0p010,eq_fpr_matched_cvar,1.0,1.0,0.012803878781154155,1.2803878781154154,0.0
9,false_positive_0p020,eq_fpr,1.0,1.0,0.03994434790473953,1.9972173952369765,0.0
9,false_positive_0p020,greedy,0.14285714285714285,0.0,0.00002038021325855154,0.0010190106629275769,0.0
9,false_positive_0p020,fabrid_macro,0.8571428571428571,0.0,0.033175079140952225,1.6587539570476113,0.0
9,false_positive_0p020,fabrid_cvar,0.8571428571428571,0.0,0.03445546310322827,1.7227731551614136,0.0
9,false_positive_0p020,fabrid_macro_finite_safe,0.7142857142857143,0.0,0.03031186527754061,1.5155932638770304,0.0
9,false_positive_0p020,fabrid_cvar_finite_safe,0.7142857142857143,0.0,0.031373586843190915,1.5686793421595457,0.0
9,false_positive_0p020,fabrid_macro_no_rate_minimization,0.8571428571428571,0.0,0.03651717926509656,1.8258589632548279,0.0
9,false_positive_0p020,common_rate_macro,1.0,1.0,0.03994434790473953,1.9972173952369765,0.0
9,false_positive_0p020,pooled_shared,1.0,1.0,0.016672821111102742,0.8336410555551371,0.0
9,false_positive_0p020,eq_fpr_matched_macro,1.0,1.0,0.016076269797102027,0.8038134898551014,0.0
9,false_positive_0p020,eq_fpr_matched_cvar,1.0,1.0,0.018960400758596826,0.9480200379298414,0.0
0,false_positive_0p001,eq_fpr,0.3143055616687564,0.0,0.001980579096690922,1.9805790966909218,0.0
0,false_positive_0p001,greedy,0.0,0.0,0.0,0.0,0.0
0,false_positive_0p001,fabrid_macro,0.22858601971756903,0.0,0.0018623738597913228,1.8623738597913229,0.0
0,false_positive_0p001,fabrid_cvar,0.22858601971756903,0.0,0.0018623738597913228,1.8623738597913229,0.0
0,false_positive_0p001,fabrid_macro_finite_safe,0.08572887686042617,0.0,0.00017401265942097285,0.17401265942097285,0.0
0,false_positive_0p001,fabrid_cvar_finite_safe,0.08572887686042617,0.0,0.00017401265942097285,0.17401265942097285,0.0
0,false_positive_0p001,fabrid_macro_no_rate_minimization,0.3143055616687564,0.0,0.001980579096690922,1.9805790966909218,0.0
0,false_positive_0p001,common_rate_macro,0.3143055616687564,0.0,0.001980579096690922,1.9805790966909218,0.0
0,false_positive_0p001,pooled_shared,0.8855944166751215,0.6000367936583115,0.002892314107783897,2.8923141077838967,0.0
0,false_positive_0p001,eq_fpr_matched_macro,0.1714420805399906,0.0,0.00014183606469331383,0.14183606469331383,0.0
0,false_positive_0p001,eq_fpr_matched_cvar,0.1714420805399906,0.0,0.00014183606469331383,0.14183606469331383,0.0
0,false_positive_0p0025,eq_fpr,0.37139459847141143,0.0,0.0022006853998832784,0.8802741599533114,0.0
0,false_positive_0p0025,greedy,0.0,0.0,0.0,0.0,0.0
0,false_positive_0p0025,fabrid_macro,0.22858601971756903,0.0,0.0018623738597913228,0.7449495439165291,0.0
0,false_positive_0p0025,fabrid_cvar,0.3143055616687564,0.0,0.001980579096690922,0.7922316386763687,0.0
0,false_positive_0p0025,fabrid_macro_finite_safe,0.08572887686042617,0.0,0.00017401265942097285,0.06960506376838914,0.0
0,false_positive_0p0025,fabrid_cvar_finite_safe,0.17144841881161352,0.0,0.0002922178963205718,0.11688715852822872,0.0
0,false_positive_0p0025,fabrid_macro_no_rate_minimization,0.37141899438770193,0.0,0.002874348897740387,1.1497395590961548,0.0
0,false_positive_0p0025,common_rate_macro,0.3713938269483284,0.0,0.0021232405895007826,0.849296235800313,0.0
0,false_positive_0p0025,pooled_shared,0.9998108600971812,0.9996600512768967,0.0037632403797362548,1.5052961518945018,0.0
0,false_positive_0p0025,eq_fpr_matched_macro,0.1714420805399906,0.0,0.00014183606469331383,0.05673442587732553,0.0
0,false_positive_0p0025,eq_fpr_matched_cvar,0.17144841881161352,0.0,0.0002922178963205718,0.11688715852822872,0.0
0,false_positive_0p005,eq_fpr,0.8569993820458016,0.0,0.007966713254657759,1.5933426509315518,0.0
0,false_positive_0p005,greedy,0.0,0.0,0.0,0.0,0.0
0,false_positive_0p005,fabrid_macro,0.3143055616687564,0.0,0.001980579096690922,0.39611581933818435,0.0
0,false_positive_0p005,fabrid_cvar,0.5142300327645358,0.0,0.003416462570417858,0.6832925140835715,0.0
0,false_positive_0p005,fabrid_macro_finite_safe,0.17144841881161352,0.0,0.0002922178963205718,0.05844357926411436,0.0
0,false_positive_0p005,fabrid_cvar_finite_safe,0.37136684160649985,0.0,0.0009166171448566761,0.18332342897133522,0.0
0,false_positive_0p005,fabrid_macro_no_rate_minimization,0.6570871756216787,0.0,0.010182609889560568,2.0365219779121135,0.0
0,false_positive_0p005,common_rate_macro,0.714191188217024,0.0,0.007682717443552654,1.5365434887105307,0.0
0,false_positive_0p005,pooled_shared,0.999849569646214,0.9996917856679876,0.005336787563477714,1.0673575126955428,0.0
0,false_positive_0p005,eq_fpr_matched_macro,0.17144841881161352,0.0,0.0002922178963205718,0.05844357926411436,0.0
0,false_positive_0p005,eq_fpr_matched_cvar,0.5713454109289844,0.0,0.004861897535495314,0.9723795070990628,0.0
0,false_positive_0p010,eq_fpr,0.9999141748824101,0.9997241940409154,0.014980492160313556,1.4980492160313554,0.0
0,false_positive_0p010,greedy,0.0,0.0,0.0,0.0,0.0
0,false_positive_0p010,fabrid_macro,0.37140274886346897,0.0,0.0027998636696846936,0.27998636696846935,0.0
0,false_positive_0p010,fabrid_cvar,0.65709992640567,0.0,0.014645294709067573,1.4645294709067573,0.0
0,false_positive_0p010,fabrid_macro_finite_safe,0.22854377348173818,0.0,0.001038133701583558,0.1038133701583558,0.0
0,false_positive_0p010,fabrid_cvar_finite_safe,0.514233891009014,0.0,0.011193440448125718,1.1193440448125718,0.0
0,false_positive_0p010,fabrid_macro_no_rate_minimization,0.6571183850576815,0.0,0.031537561667022825,3.153756166702282,0.0
0,false_positive_0p010,common_rate_macro,0.9999141748824101,0.9997241940409154,0.014973241632837682,1.4973241632837682,0.0
0,false_positive_0p010,pooled_shared,0.9998811524038229,0.9997535650921341,0.009136948333643804,0.9136948333643804,0.0
0,false_positive_0p010,eq_fpr_matched_macro,0.5713124274047562,0.0,0.003256247206123422,0.3256247206123422,0.0
0,false_positive_0p010,eq_fpr_matched_cvar,0.8570471749817811,0.0,0.011147572891308171,1.114757289130817,0.0
0,false_positive_0p020,eq_fpr,0.9999719325452744,0.9998035278169212,0.04028153441379727,2.0140767206898635,0.0
0,false_positive_0p020,greedy,0.0,0.0,0.0,0.0,0.0
0,false_positive_0p020,fabrid_macro,0.37140342410343236,0.0,0.002856928266808638,0.1428464133404319,0.0
0,false_positive_0p020,fabrid_cvar,0.6571155396731484,0.0,0.02609609853757732,1.304804926878866,0.0
0,false_positive_0p020,fabrid_macro_finite_safe,0.22854560600632615,0.0,0.0011115024693143434,0.05557512346571716,0.0
0,false_positive_0p020,fabrid_cvar_finite_safe,0.5142483437247173,0.0,0.016099206051886337,0.8049603025943168,0.0
0,false_positive_0p020,fabrid_macro_no_rate_minimization,0.6000198473830421,0.0,0.031729672047977574,1.5864836023988786,0.0
0,false_positive_0p020,common_rate_macro,0.9999719325452744,0.9998035278169212,0.040175728212973855,2.0087864106486926,0.0
0,false_positive_0p020,pooled_shared,0.9999317048488136,0.9998078503273863,0.01748055430545646,0.8740277152728231,0.0
0,false_positive_0p020,eq_fpr_matched_macro,0.5713160694283198,0.0,0.003320130584237217,0.16600652921186085,0.0
0,false_positive_0p020,eq_fpr_matched_cvar,0.9998888477777219,0.9997171040212998,0.011612530233173723,0.5806265116586862,0.0
1,false_positive_0p001,eq_fpr,0.3143038676651718,0.0,0.0018203637879308581,1.820363787930858,0.0
1,false_positive_0p001,greedy,0.08571462333426741,0.0,0.00004483646916881338,0.04483646916881338,0.0
1,false_positive_0p001,fabrid_macro,0.3143038676651718,0.0,0.0018203637879308581,1.820363787930858,0.0
1,false_positive_0p001,fabrid_cvar,0.3143038676651718,0.0,0.0018203637879308581,1.820363787930858,0.0
1,false_positive_0p001,fabrid_macro_finite_safe,0.08571756500192003,0.0,0.0001141291942478886,0.1141291942478886,0.0
1,false_positive_0p001,fabrid_cvar_finite_safe,0.17144672480802894,0.0,0.0002953923811447353,0.2953923811447353,0.0
1,false_positive_0p001,fabrid_macro_no_rate_minimization,0.3713955566570576,0.0,0.0020241659205163733,2.0241659205163733,0.0
1,false_positive_0p001,common_rate_macro,0.3143038676651718,0.0,0.0018203637879308581,1.820363787930858,0.0
1,false_positive_0p001,pooled_shared,0.8855880266698068,0.6000229550134402,0.002750755732222885,2.750755732222885,0.0
1,false_positive_0p001,eq_fpr_matched_macro,0.17144672480802894,0.0,0.0002953923811447353,0.2953923811447353,0.0
1,false_positive_0p001,eq_fpr_matched_cvar,0.17144672480802894,0.0,0.0002953923811447353,0.2953923811447353,0.0
1,false_positive_0p0025,eq_fpr,0.3713955566570576,0.0,0.0020241659205163733,0.8096663682065492,0.0
1,false_positive_0p0025,greedy,0.08571462333426741,0.0,0.00004483646916881338,0.017934587667525353,0.0
1,false_positive_0p0025,fabrid_macro,0.3143009259975192,0.0,0.001751071062851783,0.7004284251407131,0.0
1,false_positive_0p0025,fabrid_cvar,0.3713955566570576,0.0,0.0020241659205163733,0.8096663682065492,0.0
1,false_positive_0p0025,fabrid_macro_finite_safe,0.08572915980610893,0.0,0.00018126318689684672,0.07250527475873869,0.0
1,false_positive_0p0025,fabrid_cvar_finite_safe,0.22853764227683174,0.0,0.0004543580445614373,0.18174321782457492,0.0
1,false_positive_0p0025,fabrid_macro_no_rate_minimization,0.4571404477076847,0.0,0.0025177188188738008,1.0070875275495204,0.0
1,false_positive_0p0025,common_rate_macro,0.3713955566570576,0.0,0.0020241659205163733,0.8096663682065492,0.0
1,false_positive_0p0025,pooled_shared,0.9998138943868156,0.9996647779566408,0.0037684614576182903,1.507384583047316,0.0
1,false_positive_0p0025,eq_fpr_matched_macro,0.17144115397675774,0.0,0.0001336459145343933,0.05345836581375732,0.0
1,false_positive_0p0025,eq_fpr_matched_cvar,0.3713955566570576,0.0,0.0020241659205163733,0.8096663682065492,0.0
1,false_positive_0p005,eq_fpr,0.8569987324543771,0.0,0.007947932913399694,1.5895865826799387,0.0
1,false_positive_0p005,greedy,0.08571462333426741,0.0,0.00004483646916881338,0.008967293833762676,0.0
1,false_positive_0p005,fabrid_macro,0.3713955566570576,0.0,0.0020241659205163733,0.4048331841032746,0.0
1,false_positive_0p005,fabrid_cvar,0.514254098135687,0.0,0.006482753419005963,1.2965506838011924,0.0
1,false_positive_0p005,fabrid_macro_finite_safe,0.22853764227683174,0.0,0.0004543580445614373,0.09087160891228746,0.0
1,false_positive_0p005,fabrid_cvar_finite_safe,0.37137524607717026,0.0,0.0021819197449109507,0.43638394898219013,0.0
1,false_positive_0p005,fabrid_macro_no_rate_minimization,0.6571098423713434,0.0,0.02356328552359439,4.712657104718878,0.0
1,false_positive_0p005,common_rate_macro,0.8569987324543771,0.0,0.007947932913399694,1.5895865826799387,0.0
1,false_positive_0p005,pooled_shared,0.9998538220630354,0.9996894223281156,0.005133963997509766,1.0267927995019532,0.0
1,false_positive_0p005,eq_fpr_matched_macro,0.3713955566570576,0.0,0.0020241659205163733,0.4048331841032746,0.0
1,false_positive_0p005,eq_fpr_matched_cvar,0.5713197674894561,0.0,0.0037186875331661814,0.7437375066332362,0.0
1,false_positive_0p010,eq_fpr,0.9999162417549707,0.9997241940409154,0.014973501481559563,1.4973501481559564,0.0
1,false_positive_0p010,greedy,0.08571462333426741,0.0,0.00004483646916881338,0.004483646916881338,0.0
1,false_positive_0p010,fabrid_macro,0.3713983539000308,0.0,0.002403237887125432,0.2403237887125432,0.0
1,false_positive_0p010,fabrid_cvar,0.6570975262318904,0.0,0.00841668128089606,0.841668128089606,0.0
1,false_positive_0p010,fabrid_macro_finite_safe,0.22854087342290624,0.0,0.0007600612434397104,0.07600612434397104,0.0
1,false_positive_0p010,fabrid_cvar_finite_safe,0.5142331450836789,0.0,0.005512108500896575,0.5512108500896575,0.0
1,false_positive_0p010,fabrid_macro_no_rate_minimization,0.6000181533794576,0.0,0.02907721952861948,2.907721952861948,0.0
1,false_positive_0p010,common_rate_macro,0.9999152132852726,0.9997241940409154,0.01495051746694173,1.495051746694173,0.0
1,false_positive_0p010,pooled_shared,0.9998840606436697,0.9997512017522622,0.008202597459577738,0.8202597459577737,0.0
1,false_positive_0p010,eq_fpr_matched_macro,0.5142223710282201,0.0,0.002386048799936755,0.23860487999367547,0.0
1,false_positive_0p010,eq_fpr_matched_cvar,0.7141949505047344,0.0,0.007825892199628303,0.7825892199628303,0.0
1,false_positive_0p020,eq_fpr,0.9999704821571088,0.9997957638154682,0.0396397474325237,1.9819873716261849,0.0
1,false_positive_0p020,greedy,0.08571462333426741,0.0,0.00004483646916881338,0.002241823458440669,0.0
1,false_positive_0p020,fabrid_macro,0.3713983539000308,0.0,0.002403237887125432,0.1201618943562716,0.0
1,false_positive_0p020,fabrid_cvar,0.6570975262318904,0.0,0.00841668128089606,0.420834064044803,0.0
1,false_positive_0p020,fabrid_macro_finite_safe,0.22854087342290624,0.0,0.0007600612434397104,0.03800306217198552,0.0
1,false_positive_0p020,fabrid_cvar_finite_safe,0.5142331450836789,0.0,0.005512108500896575,0.27560542504482877,0.0
1,false_positive_0p020,fabrid_macro_no_rate_minimization,0.6000181533794576,0.0,0.02907721952861948,1.453860976430974,0.0
1,false_positive_0p020,common_rate_macro,0.9999664538863063,0.9997907001448058,0.038457574869201525,1.9228787434600763,0.0
1,false_positive_0p020,pooled_shared,0.9999374765545601,0.9998255724007794,0.0166341237797319,0.8317061889865951,0.0
1,false_positive_0p020,eq_fpr_matched_macro,0.5142223710282201,0.0,0.002386048799936755,0.11930243999683773,0.0
1,false_positive_0p020,eq_fpr_matched_cvar,0.7141949505047344,0.0,0.007825892199628303,0.39129460998141513,0.0
2,false_positive_0p001,eq_fpr,0.31430200440712114,0.0,0.0019878296241667955,1.9878296241667954,0.0
2,false_positive_0p001,greedy,0.0,0.0,0.0,0.0,0.0
2,false_positive_0p001,fabrid_macro,0.22858704345287204,0.0,0.001869624387267197,1.869624387267197,0.0
2,false_positive_0p001,fabrid_cvar,0.22858704345287204,0.0,0.001869624387267197,1.869624387267197,0.0
2,false_positive_0p001,fabrid_macro_finite_safe,0.08572990059572917,0.0,0.00018126318689684672,0.1812631868968467,0.0
2,false_positive_0p001,fabrid_cvar_finite_safe,0.08572990059572917,0.0,0.00018126318689684672,0.1812631868968467,0.0
2,false_positive_0p001,fabrid_macro_no_rate_minimization,0.22858704345287204,0.0,0.001869624387267197,1.869624387267197,0.0
2,false_positive_0p001,common_rate_macro,0.31430200440712114,0.0,0.0019878296241667955,1.9878296241667954,0.0
2,false_positive_0p001,pooled_shared,0.8855812295092635,0.6000047266797438,0.0028888983266420324,2.8888983266420323,0.0
2,false_positive_0p001,eq_fpr_matched_macro,0.08572990059572917,0.0,0.00018126318689684672,0.1812631868968467,0.0
2,false_positive_0p001,eq_fpr_matched_cvar,0.08572990059572917,0.0,0.00018126318689684672,0.1812631868968467,0.0
2,false_positive_0p0025,eq_fpr,0.3713924879728226,0.0,0.0022486963538762552,0.8994785415505021,0.0
2,false_positive_0p0025,greedy,0.0,0.0,0.0,0.0,0.0
2,false_positive_0p0025,fabrid_macro,0.22858704345287204,0.0,0.001869624387267197,0.7478497549068788,0.0
2,false_positive_0p0025,fabrid_cvar,0.31430200440712114,0.0,0.0019878296241667955,0.7951318496667181,0.0
2,false_positive_0p0025,fabrid_macro_finite_safe,0.08572990059572917,0.0,0.00018126318689684672,0.07250527475873869,0.0
2,false_positive_0p0025,fabrid_cvar_finite_safe,0.17144486154997832,0.0,0.00029946842379644564,0.11978736951857825,0.0
2,false_positive_0p0025,fabrid_macro_no_rate_minimization,0.37143006863054817,0.0,0.004445560847501177,1.7782243390004708,0.0
2,false_positive_0p0025,common_rate_macro,0.3713924879728226,0.0,0.0022486963538762552,0.8994785415505021,0.0
2,false_positive_0p0025,pooled_shared,0.9998129202192249,0.9996279842983291,0.0037379235229123213,1.4951694091649286,0.0
2,false_positive_0p0025,eq_fpr_matched_macro,0.08572990059572917,0.0,0.00018126318689684672,0.07250527475873869,0.0
2,false_positive_0p0025,eq_fpr_matched_cvar,0.17144486154997832,0.0,0.00029946842379644564,0.11978736951857825,0.0
2,false_positive_0p005,eq_fpr,0.8569988808235597,0.0,0.008283649622244036,1.6567299244488072,0.0
2,false_positive_0p005,greedy,0.0,0.0,0.0,0.0,0.0
2,false_positive_0p005,fabrid_macro,0.31430200440712114,0.0,0.0019878296241667955,0.39756592483335906,0.0
2,false_positive_0p005,fabrid_cvar,0.37139914283121084,0.0,0.002509563083585715,0.5019126167171429,0.0
2,false_positive_0p005,fabrid_macro_finite_safe,0.17144486154997832,0.0,0.00029946842379644564,0.05989368475928913,0.0
2,false_positive_0p005,fabrid_cvar_finite_safe,0.22854093897256308,0.0,0.0007437570728328691,0.14875141456657381,0.0
2,false_positive_0p005,fabrid_macro_no_rate_minimization,0.45715914726426404,0.0,0.020678701915983595,4.135740383196719,0.0
2,false_positive_0p005,common_rate_macro,0.7141915572595364,0.0,0.008060950081233009,1.6121900162466019,0.0
2,false_positive_0p005,pooled_shared,0.9998585537552687,0.9996870589882437,0.005344910800227124,1.0689821600454248,0.0
2,false_positive_0p005,eq_fpr_matched_macro,0.17144486154997832,0.0,0.00029946842379644564,0.05989368475928913,0.0
2,false_positive_0p005,eq_fpr_matched_cvar,0.5142233771149216,0.0,0.00297213026899883,0.594426053799766,0.0
2,false_positive_0p010,eq_fpr,0.9999173983808072,0.9997218307010435,0.015636128496266596,1.5636128496266597,0.0
2,false_positive_0p010,greedy,0.0,0.0,0.0,0.0,0.0
2,false_positive_0p010,fabrid_macro,0.37140304921724876,0.0,0.0027174412588229406,0.2717441258822941,0.0
2,false_positive_0p010,fabrid_cvar,0.6571177072657484,0.0,0.02432707257547148,2.4327072575471482,0.0
2,false_positive_0p010,fabrid_macro_finite_safe,0.22854445959705952,0.0,0.0009434831627666742,0.09434831627666743,0.0
2,false_positive_0p010,fabrid_cvar_finite_safe,0.5142556810227676,0.0,0.015727018030574108,1.5727018030574107,0.0
2,false_positive_0p010,fabrid_macro_no_rate_minimization,0.6571201321745077,0.0,0.030077593732157043,3.007759373215704,0.0
2,false_positive_0p010,common_rate_macro,0.9999173983808072,0.9997218307010435,0.015636128496266596,1.5636128496266597,0.0
2,false_positive_0p010,pooled_shared,0.9998914644898427,0.9997512017522622,0.009650011606874703,0.9650011606874703,0.0
2,false_positive_0p010,eq_fpr_matched_macro,0.5713131111306348,0.0,0.003047771963726233,0.3047771963726233,0.0
2,false_positive_0p010,eq_fpr_matched_cvar,0.8570489819827737,0.0,0.011759564363347451,1.175956436334745,0.0
2,false_positive_0p020,eq_fpr,0.999970485782228,0.9997934004755962,0.040179045045136065,2.0089522522568033,0.0
2,false_positive_0p020,greedy,0.0,0.0,0.0,0.0,0.0
2,false_positive_0p020,fabrid_macro,0.371403772598772,0.0,0.0027826579412503056,0.13913289706251528,0.0
2,false_positive_0p020,fabrid_cvar,0.6571173696457667,0.0,0.02641574285323227,1.3207871426616133,0.0
2,false_positive_0p020,fabrid_macro_finite_safe,0.22854445959705952,0.0,0.0009842435892837773,0.04921217946418886,0.0
2,false_positive_0p020,fabrid_cvar_finite_safe,0.5142549576412444,0.0,0.01821392372790248,0.9106961863951241,0.0
2,false_positive_0p020,fabrid_macro_no_rate_minimization,0.6000162901214069,0.0,0.03197999662741655,1.5989998313708276,0.0
2,false_positive_0p020,common_rate_macro,0.999970485782228,0.9997934004755962,0.03720066776194839,1.8600333880974196,0.0
2,false_positive_0p020,pooled_shared,0.9999420576099809,0.9998335728499772,0.018668692377737942,0.933434618886897,0.0
2,false_positive_0p020,eq_fpr_matched_macro,0.5713131111306348,0.0,0.003047771963726233,0.15238859818631165,0.0
2,false_positive_0p020,eq_fpr_matched_cvar,0.9998974061812264,0.9997147406814276,0.013234318224998263,0.6617159112499131,0.0
3,false_positive_0p001,eq_fpr,0.17144168099547136,0.0,0.0002849673688446979,0.2849673688446979,0.0
3,false_positive_0p001,greedy,0.08571428571428572,0.0,4.076042651710308e-6,0.0040760426517103075,0.0
3,false_positive_0p001,fabrid_macro,0.17144168099547136,0.0,0.00024871473146532855,0.24871473146532855,0.0
3,false_positive_0p001,fabrid_cvar,0.17144168099547136,0.0,0.0001708381745968093,0.17083817459680928,0.0
3,false_positive_0p001,fabrid_macro_finite_safe,0.08571428571428572,0.0,0.00011820523689959892,0.11820523689959891,0.0
3,false_positive_0p001,fabrid_cvar_finite_safe,0.08572739528118567,0.0,0.00016676213194509898,0.16676213194509898,0.0
3,false_positive_0p001,fabrid_macro_no_rate_minimization,0.17144168099547136,0.0,0.0001708381745968093,0.17083817459680928,0.0
3,false_positive_0p001,common_rate_macro,0.17144168099547136,0.0,0.0002849673688446979,0.2849673688446979,0.0
3,false_positive_0p001,pooled_shared,0.8855899158695583,0.6,0.002809295039402671,2.809295039402671,0.0
3,false_positive_0p001,eq_fpr_matched_macro,0.17144168099547136,0.0,0.00021975068641733297,0.21975068641733297,0.0
3,false_positive_0p001,eq_fpr_matched_cvar,0.17144168099547136,0.0,0.0001708381745968093,0.17083817459680928,0.0
3,false_positive_0p0025,eq_fpr,0.37139244165220753,0.0,0.0020819070107553845,0.8327628043021538,0.0
3,false_positive_0p0025,greedy,0.08571428571428572,0.0,4.076042651710308e-6,0.001630417060684123,0.0
3,false_positive_0p0025,fabrid_macro,0.17144168099547136,0.0,0.0001708381745968093,0.06833526983872372,0.0
3,false_positive_0p0025,fabrid_cvar,0.17144168099547136,0.0,0.0002849673688446979,0.11398694753787916,0.0
3,false_positive_0p0025,fabrid_macro_finite_safe,0.08572739528118567,0.0,0.00016676213194509898,0.06670485277803959,0.0
3,false_positive_0p0025,fabrid_cvar_finite_safe,0.17144168099547136,0.0,0.0002849673688446979,0.11398694753787916,0.0
3,false_positive_0p0025,fabrid_macro_no_rate_minimization,0.2285384336580196,0.0,0.0008148529135670378,0.3259411654268151,0.0
3,false_positive_0p0025,common_rate_macro,0.37139244165220753,0.0,0.0020819070107553845,0.8327628043021538,0.0
3,false_positive_0p0025,pooled_shared,0.9998223706501406,0.999655324597153,0.003628831556674838,1.4515326226699352,0.0
3,false_positive_0p0025,eq_fpr_matched_macro,0.17144168099547136,0.0,0.0001708381745968093,0.06833526983872372,0.0
3,false_positive_0p0025,eq_fpr_matched_cvar,0.17144168099547136,0.0,0.0002849673688446979,0.11398694753787916,0.0
3,false_positive_0p005,eq_fpr,0.8569990338483908,0.0,0.008008040151082066,1.6016080302164133,0.0
3,false_positive_0p005,greedy,0.08571428571428572,0.0,4.076042651710308e-6,0.0008152085303420615,0.0
3,false_positive_0p005,fabrid_macro,0.17144168099547136,0.0,0.0002849673688446979,0.05699347376893958,0.0
3,false_positive_0p005,fabrid_cvar,0.2285373726565147,0.0,0.000696647676667439,0.1393295353334878,0.0
3,false_positive_0p005,fabrid_macro_finite_safe,0.17144168099547136,0.0,0.0002849673688446979,0.05699347376893958,0.0
3,false_positive_0p005,fabrid_cvar_finite_safe,0.228537035036533,0.0,0.0005947466103746813,0.11894932207493626,0.0
3,false_positive_0p005,fabrid_macro_no_rate_minimization,0.3142988238526142,0.0,0.01903717148114326,3.8074342962286516,0.0
3,false_positive_0p005,common_rate_macro,0.7141960030632015,0.0,0.007850652693682032,1.5701305387364062,0.0
3,false_positive_0p005,pooled_shared,0.9998630325518231,0.9996870589882437,0.0056705331860156406,1.134106637203128,0.0
3,false_positive_0p005,eq_fpr_matched_macro,0.17144168099547136,0.0,0.0002849673688446979,0.05699347376893958,0.0
3,false_positive_0p005,eq_fpr_matched_cvar,0.5142192386785509,0.0,0.002630513550145334,0.5261027100290667,0.0
3,false_positive_0p010,eq_fpr,0.9999197884476821,0.9997218307010435,0.015024925419323137,1.5024925419323136,0.0
3,false_positive_0p010,greedy,0.08571428571428572,0.0,4.076042651710308e-6,0.00040760426517103075,0.0
3,false_positive_0p010,fabrid_macro,0.22854412442708563,0.0,0.0011735446669175447,0.11735446669175448,0.0
3,false_positive_0p010,fabrid_cvar,0.5142384340891631,0.0,0.012032024733608754,1.2032024733608755,0.0
3,false_positive_0p010,fabrid_macro_finite_safe,0.228541954282516,0.0,0.001067567557973077,0.1067567557973077,0.0
3,false_positive_0p010,fabrid_cvar_finite_safe,0.514232016379504,0.0,0.010411464912686595,1.0411464912686594,0.0
3,false_positive_0p010,fabrid_macro_no_rate_minimization,0.45715596670975706,0.0,0.030082449807527577,3.0082449807527576,0.0
3,false_positive_0p010,common_rate_macro,0.999915828399762,0.9997218307010435,0.014299263523647363,1.4299263523647363,0.0
3,false_positive_0p010,pooled_shared,0.9998885748527655,0.9997512017522622,0.009220528441000037,0.9220528441000037,0.0
3,false_positive_0p010,eq_fpr_matched_macro,0.5713102771182914,0.0,0.0028746336509570345,0.28746336509570347,0.0
3,false_positive_0p010,eq_fpr_matched_cvar,0.8570509069708526,0.0,0.011234645820357634,1.1234645820357634,0.0
3,false_positive_0p020,eq_fpr,0.9999701000206865,0.9997907001448058,0.04012154369239609,2.006077184619804,0.0
3,false_positive_0p020,greedy,0.08571428571428572,0.0,4.076042651710308e-6,0.00020380213258551537,0.0
3,false_positive_0p020,fabrid_macro,0.22854412442708563,0.0,0.0011735446669175447,0.05867723334587724,0.0
3,false_positive_0p020,fabrid_cvar,0.5142580725213896,0.0,0.02752692768904364,1.376346384452182,0.0
3,false_positive_0p020,fabrid_macro_finite_safe,0.228541954282516,0.0,0.001067567557973077,0.05337837789865385,0.0
3,false_positive_0p020,fabrid_cvar_finite_safe,0.5142523945460293,0.0,0.016588455622246208,0.8294227811123104,0.0
3,false_positive_0p020,fabrid_macro_no_rate_minimization,0.45715596670975706,0.0,0.030082449807527577,1.5041224903763788,0.0
3,false_positive_0p020,common_rate_macro,0.9999701000206865,0.9997907001448058,0.03962730583035599,1.9813652915177993,0.0
3,false_positive_0p020,pooled_shared,0.999934909342605,0.9998128270528316,0.01768708275649976,0.884354137824988,0.0
3,false_positive_0p020,eq_fpr_matched_macro,0.5713102771182914,0.0,0.0028746336509570345,0.14373168254785174,0.0
3,false_positive_0p020,eq_fpr_matched_cvar,0.9998942917417667,0.9997019130093123,0.01220001821436056,0.610000910718028,0.0
4,false_positive_0p001,eq_fpr,0.3143050805393193,0.0,0.002031867876394834,2.031867876394834,0.0
4,false_positive_0p001,greedy,0.08571496095424912,0.0,4.076042651710308e-6,0.0040760426517103075,0.0
4,false_positive_0p001,fabrid_macro,0.31430474291933763,0.0,0.0019136626394952352,1.9136626394952352,0.0
4,false_positive_0p001,fabrid_cvar,0.3143050805393193,0.0,0.002031867876394834,2.031867876394834,0.0
4,false_positive_0p001,fabrid_macro_finite_safe,0.08573263910794567,0.0,0.00016676213194509898,0.16676213194509898,0.0
4,false_positive_0p001,fabrid_cvar_finite_safe,0.17144793768217648,0.0,0.0002890434114964082,0.28904341149640816,0.0
4,false_positive_0p001,fabrid_macro_no_rate_minimization,0.3713986983389126,0.0,0.0022927346061042938,2.2927346061042937,0.0
4,false_positive_0p001,common_rate_macro,0.3143050805393193,0.0,0.002031867876394834,2.031867876394834,0.0
4,false_positive_0p001,pooled_shared,0.8855970584252839,0.6000070900196157,0.002816845123923785,2.816845123923785,0.0
4,false_positive_0p001,eq_fpr_matched_macro,0.17144309339993574,0.0,0.00012823656756911283,0.12823656756911284,0.0
4,false_positive_0p001,eq_fpr_matched_cvar,0.17144793768217648,0.0,0.0002890434114964082,0.28904341149640816,0.0
4,false_positive_0p0025,eq_fpr,0.3713986983389126,0.0,0.002296810648756004,0.9187242595024016,0.0
4,false_positive_0p0025,greedy,0.08571496095424912,0.0,4.076042651710308e-6,0.001630417060684123,0.0
4,false_positive_0p0025,fabrid_macro,0.31430474291933763,0.0,0.0019136626394952352,0.7654650557980941,0.0
4,false_positive_0p0025,fabrid_cvar,0.37139377972199267,0.0,0.0021704533265529844,0.8681813306211937,0.0
4,false_positive_0p0025,fabrid_macro_finite_safe,0.08573263910794567,0.0,0.00016676213194509898,0.06670485277803959,0.0
4,false_positive_0p0025,fabrid_cvar_finite_safe,0.17144793768217648,0.0,0.0002890434114964082,0.11561736459856327,0.0
4,false_positive_0p0025,fabrid_macro_no_rate_minimization,0.5142410415629616,0.0,0.004166651138669434,1.6666604554677735,0.0
4,false_positive_0p0025,common_rate_macro,0.3713986983389126,0.0,0.002296810648756004,0.9187242595024016,0.0
4,false_positive_0p0025,pooled_shared,0.9998250174550579,0.9996600512768967,0.0036767804143732537,1.4707121657493014,0.0
4,false_positive_0p0025,eq_fpr_matched_macro,0.17144309339993574,0.0,0.00012823656756911283,0.05129462702764513,0.0
4,false_positive_0p0025,eq_fpr_matched_cvar,0.37139377972199267,0.0,0.0021704533265529844,0.8681813306211937,0.0
4,false_positive_0p005,eq_fpr,0.8569962823435084,0.0,0.007710803713028364,1.5421607426056727,0.0
4,false_positive_0p005,greedy,0.08571496095424912,0.0,4.076042651710308e-6,0.0008152085303420615,0.0
4,false_positive_0p005,fabrid_macro,0.37139377972199267,0.0,0.0021704533265529844,0.43409066531059687,0.0
4,false_positive_0p005,fabrid_cvar,0.5142391544122961,0.0,0.0035065693456660715,0.7013138691332143,0.0
4,false_positive_0p005,fabrid_macro_finite_safe,0.17144793768217648,0.0,0.0002890434114964082,0.057808682299281634,0.0
4,false_positive_0p005,fabrid_cvar_finite_safe,0.37134423798859434,0.0,0.0007090669853286767,0.14181339706573534,0.0
4,false_positive_0p005,fabrid_macro_no_rate_minimization,0.6570958698508554,0.0,0.013163687770091876,2.6327375540183753,0.0
4,false_positive_0p005,common_rate_macro,0.7141905510702121,0.0,0.007518247648850595,1.5036495297701191,0.0
4,false_positive_0p005,pooled_shared,0.9998562276163369,0.9996894223281156,0.005343869215360281,1.0687738430720561,0.0
4,false_positive_0p005,eq_fpr_matched_macro,0.37139377972199267,0.0,0.0021704533265529844,0.43409066531059687,0.0
4,false_positive_0p005,eq_fpr_matched_cvar,0.5713468233334488,0.0,0.004692482944846907,0.9384965889693814,0.0
4,false_positive_0p010,eq_fpr,0.9999161425165699,0.999739048061984,0.014329804363040937,1.4329804363040937,0.0
4,false_positive_0p010,greedy,0.08571496095424912,0.0,4.076042651710308e-6,0.00040760426517103075,0.0
4,false_positive_0p010,fabrid_macro,0.3714004345803809,0.0,0.002463928397476127,0.2463928397476127,0.0
4,false_positive_0p010,fabrid_cvar,0.657104502287574,0.0,0.011365190822611625,1.1365190822611626,0.0
4,false_positive_0p010,fabrid_macro_finite_safe,0.22854261648327467,0.0,0.0006477351648469153,0.06477351648469153,0.0
4,false_positive_0p010,fabrid_cvar_finite_safe,0.5142373063391429,0.0,0.007200124036309891,0.7200124036309891,0.0
4,false_positive_0p010,fabrid_macro_no_rate_minimization,0.6571222380205698,0.0,0.02374558810967899,2.374558810967899,0.0
4,false_positive_0p010,common_rate_macro,0.9999157991471198,0.999739048061984,0.01427160820585014,1.427160820585014,0.0
4,false_positive_0p010,pooled_shared,0.9998854075258663,0.9997609921026683,0.009272452290244615,0.9272452290244615,0.0
4,false_positive_0p010,eq_fpr_matched_macro,0.5142283820548272,0.0,0.0030120924785751583,0.30120924785751585,0.0
4,false_positive_0p010,eq_fpr_matched_cvar,0.8570369826471517,0.0,0.008660040175415796,0.8660040175415795,0.0
4,false_positive_0p020,eq_fpr,0.9999704816714116,0.9997957638154682,0.03955250961531205,1.9776254807656024,0.0
4,false_positive_0p020,greedy,0.08571496095424912,0.0,4.076042651710308e-6,0.00020380213258551537,0.0
4,false_positive_0p020,fabrid_macro,0.3714004345803809,0.0,0.002443548184217575,0.12217740921087875,0.0
4,false_positive_0p020,fabrid_cvar,0.6571002582815544,0.0,0.01392039371386451,0.6960196856932255,0.0
4,false_positive_0p020,fabrid_macro_finite_safe,0.22854261648327467,0.0,0.0006110507809815224,0.03055253904907612,0.0
4,false_positive_0p020,fabrid_cvar_finite_safe,0.5142341714761879,0.0,0.009336821909309368,0.46684109546546837,0.0
4,false_positive_0p020,fabrid_macro_no_rate_minimization,0.65711332167318,0.0,0.029547035321550143,1.477351766077507,0.0
4,false_positive_0p020,common_rate_macro,0.9999701383019615,0.9997957638154682,0.03693990417222648,1.846995208611324,0.0
4,false_positive_0p020,pooled_shared,0.9999413689426898,0.9998335728499772,0.018825749625803072,0.9412874812901536,0.0
4,false_positive_0p020,eq_fpr_matched_macro,0.37139903595889434,0.0,0.002317190862014556,0.1158595431007278,0.0
4,false_positive_0p020,eq_fpr_matched_cvar,0.8570404217114529,0.0,0.009367666398376823,0.46838331991884113,0.0
5,false_positive_0p001,eq_fpr,0.17144550425230437,0.0,0.0002890434114964082,0.28904341149640816,0.0
5,false_positive_0p001,greedy,0.0,0.0,0.0,0.0,0.0
5,false_positive_0p001,fabrid_macro,0.17144368142796287,0.0,0.00020928760926179564,0.20928760926179563,0.0
5,false_positive_0p001,fabrid_cvar,0.17144550425230437,0.0,0.0002890434114964082,0.28904341149640816,0.0
5,false_positive_0p001,fabrid_macro_finite_safe,0.08571770942659944,0.0,0.0001222812795513092,0.1222812795513092,0.0
5,false_positive_0p001,fabrid_cvar_finite_safe,0.17144550425230437,0.0,0.0002890434114964082,0.28904341149640816,0.0
5,false_positive_0p001,fabrid_macro_no_rate_minimization,0.17144550425230437,0.0,0.0002890434114964082,0.28904341149640816,0.0
5,false_positive_0p001,common_rate_macro,0.17144550425230437,0.0,0.0002890434114964082,0.28904341149640816,0.0
5,false_positive_0p001,pooled_shared,0.8855912185151433,0.6000239659861961,0.0029222976111105323,2.9222976111105323,0.0
5,false_positive_0p001,eq_fpr_matched_macro,0.17144396120613833,0.0,0.0002442069423275948,0.24420694232759482,0.0
5,false_positive_0p001,eq_fpr_matched_cvar,0.17144550425230437,0.0,0.0002890434114964082,0.28904341149640816,0.0
5,false_positive_0p0025,eq_fpr,0.37139317881670847,0.0,0.002356824665991632,0.9427298663966528,0.0
5,false_positive_0p0025,greedy,0.0,0.0,0.0,0.0,0.0
5,false_positive_0p0025,fabrid_macro,0.08572779482570492,0.0,0.00016676213194509898,0.06670485277803959,0.0
5,false_positive_0p0025,fabrid_cvar,0.2285345891965192,0.0,0.000378716349834035,0.151486539933614,0.0
5,false_positive_0p0025,fabrid_macro_finite_safe,0.08572779482570492,0.0,0.00016676213194509898,0.06670485277803959,0.0
5,false_positive_0p0025,fabrid_cvar_finite_safe,0.17144550425230437,0.0,0.0002890434114964082,0.11561736459856327,0.0
5,false_positive_0p0025,fabrid_macro_no_rate_minimization,0.3142902510982082,0.0,0.0031103071536574345,1.2441228614629738,0.0
5,false_positive_0p0025,common_rate_macro,0.37139317881670847,0.0,0.00232829236742966,0.9313169469718641,0.0
5,false_positive_0p0025,pooled_shared,0.9998159394983887,0.9996576879370249,0.0038249951286540803,1.529998051461632,0.0
5,false_positive_0p0025,eq_fpr_matched_macro,0.08572779482570492,0.0,0.00016676213194509898,0.06670485277803959,0.0
5,false_positive_0p0025,eq_fpr_matched_cvar,0.2285345891965192,0.0,0.000378716349834035,0.151486539933614,0.0
5,false_positive_0p005,eq_fpr,0.8569948641895758,0.0,0.007987511894768169,1.5975023789536336,0.0
5,false_positive_0p005,greedy,0.0,0.0,0.0,0.0,0.0
5,false_positive_0p005,fabrid_macro,0.17144550425230437,0.0,0.0002890434114964082,0.057808682299281634,0.0
5,false_positive_0p005,fabrid_cvar,0.3713963136796634,0.0,0.004943612800986281,0.9887225601972561,0.0
5,false_positive_0p005,fabrid_macro_finite_safe,0.17144550425230437,0.0,0.0002890434114964082,0.057808682299281634,0.0
5,false_positive_0p005,fabrid_cvar_finite_safe,0.37136748671368924,0.0,0.0017858192847166466,0.3571638569433293,0.0
5,false_positive_0p005,fabrid_macro_no_rate_minimization,0.45715978996659007,0.0,0.022912708778049386,4.582541755609877,0.0
5,false_positive_0p005,common_rate_macro,0.8569948641895758,0.0,0.007987511894768169,1.5975023789536336,0.0
5,false_positive_0p005,pooled_shared,0.9998522315424879,0.9996870589882437,0.005246374732699162,1.0492749465398323,0.0
5,false_positive_0p005,eq_fpr_matched_macro,0.17144550425230437,0.0,0.0002890434114964082,0.057808682299281634,0.0
5,false_positive_0p005,eq_fpr_matched_cvar,0.571310312775828,0.0,0.0035370405815475367,0.7074081163095073,0.0
5,false_positive_0p010,eq_fpr,0.9999119722030455,0.9997194673611716,0.01530641232120841,1.5306412321208411,0.0
5,false_positive_0p010,greedy,0.0,0.0,0.0,0.0,0.0
5,false_positive_0p010,fabrid_macro,0.22854056944400716,0.0,0.0009412102357700574,0.09412102357700573,0.0
5,false_positive_0p010,fabrid_cvar,0.5142588096858905,0.0,0.022181231272199772,2.218123127219977,0.0
5,false_positive_0p010,fabrid_macro_finite_safe,0.22854023182402544,0.0,0.000884145638646113,0.0884145638646113,0.0
5,false_positive_0p010,fabrid_cvar_finite_safe,0.5142476801528734,0.0,0.009410947672540618,0.9410947672540618,0.0
5,false_positive_0p010,fabrid_macro_no_rate_minimization,0.6571049929825651,0.0,0.026732923404974098,2.67329234049741,0.0
5,false_positive_0p010,common_rate_macro,0.9999119722030455,0.9997194673611716,0.01530641232120841,1.5306412321208411,0.0
5,false_positive_0p010,pooled_shared,0.9998824080517431,0.9997512017522622,0.009449012558910744,0.9449012558910743,0.0
5,false_positive_0p010,eq_fpr_matched_macro,0.5142210417686306,0.0,0.0033079638967463366,0.33079638967463365,0.0
5,false_positive_0p010,eq_fpr_matched_cvar,0.8570340767103471,0.0,0.009754861818155384,0.9754861818155384,0.0
5,false_positive_0p020,eq_fpr,0.9999701445371271,0.9997934004755962,0.03807108103829579,1.9035540519147895,0.0
5,false_positive_0p020,greedy,0.0,0.0,0.0,0.0,0.0
5,false_positive_0p020,fabrid_macro,0.22854235382703525,0.0,0.0009982748328940018,0.04991374164470009,0.0
5,false_positive_0p020,fabrid_cvar,0.514243589577023,0.0,0.012885144722713847,0.6442572361356923,0.0
5,false_positive_0p020,fabrid_macro_finite_safe,0.22854056944400716,0.0,0.0009289821078149265,0.04644910539074633,0.0
5,false_positive_0p020,fabrid_cvar_finite_safe,0.514239360144244,0.0,0.010547746273353054,0.5273873136676527,0.0
5,false_positive_0p020,fabrid_macro_no_rate_minimization,0.6000045813554417,0.0,0.02908938908737044,1.454469454368522,0.0
5,false_positive_0p020,common_rate_macro,0.9999661105168564,0.9997907001448058,0.03648185371805786,1.8240926859028928,0.0
5,false_positive_0p020,pooled_shared,0.9999399668402872,0.9998281214703691,0.017840960693730104,0.8920480346865052,0.0
5,false_positive_0p020,eq_fpr_matched_macro,0.5142210417686306,0.0,0.0033079638967463366,0.16539819483731683,0.0
5,false_positive_0p020,eq_fpr_matched_cvar,0.8570454021066959,0.0,0.011838938620947858,0.5919469310473928,0.0
6,false_positive_0p001,eq_fpr,0.1714423598605541,0.0,0.00028089132619298757,0.28089132619298757,0.0
6,false_positive_0p001,greedy,0.08571428571428572,0.0,4.076042651710308e-6,0.0040760426517103075,0.0
6,false_positive_0p001,fabrid_macro,0.1714423598605541,0.0,0.00026639027124123984,0.2663902712412398,0.0
6,false_positive_0p001,fabrid_cvar,0.17144202224057237,0.0,0.0001708381745968093,0.17083817459680928,0.0
6,false_positive_0p001,fabrid_macro_finite_safe,0.08571462333426741,0.0,0.0001141291942478886,0.1141291942478886,0.0
6,false_positive_0p001,fabrid_cvar_finite_safe,0.08572773652628667,0.0,0.00016676213194509898,0.16676213194509898,0.0
6,false_positive_0p001,fabrid_macro_no_rate_minimization,0.1714423598605541,0.0,0.00028089132619298757,0.28089132619298757,0.0
6,false_positive_0p001,common_rate_macro,0.1714423598605541,0.0,0.00028089132619298757,0.28089132619298757,0.0
6,false_positive_0p001,pooled_shared,0.8855741557271682,0.6000023633398719,0.0026746264868529267,2.674626486852927,0.0
6,false_positive_0p001,eq_fpr_matched_macro,0.17144202224057237,0.0,0.00022790277172075359,0.22790277172075357,0.0
6,false_positive_0p001,eq_fpr_matched_cvar,0.17144202224057237,0.0,0.00018079337555532341,0.1807933755553234,0.0
6,false_positive_0p0025,eq_fpr,0.37139278289730854,0.0,0.0022723543928457423,0.908941757138297,0.0
6,false_positive_0p0025,greedy,0.08571428571428572,0.0,4.076042651710308e-6,0.001630417060684123,0.0
6,false_positive_0p0025,fabrid_macro,0.17144202224057237,0.0,0.0001708381745968093,0.06833526983872372,0.0
6,false_positive_0p0025,fabrid_cvar,0.3713649108015721,0.0,0.0008222306968613522,0.3288922787445409,0.0
6,false_positive_0p0025,fabrid_macro_finite_safe,0.08572773652628667,0.0,0.00016676213194509898,0.06670485277803959,0.0
6,false_positive_0p0025,fabrid_cvar_finite_safe,0.2285356400401657,0.0,0.0005173017999921854,0.20692071999687417,0.0
6,false_positive_0p0025,fabrid_macro_no_rate_minimization,0.3142991650977152,0.0,0.006351805185056907,2.5407220740227627,0.0
6,false_positive_0p0025,common_rate_macro,0.37139278289730854,0.0,0.0022723543928457423,0.908941757138297,0.0
6,false_positive_0p0025,pooled_shared,0.999818627461929,0.999655324597153,0.003934046137977688,1.5736184551910752,0.0
6,false_positive_0p0025,eq_fpr_matched_macro,0.17144202224057237,0.0,0.00018079337555532341,0.07231735022212936,0.0
6,false_positive_0p0025,eq_fpr_matched_cvar,0.5142213302771916,0.0,0.002536522863197806,1.0146091452791224,0.0
6,false_positive_0p005,eq_fpr,0.856994520515989,0.0,0.00863219042424367,1.7264380848487337,0.0
6,false_positive_0p005,greedy,0.08571428571428572,0.0,4.076042651710308e-6,0.0008152085303420615,0.0
6,false_positive_0p005,fabrid_macro,0.37139278289730854,0.0,0.002800958437598692,0.5601916875197385,0.0
6,false_positive_0p005,fabrid_cvar,0.37139977600474156,0.0,0.005541463695914941,1.1082927391829882,0.0
6,false_positive_0p005,fabrid_macro_finite_safe,0.22853486851708268,0.0,0.000419476776351138,0.0838953552702276,0.0
6,false_positive_0p005,fabrid_cvar_finite_safe,0.2285405111445889,0.0,0.000884145638646113,0.1768291277292226,0.0
6,false_positive_0p005,fabrid_macro_no_rate_minimization,0.45715664557483976,0.0,0.023318271696855908,4.663654339371181,0.0
6,false_positive_0p005,common_rate_macro,0.7141879950259311,0.0,0.008430441779956074,1.6860883559912148,0.0
6,false_positive_0p005,pooled_shared,0.9998538910252434,0.9996870589882437,0.005213507657217981,1.0427015314435961,0.0
6,false_positive_0p005,eq_fpr_matched_macro,0.5142213302771916,0.0,0.002536522863197806,0.5073045726395612,0.0
6,false_positive_0p005,eq_fpr_matched_cvar,0.5713153426874932,0.0,0.0028554211657648623,0.5710842331529724,0.0
6,false_positive_0p010,eq_fpr,0.9999205103919332,0.9997292577115777,0.015084935300013985,1.5084935300013984,0.0
6,false_positive_0p010,greedy,0.08571428571428572,0.0,4.076042651710308e-6,0.00040760426517103075,0.0
6,false_positive_0p010,fabrid_macro,0.3713705052875185,0.0,0.0012257589193806727,0.12257589193806727,0.0
6,false_positive_0p010,fabrid_cvar,0.5142444049389184,0.0,0.007749409233258353,0.7749409233258353,0.0
6,false_positive_0p010,fabrid_macro_finite_safe,0.2285405111445889,0.0,0.000884145638646113,0.0884145638646113,0.0
6,false_positive_0p010,fabrid_cvar_finite_safe,0.37138204107595607,0.0,0.0019574524970769384,0.19574524970769383,0.0
6,false_positive_0p010,fabrid_macro_no_rate_minimization,0.45715664557483976,0.0,0.02909692724509671,2.9096927245096706,0.0
6,false_positive_0p010,common_rate_macro,0.9999174159203618,0.9997292577115777,0.014246644112790051,1.424664411279005,0.0
6,false_positive_0p010,pooled_shared,0.9998866276381623,0.9997488384123903,0.008962540602445215,0.8962540602445215,0.0
6,false_positive_0p010,eq_fpr_matched_macro,0.571313919407671,0.0,0.0028101148852545253,0.28101148852545255,0.0
6,false_positive_0p010,eq_fpr_matched_cvar,0.7141887358155514,0.0,0.008449920435387078,0.8449920435387078,0.0
6,false_positive_0p020,eq_fpr,0.999970485782228,0.9997934004755962,0.03999729378985817,1.9998646894929084,0.0
6,false_positive_0p020,greedy,0.08571428571428572,0.0,4.076042651710308e-6,0.00020380213258551537,0.0
6,false_positive_0p020,fabrid_macro,0.3713705052875185,0.0,0.0012257589193806727,0.061287945969033635,0.0
6,false_positive_0p020,fabrid_cvar,0.5142444049389184,0.0,0.007968851849014334,0.39844259245071667,0.0
6,false_positive_0p020,fabrid_macro_finite_safe,0.2285405111445889,0.0,0.000884145638646113,0.04420728193230565,0.0
6,false_positive_0p020,fabrid_cvar_finite_safe,0.5142107009789318,0.0,0.002237100318332712,0.11185501591663559,0.0
6,false_positive_0p020,fabrid_macro_no_rate_minimization,0.45715664557483976,0.0,0.02909692724509671,1.4548463622548353,0.0
6,false_positive_0p020,common_rate_macro,0.999970485782228,0.9997934004755962,0.039547560719626104,1.9773780359813051,0.0
6,false_positive_0p020,pooled_shared,0.9999402650913339,0.9998335728499772,0.017363911299897603,0.8681955649948802,0.0
6,false_positive_0p020,eq_fpr_matched_macro,0.571313919407671,0.0,0.0028101148852545253,0.14050574426272627,0.0
6,false_positive_0p020,eq_fpr_matched_cvar,0.7141887358155514,0.0,0.008449920435387078,0.4224960217693539,0.0
7,false_positive_0p001,eq_fpr,0.17144358876996257,0.0,0.0002849673688446979,0.2849673688446979,0.0
7,false_positive_0p001,greedy,0.0,0.0,0.0,0.0,0.0
7,false_positive_0p001,fabrid_macro,0.17144358876996257,0.0,0.0002849673688446979,0.2849673688446979,0.0
7,false_positive_0p001,fabrid_cvar,0.08572631324646442,0.0,0.00016676213194509898,0.16676213194509898,0.0
7,false_positive_0p001,fabrid_macro_finite_safe,0.17144320300842106,0.0,0.00026866319823785667,0.26866319823785667,0.0
7,false_positive_0p001,fabrid_cvar_finite_safe,0.08572631324646442,0.0,0.00016676213194509898,0.16676213194509898,0.0
7,false_positive_0p001,fabrid_macro_no_rate_minimization,0.17144358876996257,0.0,0.0002849673688446979,0.2849673688446979,0.0
7,false_positive_0p001,common_rate_macro,0.17144358876996257,0.0,0.0002849673688446979,0.2849673688446979,0.0
7,false_positive_0p001,pooled_shared,0.8855725578872867,0.600020928664487,0.0027003685103465193,2.7003685103465194,0.0
7,false_positive_0p001,eq_fpr_matched_macro,0.17144358876996257,0.0,0.0002849673688446979,0.2849673688446979,0.0
7,false_positive_0p001,eq_fpr_matched_cvar,0.0,0.0,0.0,0.0,0.0
7,false_positive_0p0025,eq_fpr,0.3713912633343667,0.0,0.0021119140193731983,0.8447656077492793,0.0
7,false_positive_0p0025,greedy,0.0,0.0,0.0,0.0,0.0
7,false_positive_0p0025,fabrid_macro,0.08572631324646442,0.0,0.00016676213194509898,0.06670485277803959,0.0
7,false_positive_0p0025,fabrid_cvar,0.17144358876996257,0.0,0.0002849673688446979,0.11398694753787916,0.0
7,false_positive_0p0025,fabrid_macro_finite_safe,0.08572631324646442,0.0,0.00016676213194509898,0.06670485277803959,0.0
7,false_positive_0p0025,fabrid_cvar_finite_safe,0.17144320300842106,0.0,0.00026866319823785667,0.10746527929514267,0.0
7,false_positive_0p0025,fabrid_macro_no_rate_minimization,0.22856348005139906,0.0,0.0027426985921790797,1.097079436871632,0.0
7,false_positive_0p0025,common_rate_macro,0.3713912633343667,0.0,0.0021119140193731983,0.8447656077492793,0.0
7,false_positive_0p0025,pooled_shared,0.999805195657174,0.9996600512768967,0.00374848614999553,1.4993944599982119,0.0
7,false_positive_0p0025,eq_fpr_matched_macro,0.0,0.0,0.0,0.0,0.0
7,false_positive_0p0025,eq_fpr_matched_cvar,0.17144358876996257,0.0,0.0002849673688446979,0.11398694753787916,0.0
7,false_positive_0p005,eq_fpr,0.856995347177546,0.0,0.007364668251258305,1.472933650251661,0.0
7,false_positive_0p005,greedy,0.0,0.0,0.0,0.0,0.0
7,false_positive_0p005,fabrid_macro,0.17144358876996257,0.0,0.0002849673688446979,0.05699347376893958,0.0
7,false_positive_0p005,fabrid_cvar,0.2285352296202885,0.0,0.0005499101412058679,0.10998202824117358,0.0
7,false_positive_0p005,fabrid_macro_finite_safe,0.17144320300842106,0.0,0.00026866319823785667,0.053732639647571336,0.0
7,false_positive_0p005,fabrid_cvar_finite_safe,0.2285348920003068,0.0,0.0005091497146887647,0.10182994293775295,0.0
7,false_positive_0p005,fabrid_macro_no_rate_minimization,0.22857094218064136,0.0,0.004751315712956767,0.9502631425913535,0.0
7,false_positive_0p005,common_rate_macro,0.7141876777719082,0.0,0.00727012367716566,1.454024735433132,0.0
7,false_positive_0p005,pooled_shared,0.9998436020716506,0.9996870589882437,0.005753522281955708,1.1507044563911417,0.0
7,false_positive_0p005,eq_fpr_matched_macro,0.17144358876996257,0.0,0.0002849673688446979,0.05699347376893958,0.0
7,false_positive_0p005,eq_fpr_matched_cvar,0.3713912633343667,0.0,0.0021119140193731983,0.42238280387463967,0.0
7,false_positive_0p010,eq_fpr,0.9999077519573171,0.9997241940409154,0.014426669567428172,1.4426669567428172,0.0
7,false_positive_0p010,greedy,0.0,0.0,0.0,0.0,0.0
7,false_positive_0p010,fabrid_macro,0.22854193324929964,0.0,0.0010308831741076842,0.10308831741076842,0.0
7,false_positive_0p010,fabrid_cvar,0.5142333975268442,0.0,0.013034368182827188,1.3034368182827187,0.0
7,false_positive_0p010,fabrid_macro_finite_safe,0.22854010072471173,0.0,0.0009330581504666368,0.09330581504666369,0.0
7,false_positive_0p010,fabrid_cvar_finite_safe,0.5142244699313961,0.0,0.011169195285108383,1.1169195285108382,0.0
7,false_positive_0p010,fabrid_macro_no_rate_minimization,0.5142468880451342,0.0,0.016563996203589917,1.6563996203589917,0.0
7,false_positive_0p010,common_rate_macro,0.9999077519573171,0.9997241940409154,0.014426669567428172,1.4426669567428172,0.0
7,false_positive_0p010,pooled_shared,0.9998789605798402,0.9997512017522622,0.010241223118538896,1.0241223118538896,0.0
7,false_positive_0p010,eq_fpr_matched_macro,0.5713062147028599,0.0,0.0030124482372250153,0.3012448237225015,0.0
7,false_positive_0p010,eq_fpr_matched_cvar,0.8570332959886624,0.0,0.01015671178072889,1.015671178072889,0.0
7,false_positive_0p020,eq_fpr,0.9999704376406682,0.9997930634846777,0.04007788427730973,2.0038942138654865,0.0
7,false_positive_0p020,greedy,0.0,0.0,0.0,0.0,0.0
7,false_positive_0p020,fabrid_macro,0.22854154748775815,0.0,0.0010064269181974223,0.05032134590987111,0.0
7,false_positive_0p020,fabrid_cvar,0.5142344883084523,0.0,0.013218363644272473,0.6609181822136236,0.0
7,false_positive_0p020,fabrid_macro_finite_safe,0.22853908786476665,0.0,0.0008882216812978233,0.044411084064891165,0.0
7,false_positive_0p020,fabrid_cvar_finite_safe,0.5142313035244026,0.0,0.01227204143879812,0.613602071939906,0.0
7,false_positive_0p020,fabrid_macro_no_rate_minimization,0.45715787448424827,0.0,0.028967787935734273,1.4483893967867136,0.0
7,false_positive_0p020,common_rate_macro,0.9999704376406682,0.9997930634846777,0.039615673028179,1.9807836514089499,0.0
7,false_positive_0p020,pooled_shared,0.9999304834051387,0.9997898854265251,0.018778921491589665,0.9389460745794832,0.0
7,false_positive_0p020,eq_fpr_matched_macro,0.5713062147028599,0.0,0.0030124482372250153,0.15062241186125075,0.0
7,false_positive_0p020,eq_fpr_matched_cvar,0.8570396480159909,0.0,0.010921982352456484,0.5460991176228243,0.0
8,false_positive_0p001,eq_fpr,0.3143017793032446,0.0,0.0015766831047392227,1.5766831047392227,0.0
8,false_positive_0p001,greedy,0.08571428571428572,0.0,4.076042651710308e-6,0.0040760426517103075,0.0
8,false_positive_0p001,fabrid_macro,0.31429922339713345,0.0,0.0014707059957947547,1.4707059957947546,0.0
8,false_positive_0p001,fabrid_cvar,0.3143017793032446,0.0,0.0015766831047392227,1.5766831047392227,0.0
8,false_positive_0p001,fabrid_macro_finite_safe,0.08572779482570492,0.0,0.00015951160446922512,0.1595116044692251,0.0
8,false_positive_0p001,fabrid_cvar_finite_safe,0.17144463644610175,0.0,0.0002695647560654034,0.26956475606540337,0.0
8,false_positive_0p001,fabrid_macro_no_rate_minimization,0.31429922339713345,0.0,0.0014707059957947547,1.4707059957947546,0.0
8,false_positive_0p001,common_rate_macro,0.3143017793032446,0.0,0.0015766831047392227,1.5766831047392227,0.0
8,false_positive_0p001,pooled_shared,0.8855922868907873,0.6000178913427778,0.0026377531605150228,2.6377531605150226,0.0
8,false_positive_0p001,eq_fpr_matched_macro,0.17144345159552174,0.0,0.00017624752156208978,0.17624752156208978,0.0
8,false_positive_0p001,eq_fpr_matched_cvar,0.17144463644610175,0.0,0.0002695647560654034,0.26956475606540337,0.0
8,false_positive_0p0025,eq_fpr,0.3713945774381951,0.0,0.0018823863036174957,0.7529545214469983,0.0
8,false_positive_0p0025,greedy,0.08571428571428572,0.0,4.076042651710308e-6,0.001630417060684123,0.0
8,false_positive_0p0025,fabrid_macro,0.31429922339713345,0.0,0.0014707059957947547,0.5882823983179019,0.0
8,false_positive_0p0025,fabrid_cvar,0.3713945774381951,0.0,0.0019679831993034123,0.7871932797213649,0.0
8,false_positive_0p0025,fabrid_macro_finite_safe,0.08572779482570492,0.0,0.00015951160446922512,0.06380464178769005,0.0
8,false_positive_0p0025,fabrid_cvar_finite_safe,0.22853671119952898,0.0,0.0005467356563817043,0.21869426255268173,0.0
8,false_positive_0p0025,fabrid_macro_no_rate_minimization,0.45715892216038745,0.0,0.007538207499443341,3.015282999777336,0.0
8,false_positive_0p0025,common_rate_macro,0.3713945774381951,0.0,0.0018823863036174957,0.7529545214469983,0.0
8,false_positive_0p0025,pooled_shared,0.9998136285268097,0.9996576879370249,0.0035964410064876777,1.4385764025950711,0.0
8,false_positive_0p0025,eq_fpr_matched_macro,0.17144345159552174,0.0,0.00017624752156208978,0.07049900862483591,0.0
8,false_positive_0p0025,eq_fpr_matched_cvar,0.3713945774381951,0.0,0.0018905383889209165,0.7562153555683666,0.0
8,false_positive_0p005,eq_fpr,0.8570055654106318,0.0,0.00926764961197551,1.8535299223951018,0.0
8,false_positive_0p005,greedy,0.08571428571428572,0.0,4.076042651710308e-6,0.0008152085303420615,0.0
8,false_positive_0p005,fabrid_macro,0.3143017793032446,0.0,0.0015766831047392227,0.31533662094784454,0.0
8,false_positive_0p005,fabrid_cvar,0.5142548551582928,0.0,0.008174070153110148,1.6348140306220296,0.0
8,false_positive_0p005,fabrid_macro_finite_safe,0.17144463644610175,0.0,0.0002695647560654034,0.05391295121308068,0.0
8,false_positive_0p005,fabrid_cvar_finite_safe,0.3713966512996451,0.0,0.006131179146785894,1.2262358293571787,0.0
8,false_positive_0p005,fabrid_macro_no_rate_minimization,0.600000565302714,0.0,0.010374804196724808,2.0749608393449614,0.0
8,false_positive_0p005,common_rate_macro,0.7141996803664998,0.0,0.008939249078187614,1.7878498156375229,0.0
8,false_positive_0p005,pooled_shared,0.9998563589049569,0.9996870589882437,0.00518777059864837,1.037554119729674,0.0
8,false_positive_0p005,eq_fpr_matched_macro,0.17144463644610175,0.0,0.0002695647560654034,0.05391295121308068,0.0
8,false_positive_0p005,eq_fpr_matched_cvar,0.5713413341686742,0.0,0.004163149174010587,0.8326298348021174,0.0
8,false_positive_0p010,eq_fpr,0.9999195549211459,0.9997292577115777,0.015933986143117154,1.5933986143117154,0.0
8,false_positive_0p010,greedy,0.08571428571428572,0.0,4.076042651710308e-6,0.00040760426517103075,0.0
8,false_positive_0p010,fabrid_macro,0.37140166682874776,0.0,0.0024489562322052285,0.24489562322052286,0.0
8,false_positive_0p010,fabrid_cvar,0.6571007904481988,0.0,0.011279685665404495,1.1279685665404495,0.0
8,false_positive_0p010,fabrid_macro_finite_safe,0.22854235382703525,0.0,0.001031784731935231,0.1031784731935231,0.0
8,false_positive_0p010,fabrid_cvar_finite_safe,0.5142376340043949,0.0,0.008163487800649415,0.8163487800649415,0.0
8,false_positive_0p010,fabrid_macro_no_rate_minimization,0.6000160650175302,0.0,0.03050834819057272,3.050834819057272,0.0
8,false_positive_0p010,common_rate_macro,0.9999185248127956,0.9997292577115777,0.015880767586405616,1.5880767586405615,0.0
8,false_positive_0p010,pooled_shared,0.9998889538654431,0.9997535650921341,0.008945905096416074,0.8945905096416074,0.0
8,false_positive_0p010,eq_fpr_matched_macro,0.5713135375809596,0.0,0.002738094764105394,0.2738094764105394,0.0
8,false_positive_0p010,eq_fpr_matched_cvar,0.8570055654106318,0.0,0.00926764961197551,0.9267649611975509,0.0
8,false_positive_0p020,eq_fpr,0.999970485782228,0.9997934004755962,0.0407882686170909,2.039413430854545,0.0
8,false_positive_0p020,greedy,0.08571428571428572,0.0,4.076042651710308e-6,0.00020380213258551537,0.0
8,false_positive_0p020,fabrid_macro,0.37140166682874776,0.0,0.0024489562322052285,0.12244781161026143,0.0
8,false_positive_0p020,fabrid_cvar,0.6571007904481988,0.0,0.011279685665404495,0.5639842832702248,0.0
8,false_positive_0p020,fabrid_macro_finite_safe,0.22854235382703525,0.0,0.001031784731935231,0.05158923659676155,0.0
8,false_positive_0p020,fabrid_cvar_finite_safe,0.5142376340043949,0.0,0.008163487800649415,0.40817439003247075,0.0
8,false_positive_0p020,fabrid_macro_no_rate_minimization,0.6000160650175302,0.0,0.03050834819057272,1.525417409528636,0.0
8,false_positive_0p020,common_rate_macro,0.999970485782228,0.9997934004755962,0.03952327756535552,1.976163878267776,0.0
8,false_positive_0p020,pooled_shared,0.999933627874163,0.9998127056390974,0.018815966688255335,0.9407983344127667,0.0
8,false_positive_0p020,eq_fpr_matched_macro,0.5713135375809596,0.0,0.002738094764105394,0.1369047382052697,0.0
8,false_positive_0p020,eq_fpr_matched_cvar,0.8570055654106318,0.0,0.00926764961197551,0.46338248059877546,0.0
9,false_positive_0p001,eq_fpr,0.31429984758791724,0.0,0.0018716525676347703,1.8716525676347702,0.0
9,false_positive_0p001,greedy,0.08571428571428572,0.0,0.00002038021325855154,0.02038021325855154,0.0
9,false_positive_0p001,fabrid_macro,0.31429984758791724,0.0,0.0017738275439937229,1.7738275439937228,0.0
9,false_positive_0p001,fabrid_cvar,0.31429984758791724,0.0,0.0017738275439937229,1.7738275439937228,0.0
9,false_positive_0p001,fabrid_macro_finite_safe,0.08572841901648867,0.0,0.00017401265942097285,0.17401265942097285,0.0
9,false_positive_0p001,fabrid_cvar_finite_safe,0.08572841901648867,0.0,0.00017401265942097285,0.17401265942097285,0.0
9,false_positive_0p001,fabrid_macro_no_rate_minimization,0.31429984758791724,0.0,0.0018716525676347703,1.8716525676347702,0.0
9,false_positive_0p001,common_rate_macro,0.31429984758791724,0.0,0.0018716525676347703,1.8716525676347702,0.0
9,false_positive_0p001,pooled_shared,0.8855804276584484,0.6,0.002809295039402671,2.809295039402671,0.0
9,false_positive_0p001,eq_fpr_matched_macro,0.17144094020585113,0.0,0.0001608449087827953,0.16084490878279528,0.0
9,false_positive_0p001,eq_fpr_matched_cvar,0.17144094020585113,0.0,0.0001608449087827953,0.16084490878279528,0.0
9,false_positive_0p0025,eq_fpr,0.3713944782474556,0.0,0.002156975553254492,0.8627902213017967,0.0
9,false_positive_0p0025,greedy,0.08571428571428572,0.0,0.00002038021325855154,0.008152085303420615,0.0
9,false_positive_0p0025,fabrid_macro,0.31429984758791724,0.0,0.0017738275439937229,0.7095310175974892,0.0
9,false_positive_0p0025,fabrid_cvar,0.31429984758791724,0.0,0.0018716525676347703,0.7486610270539081,0.0
9,false_positive_0p0025,fabrid_macro_finite_safe,0.08572841901648867,0.0,0.00017401265942097285,0.06960506376838914,0.0
9,false_positive_0p0025,fabrid_cvar_finite_safe,0.17144270473077436,0.0,0.0002922178963205718,0.11688715852822872,0.0
9,false_positive_0p0025,fabrid_macro_no_rate_minimization,0.3714018571164302,0.0,0.002625720458201177,1.0502881832804707,0.0
9,false_positive_0p0025,common_rate_macro,0.3713944782474556,0.0,0.002156975553254492,0.8627902213017967,0.0
9,false_positive_0p0025,pooled_shared,0.9998073895064242,0.999630347638201,0.003850683438415704,1.5402733753662816,0.0
9,false_positive_0p0025,eq_fpr_matched_macro,0.17144094020585113,0.0,0.0001608449087827953,0.06433796351311812,0.0
9,false_positive_0p0025,eq_fpr_matched_cvar,0.17144270473077436,0.0,0.0002922178963205718,0.11688715852822872,0.0
9,false_positive_0p005,eq_fpr,0.8569955755864651,0.0,0.008229124261421401,1.6458248522842802,0.0
9,false_positive_0p005,greedy,0.08571428571428572,0.0,0.00002038021325855154,0.0040760426517103075,0.0
9,false_positive_0p005,fabrid_macro,0.31429984758791724,0.0,0.0018716525676347703,0.37433051352695407,0.0
9,false_positive_0p005,fabrid_cvar,0.37139867411191546,0.0,0.0024626787521327648,0.49253575042655295,0.0
9,false_positive_0p005,fabrid_macro_finite_safe,0.17144270473077436,0.0,0.0002922178963205718,0.05844357926411436,0.0
9,false_positive_0p005,fabrid_cvar_finite_safe,0.22854080787324937,0.0,0.0008221034410429117,0.16442068820858236,0.0
9,false_positive_0p005,fabrid_macro_no_rate_minimization,0.45713626794488926,0.0,0.002638300323656788,0.5276600647313576,0.0
9,false_positive_0p005,common_rate_macro,0.7141908251270044,0.0,0.007958423573280306,1.591684714656061,0.0
9,false_positive_0p005,pooled_shared,0.9998517546366449,0.9996917856679876,0.00547134383375748,1.0942687667514959,0.0
9,false_positive_0p005,eq_fpr_matched_macro,0.17144270473077436,0.0,0.0002922178963205718,0.05844357926411436,0.0
9,false_positive_0p005,eq_fpr_matched_cvar,0.5142252148080537,0.0,0.0034330920504187265,0.6866184100837452,0.0
9,false_positive_0p010,eq_fpr,0.9999169890542458,0.9997366847221121,0.014457020439682593,1.4457020439682593,0.0
9,false_positive_0p010,greedy,0.08571428571428572,0.0,0.00002038021325855154,0.0020380213258551537,0.0
9,false_positive_0p010,fabrid_macro,0.3714036414994583,0.0,0.0027113173538870937,0.2711317353887094,0.0
9,false_positive_0p010,fabrid_cvar,0.6571023697182561,0.0,0.013741977163920022,1.3741977163920023,0.0
9,false_positive_0p010,fabrid_macro_finite_safe,0.2285443284977458,0.0,0.0010136774456732962,0.10136774456732961,0.0
9,false_positive_0p010,fabrid_cvar_finite_safe,0.5142378917118606,0.0,0.010740898678397823,1.0740898678397823,0.0
9,false_positive_0p010,fabrid_macro_no_rate_minimization,0.600014133302203,0.0,0.031043863691325495,3.1043863691325493,0.0
9,false_positive_0p010,common_rate_macro,0.9999169890542458,0.9997366847221121,0.014421072176463415,1.4421072176463414,0.0
9,false_positive_0p010,pooled_shared,0.9998845351756144,0.9997512017522622,0.008693159124966808,0.8693159124966808,0.0
9,false_positive_0p010,eq_fpr_matched_macro,0.5142252148080537,0.0,0.0042037298391152085,0.42037298391152084,0.0
9,false_positive_0p010,eq_fpr_matched_cvar,0.8570515450094666,0.0,0.010855355804855634,1.0855355804855633,0.0
9,false_positive_0p020,eq_fpr,0.9999701409120078,0.9997957638154682,0.03994434790473953,1.9972173952369765,0.0
9,false_positive_0p020,greedy,0.08571428571428572,0.0,0.00002038021325855154,0.0010190106629275769,0.0
9,false_positive_0p020,fabrid_macro,0.3714043648809815,0.0,0.0027724579936627483,0.1386228996831374,0.0
9,false_positive_0p020,fabrid_cvar,0.6571096585054838,0.0,0.018602523937099616,0.9301261968549808,0.0
9,false_positive_0p020,fabrid_macro_finite_safe,0.22854649864231544,0.0,0.0011237305972694744,0.05618652986347372,0.0
9,false_positive_0p020,fabrid_cvar_finite_safe,0.5142437453838348,0.0,0.011967535088033051,0.5983767544016525,0.0
9,false_positive_0p020,fabrid_macro_no_rate_minimization,0.600014133302203,0.0,0.031043863691325495,1.5521931845662746,0.0
9,false_positive_0p020,common_rate_macro,0.9999701409120078,0.9997957638154682,0.03994434790473953,1.9972173952369765,0.0
9,false_positive_0p020,pooled_shared,0.999932514799068,0.9998077289136523,0.016672821111102742,0.8336410555551371,0.0
9,false_positive_0p020,eq_fpr_matched_macro,0.5142252148080537,0.0,0.0042037298391152085,0.21018649195576042,0.0
9,false_positive_0p020,eq_fpr_matched_cvar,0.8570515450094666,0.0,0.010855355804855634,0.5427677902427817,0.0
